{
"type": "FeatureCollection",
"name": "cables",
"crs": { "type": "name", "properties": { "name": "urn:ogc:def:crs:EPSG::27700" } },
"features": [
{ "type": "Feature", "properties": { "max_voltage": 132000.0, "len": 3499.9826624383013, "id": 1 }, "geometry": { "type": "LineString", "coordinates": [ [ 193609.331485514907399, 202301.968708424887154 ], [ 192351.153251448355149, 202259.827368332713377 ], [ 192378.485099922807422, 201913.433316092967289 ], [ 191864.657147453690413, 201820.13754546144628 ], [ 190627.925738423946314, 202412.784878781094449 ] ] } },
{ "type": "Feature", "properties": { "max_voltage": 132000.0, "len": 6720.1543474890477, "id": 2 }, "geometry": { "type": "LineString", "coordinates": [ [ 193609.331485514907399, 202301.968708424887154 ], [ 193926.376015751913656, 201462.770676507992903 ], [ 194370.414817486307584, 201156.773926349997055 ], [ 195949.023226718360092, 201410.898068349401001 ], [ 196738.760768578387797, 201624.254528930410743 ], [ 197031.713425793888746, 202239.970255765249021 ], [ 197921.520572491193889, 202203.109596500638872 ], [ 198406.243608791497536, 202511.693671275454108 ], [ 199106.352866144909058, 202344.571436526428442 ] ] } },
{ "type": "Feature", "properties": { "max_voltage": 132000.0, "len": 2370.9591905603747, "id": 3 }, "geometry": { "type": "LineString", "coordinates": [ [ 194541.782043420156697, 57028.063015211868333 ], [ 194479.430084588675527, 57565.430382123740856 ], [ 193804.7519593925972, 58140.896535743173445 ], [ 193859.471929782914231, 59082.529605106683448 ] ] } },
{ "type": "Feature", "properties": { "max_voltage": 132000.0, "len": 1121.0012668488891, "id": 5 }, "geometry": { "type": "LineString", "coordinates": [ [ 221697.673043597431388, 582953.723788140807301 ], [ 222517.117643780511571, 583718.677634792751633 ] ] } },
{ "type": "Feature", "properties": { "max_voltage": 132000.0, "len": 2711.0765131438225, "id": 6 }, "geometry": { "type": "LineString", "coordinates": [ [ 226878.199479246162809, 380661.162563976540696 ], [ 228466.411379072203999, 379839.639997044869233 ], [ 229389.383754475507885, 379839.784899665100966 ] ] } },
{ "type": "Feature", "properties": { "max_voltage": 132000.0, "len": 1157.8750053598365, "id": 7 }, "geometry": { "type": "LineString", "coordinates": [ [ 229868.657591076276731, 709415.695315515273251 ], [ 230404.975866534310626, 709179.732680832734331 ], [ 230766.526676108158426, 709190.808130944496952 ], [ 230845.503068538644584, 709158.412471536314115 ], [ 230953.971833872026764, 709220.256792236119509 ] ] } },
{ "type": "Feature", "properties": { "max_voltage": 132000.0, "len": 4321.0261678173447, "id": 8 }, "geometry": { "type": "LineString", "coordinates": [ [ 235231.78523831392522, 722320.571692961268127 ], [ 235782.76556895225076, 723083.459007054800168 ], [ 236047.036345869331853, 723179.799100688192993 ], [ 236889.921996478689834, 724118.28548625879921 ], [ 238121.720748839346925, 724537.894798432127573 ], [ 238650.397993045829935, 724625.899584383470938 ] ] } },
{ "type": "Feature", "properties": { "max_voltage": 132000.0, "len": 6971.1683889895858, "id": 9 }, "geometry": { "type": "LineString", "coordinates": [ [ 236952.627552340767579, 820286.97241487680003 ], [ 236634.940167444205144, 819770.260030300589278 ], [ 236750.823136661696481, 819401.140160733368248 ], [ 237493.869030248810304, 819279.278817927930504 ], [ 237666.90752166530001, 818639.734847473911941 ], [ 237559.099011823767796, 817804.498198835994117 ], [ 237915.388095170084853, 816757.799677740200423 ], [ 237107.06986973239691, 816267.853875502245501 ], [ 236645.321906438708538, 815620.416755532030948 ], [ 235771.479584164248081, 815607.939202756155282 ] ] } },
{ "type": "Feature", "properties": { "max_voltage": 132000.0, "len": 3404.4154601131413, "id": 10 }, "geometry": { "type": "LineString", "coordinates": [ [ 243034.266845068894327, 222722.17042836395558 ], [ 243341.036307929811301, 222623.07819349350757 ], [ 243207.67185375536792, 221656.045385722827632 ], [ 243363.545616840390721, 221283.24959123384906 ], [ 243363.949222935014404, 220531.17202965184697 ], [ 243558.606539114640327, 219601.630782516440377 ] ] } },
{ "type": "Feature", "properties": { "max_voltage": 132000.0, "len": 5701.1051340289969, "id": 11 }, "geometry": { "type": "LineString", "coordinates": [ [ 246623.804547155566979, 55966.635801283351611 ], [ 246400.111428930133116, 56389.448181014391594 ], [ 246008.532917657954386, 56706.758649042778416 ], [ 246056.545309030043427, 56964.685104115895228 ], [ 245840.610320012026932, 57900.602325496030971 ], [ 245513.088537340488983, 58139.684741508885054 ], [ 245709.277081603388069, 58791.473999316891422 ], [ 245845.250918751931749, 59796.114408730471041 ], [ 245179.442487828113372, 60397.523583902948303 ], [ 244680.752967091713799, 60401.915435332921334 ] ] } },
{ "type": "Feature", "properties": { "max_voltage": 132000.0, "len": 1389.6103926379778, "id": 12 }, "geometry": { "type": "LineString", "coordinates": [ [ 245243.145173742406769, 122987.896745362464571 ], [ 246609.625739011971746, 123240.380226144960034 ] ] } },
{ "type": "Feature", "properties": { "max_voltage": 132000.0, "len": 5208.8637634019915, "id": 13 }, "geometry": { "type": "LineString", "coordinates": [ [ 251152.111126035946654, 667896.249212559778243 ], [ 250988.702253368974198, 668086.570969642372802 ], [ 250686.15962307996233, 668110.555303982808255 ], [ 250435.533620237052673, 667791.637595500680618 ], [ 250026.166118988010567, 667420.498901077080518 ], [ 249534.520951916812919, 667640.777210472966544 ], [ 247921.47765316668665, 667943.568977990769781 ], [ 247460.595853987237206, 668121.334449167945422 ], [ 246818.929549370805034, 668079.956065497128293 ], [ 246475.783832651912235, 668241.850609506946057 ] ] } },
{ "type": "Feature", "properties": { "max_voltage": 132000.0, "len": 4980.3160485397575, "id": 14 }, "geometry": { "type": "LineString", "coordinates": [ [ 251168.888750032812823, 667914.708974954788573 ], [ 250987.318368743639439, 668159.225908423773944 ], [ 250697.518274510104675, 668142.122333775740117 ], [ 250640.573775535594905, 668075.102167718345299 ], [ 250281.120643289992586, 668271.90698500117287 ], [ 249052.185924625839107, 668308.751459286198951 ], [ 248284.324640234641265, 668718.375171687104739 ], [ 246510.896214910841081, 668491.133233838598244 ] ] } },
{ "type": "Feature", "properties": { "max_voltage": 132000.0, "len": 4032.9429266581433, "id": 16 }, "geometry": { "type": "LineString", "coordinates": [ [ 248444.819390360964462, 606896.409162275725976 ], [ 249614.077420436165994, 606689.700770443305373 ], [ 250576.116405599052086, 607412.51117561024148 ], [ 251025.250604567467235, 607471.058876401628368 ], [ 251989.224550415296108, 608167.616952135227621 ] ] } },
{ "type": "Feature", "properties": { "max_voltage": 132000.0, "len": 2636.2837040841973, "id": 17 }, "geometry": { "type": "LineString", "coordinates": [ [ 251527.33323414096958, 673224.682288097217679 ], [ 251081.602577962359646, 672821.458793754805811 ], [ 249978.722163124330109, 672767.904265602817759 ], [ 249916.48470917303348, 672319.287653588806279 ], [ 249472.725445135001792, 672141.262287624296732 ] ] } },
{ "type": "Feature", "properties": { "max_voltage": 132000.0, "len": 2972.0756630186283, "id": 18 }, "geometry": { "type": "LineString", "coordinates": [ [ 251532.186606058239704, 673209.788857334060594 ], [ 251336.079444078088272, 672834.842977587482892 ], [ 250592.732747012545587, 672284.612977640354075 ], [ 250227.988384633557871, 672279.027157148346305 ], [ 250177.509599270706531, 671788.917155054863542 ], [ 249498.489559796842514, 672144.775422508711927 ] ] } },
{ "type": "Feature", "properties": { "max_voltage": 132000.0, "len": 2665.2385102636108, "id": 19 }, "geometry": { "type": "LineString", "coordinates": [ [ 251504.526110840408364, 198548.818383357836865 ], [ 251491.438285135722253, 198540.822857065591961 ], [ 251486.915477036265656, 198535.302042539115064 ], [ 251295.098498371051392, 198448.485313556389883 ], [ 250967.183587939798599, 198342.610306331363972 ], [ 250510.779316110711079, 198502.759389465965796 ], [ 249887.416735739039723, 199451.812391401792411 ], [ 249799.060803476691945, 199884.896013200108428 ], [ 249785.533506169449538, 199862.137342229369096 ] ] } },
{ "type": "Feature", "properties": { "max_voltage": 132000.0, "len": 9510.6644455656751, "id": 20 }, "geometry": { "type": "LineString", "coordinates": [ [ 252551.722532186715398, 802930.150154511677101 ], [ 252224.039273781352676, 802501.526766169816256 ], [ 251510.722935238503851, 802065.935702284681611 ], [ 251520.442066715069814, 800959.855368838761933 ], [ 251292.237884511589073, 800371.540491970139556 ], [ 250891.900008639990119, 799959.650230796076357 ], [ 250879.699206027755281, 799693.61194981855806 ], [ 250504.9019485511526, 799270.348123318399303 ], [ 250573.132430248166202, 798671.111714420258068 ], [ 251014.044551007653354, 798505.674612490576692 ], [ 251573.340421958913794, 797753.447198717389256 ], [ 251375.947582929104101, 797445.802296355832368 ], [ 250855.384255699114874, 797104.241740028141066 ], [ 250956.599278995097848, 796368.229514759150334 ], [ 250469.936316286592046, 795489.970607030438259 ], [ 250240.425997712387471, 795577.287749098846689 ] ] } },
{ "type": "Feature", "properties": { "max_voltage": 132000.0, "len": 5870.9550486700673, "id": 21 }, "geometry": { "type": "LineString", "coordinates": [ [ 250654.228734801814426, 844859.77538271760568 ], [ 250347.328223087213701, 845471.170443076756783 ], [ 250551.337643820093945, 845993.491114834439941 ], [ 250117.609046261903131, 846507.487443431746215 ], [ 250390.098827145120595, 846735.733970576897264 ], [ 250674.831051669985754, 847347.74613518093247 ], [ 250406.865388978592819, 846727.06067269120831 ], [ 250142.98105845664395, 846503.989687851048075 ], [ 250573.586456533404998, 845995.894313433556817 ], [ 250371.65289121659589, 845472.315159132820554 ], [ 250672.80641671596095, 844868.977800438762642 ] ] } },
{ "type": "Feature", "properties": { "max_voltage": 132000.0, "len": 1597.76824958167, "id": 22 }, "geometry": { "type": "LineString", "coordinates": [ [ 251242.163703030673787, 846319.986361732822843 ], [ 251184.084125634486554, 845650.131347986287437 ], [ 250939.161354373733047, 845475.656711218762212 ], [ 250709.711201494035777, 844894.635173723800108 ] ] } },
{ "type": "Feature", "properties": { "max_voltage": 132000.0, "len": 2302.5829331618606, "id": 23 }, "geometry": { "type": "LineString", "coordinates": [ [ 252566.680600618972676, 845327.398395780008286 ], [ 252502.927574964123778, 845416.47920508752577 ], [ 251274.730775135947624, 845592.962124194367789 ], [ 250962.69092678357265, 845463.629354707780294 ], [ 250718.935227942303754, 844899.601024290779606 ] ] } },
{ "type": "Feature", "properties": { "max_voltage": 132000.0, "len": 1932.3551111371148, "id": 24 }, "geometry": { "type": "LineString", "coordinates": [ [ 251113.010273180756485, 667827.583958298782818 ], [ 250895.230293067666935, 667766.19117839448154 ], [ 250963.591691197187174, 667547.527595488470979 ], [ 251055.276189208496362, 667370.882253253133968 ], [ 251446.577608528750716, 667039.046113907010294 ], [ 251490.127771337225568, 667080.971797754173167 ], [ 251541.538423149497248, 667084.275060251122341 ], [ 251885.333175550797023, 667022.18134437513072 ], [ 252035.714818051405018, 666758.467319574905559 ] ] } },
{ "type": "Feature", "properties": { "max_voltage": 132000.0, "len": 1049.0521797797076, "id": 25 }, "geometry": { "type": "LineString", "coordinates": [ [ 251159.553317666926887, 667891.804557673982345 ], [ 251201.912520036159549, 667916.368281201226637 ], [ 251898.732477523328271, 667295.293988105840981 ], [ 251901.066369464795571, 667228.678650509798899 ] ] } },
{ "type": "Feature", "properties": { "max_voltage": 132000.0, "len": 3009.6469992676584, "id": 26 }, "geometry": { "type": "LineString", "coordinates": [ [ 251682.650316755607491, 673263.76605406019371 ], [ 252533.830794233712368, 672024.446788206114434 ], [ 253125.757335380767472, 671689.272155900951475 ], [ 253230.330948253598763, 670869.97603220876772 ] ] } },
{ "type": "Feature", "properties": { "max_voltage": 132000.0, "len": 6927.11936017685, "id": 27 }, "geometry": { "type": "LineString", "coordinates": [ [ 255067.417039788560942, 664869.66369404643774 ], [ 254940.491359226609347, 664722.515934433438815 ], [ 253878.484923640004126, 664979.240499843144789 ], [ 253078.709243306482676, 665483.554305840749294 ], [ 252859.145611442014342, 665806.3995769219473 ], [ 252011.872321118426044, 666530.224924158188514 ], [ 251878.023959046549862, 667015.213376361760311 ], [ 251524.562470663513523, 667079.956518236664124 ], [ 251446.499656344385585, 667034.77125623205211 ], [ 251410.294041132670827, 667056.80123275949154 ], [ 251054.434131364279892, 667362.97995329357218 ], [ 250937.459388634306379, 667485.378877311013639 ], [ 250888.643696566054132, 667772.567333596758544 ], [ 251007.273605603317264, 667847.846554424148053 ], [ 251334.595114133844618, 667790.784856907324865 ], [ 251899.389880845410516, 667235.497658280539326 ] ] } },
{ "type": "Feature", "properties": { "max_voltage": 132000.0, "len": 4531.156855594877, "id": 28 }, "geometry": { "type": "LineString", "coordinates": [ [ 252053.607876457885141, 608198.927130764350295 ], [ 252544.77210082183592, 608733.859498201403767 ], [ 253637.925397880084347, 609112.890695052687079 ], [ 254568.675998271413846, 609909.781955680111423 ], [ 254970.261417524452554, 609929.843039991450496 ], [ 255306.747393754310906, 609646.412229447974823 ], [ 255414.312389676633757, 609075.850375327514485 ] ] } },
{ "type": "Feature", "properties": { "max_voltage": 132000.0, "len": 6807.4129806528399, "id": 29 }, "geometry": { "type": "LineString", "coordinates": [ [ 252067.024324100435479, 136254.958415093860822 ], [ 253366.873175386164803, 135723.154231492779218 ], [ 254099.33295012373128, 135176.766742815030739 ], [ 254222.643896164518083, 134705.95440109266201 ], [ 253923.821676670719171, 134143.931212674360722 ], [ 254938.220741042401642, 133391.153479410859291 ], [ 255271.740563098894199, 132654.562814550270559 ], [ 255810.0780695489957, 131895.094775748235406 ], [ 256153.767425434518373, 131777.450064294011099 ] ] } },
{ "type": "Feature", "properties": { "max_voltage": 132000.0, "len": 1171.4332334945841, "id": 30 }, "geometry": { "type": "LineString", "coordinates": [ [ 252638.953664119908353, 924116.563468645792454 ], [ 252381.727443069190485, 924442.286298795603216 ], [ 252367.623474149004323, 925198.545027775573544 ] ] } },
{ "type": "Feature", "properties": { "max_voltage": 132000.0, "len": 3275.291546704646, "id": 31 }, "geometry": { "type": "LineString", "coordinates": [ [ 253084.130900176358409, 671810.970505106961355 ], [ 253320.698123412410496, 671768.217416269588284 ], [ 253693.490576108248206, 671189.195560035179369 ], [ 254177.399147722346243, 670944.59848982875701 ], [ 255379.078872871032218, 670694.367153700557537 ], [ 255695.957213690388016, 670212.680343946092762 ] ] } },
{ "type": "Feature", "properties": { "max_voltage": 132000.0, "len": 5939.2324813986379, "id": 32 }, "geometry": { "type": "LineString", "coordinates": [ [ 255192.814398299669847, 666479.126821534126066 ], [ 255152.216602225526003, 667111.885860704351217 ], [ 254807.02207645404269, 667399.887217864044942 ], [ 254158.215288909850642, 667538.537126818206161 ], [ 254226.63289181527216, 668024.422293470823206 ], [ 254120.929610241437331, 668617.335393550340086 ], [ 253859.076342037908034, 668758.268934017163701 ], [ 253724.461228590604151, 669258.493300728267059 ], [ 253785.766646019445034, 670549.52099900948815 ], [ 253717.784646673302632, 671024.626197123317979 ], [ 253230.330948253598763, 670869.97603220876772 ] ] } },
{ "type": "Feature", "properties": { "max_voltage": 132000.0, "len": 5946.6824670413998, "id": 33 }, "geometry": { "type": "LineString", "coordinates": [ [ 253230.330948253598763, 670869.97603220876772 ], [ 253084.143850268650567, 670624.969602151308209 ], [ 253180.376429380587069, 669996.227984911296517 ], [ 253006.600396368972724, 668732.9404156106757 ], [ 253100.448935974767664, 667967.592391662066802 ], [ 253605.486524883046513, 667706.736595040652901 ], [ 254056.292955118755344, 667282.101135763456114 ], [ 253970.086576828442048, 666756.973886809428222 ], [ 255192.748031225317391, 666456.004627867601812 ] ] } },
{ "type": "Feature", "properties": { "max_voltage": 132000.0, "len": 3802.1122920852772, "id": 34 }, "geometry": { "type": "LineString", "coordinates": [ [ 256279.119295651704306, 662031.127137411967851 ], [ 256238.101374783233041, 662522.858892344986089 ], [ 255510.809591828088742, 663077.134745826711878 ], [ 255476.3386194674531, 664129.356607501511462 ], [ 254877.44629823055584, 664178.666129777557217 ], [ 254953.853347393829608, 664720.943070570006967 ], [ 255071.78445008143899, 664873.60541484807618 ] ] } },
{ "type": "Feature", "properties": { "max_voltage": 132000.0, "len": 1294.1904808125396, "id": 35 }, "geometry": { "type": "LineString", "coordinates": [ [ 255976.288336880272254, 731412.836643634014763 ], [ 255644.947328650043346, 731179.45545613381546 ], [ 255169.781893876293907, 730428.205974633223377 ] ] } },
{ "type": "Feature", "properties": { "max_voltage": 132000.0, "len": 2181.1025904281501, "id": 36 }, "geometry": { "type": "LineString", "coordinates": [ [ 255192.678523144946666, 666468.894695030874573 ], [ 255968.827638418326387, 666388.299557557445951 ], [ 257100.306408675125567, 665893.984951852005906 ], [ 257068.321868802013341, 665731.057891913806088 ] ] } },
{ "type": "Feature", "properties": { "max_voltage": 132000.0, "len": 3388.3237921137616, "id": 37 }, "geometry": { "type": "LineString", "coordinates": [ [ 255976.288336880272254, 731412.836643634014763 ], [ 256195.636640459386399, 731934.733465948025696 ], [ 256833.473796574369771, 732530.070716886664741 ], [ 257119.781202173850033, 732968.330628091352992 ], [ 257051.706098096998176, 733990.872240956290625 ], [ 256654.709971705888165, 734050.201015440863557 ] ] } },
{ "type": "Feature", "properties": { "max_voltage": 132000.0, "len": 3917.6483752428121, "id": 38 }, "geometry": { "type": "LineString", "coordinates": [ [ 257094.9002321708831, 827791.091136147268116 ], [ 257445.676740129012614, 828095.137510591070168 ], [ 258108.285168520436855, 827975.627314539276995 ], [ 258189.695339725498343, 827077.145858797128312 ], [ 258721.98908230944653, 826972.241819157847203 ], [ 258684.191051129746484, 826486.09335622866638 ], [ 258360.795022926991805, 825702.363467034883797 ] ] } },
{ "type": "Feature", "properties": { "max_voltage": 132000.0, "len": 3896.7364810236031, "id": 39 }, "geometry": { "type": "LineString", "coordinates": [ [ 257099.023747563478537, 827788.852502492954955 ], [ 257448.242229558003601, 828089.878296115202829 ], [ 258093.449446684011491, 827967.417481080745347 ], [ 258175.081671968509909, 827066.031022856011987 ], [ 258709.993462565238588, 826962.004146848921664 ], [ 258669.518497238634154, 826482.722299177781679 ], [ 258327.624533985508606, 825706.741525713354349 ] ] } },
{ "type": "Feature", "properties": { "max_voltage": 132000.0, "len": 5134.8292655476116, "id": 40 }, "geometry": { "type": "LineString", "coordinates": [ [ 258588.469676413194975, 663564.014578960719518 ], [ 259503.994806783477543, 664607.299074164475314 ], [ 259936.457920656946953, 664548.617265606764704 ], [ 260296.952369298407575, 663989.242192468140274 ], [ 260383.089816830412019, 663758.363177673425525 ], [ 260416.348689027363434, 663753.603940951870754 ], [ 260489.151038263400551, 663751.257215648773126 ], [ 260774.843314936326351, 663737.504468683269806 ], [ 260927.378743987414055, 663728.135254125576466 ], [ 261101.82724830735242, 663780.464228066848591 ], [ 261465.503862960962579, 663279.581074233981781 ], [ 261523.226086405367823, 663099.803660739795305 ], [ 261681.689024698367575, 662924.304216070449911 ], [ 261791.09089273691643, 662736.688034364604391 ], [ 261877.699416782852495, 662728.288989036693238 ], [ 261925.621608247369295, 662636.464799324981868 ], [ 262076.302094687154749, 662536.555907215806656 ], [ 262083.59366283469717, 662499.022515383083373 ] ] } },
{ "type": "Feature", "properties": { "max_voltage": 132000.0, "len": 4924.8086454442064, "id": 41 }, "geometry": { "type": "LineString", "coordinates": [ [ 262083.59366283469717, 662499.022515383083373 ], [ 262056.93764886536519, 662513.248194094980136 ], [ 262049.493769647233421, 662502.503214573021978 ], [ 262013.656879439047771, 662452.643882009782828 ], [ 261814.8368506107945, 662194.009005202446133 ], [ 261721.721170916949632, 662488.396551225800067 ], [ 261362.644921798171708, 662437.190772715257481 ], [ 260912.021826844807947, 662070.714236247469671 ], [ 260612.982573468441842, 662593.696552957757376 ], [ 260026.451279902626993, 662798.188101782579906 ], [ 259609.805416144808987, 663095.579506998532452 ], [ 259730.550838819908677, 663351.255752926343121 ], [ 259213.932802060880931, 663653.499658952699974 ], [ 258594.932575091370381, 663568.481639417703263 ] ] } },
{ "type": "Feature", "properties": { "max_voltage": 132000.0, "len": 3409.244672466345, "id": 42 }, "geometry": { "type": "LineString", "coordinates": [ [ 262083.59366283469717, 662499.022515383083373 ], [ 262234.260766103630885, 662841.955351619631983 ], [ 261907.649097978952341, 663203.38472019310575 ], [ 262397.08912875992246, 663730.668463918031193 ], [ 262780.114915534970351, 664365.926742629846558 ], [ 263122.706394993176218, 664687.144949992769398 ], [ 262538.832019491994288, 664885.596715941792354 ] ] } },
{ "type": "Feature", "properties": { "max_voltage": 132000.0, "len": 1374.6652548466184, "id": 43 }, "geometry": { "type": "LineString", "coordinates": [ [ 262931.79037414980121, 193922.554093198094051 ], [ 262878.72935399832204, 194001.960666031169239 ], [ 262876.820924272818957, 194133.752529777761083 ], [ 263034.875782154966146, 194918.54732819844503 ], [ 262958.674844479188323, 195105.126248518645298 ], [ 262885.802724914334249, 195160.832975637691561 ], [ 262834.787348330370151, 195177.074949470697902 ] ] } },
{ "type": "Feature", "properties": { "max_voltage": 132000.0, "len": 1968.2536312129455, "id": 44 }, "geometry": { "type": "LineString", "coordinates": [ [ 263133.135288601508364, 870000.818047838401981 ], [ 263883.695984502322972, 870521.493931360077113 ], [ 264155.916987972625066, 871107.21971048519481 ], [ 264551.802829014777672, 871004.958028275403194 ] ] } },
{ "type": "Feature", "properties": { "max_voltage": 132000.0, "len": 4172.9244568505383, "id": 45 }, "geometry": { "type": "LineString", "coordinates": [ [ 265218.714833947422449, 839156.290632180869579 ], [ 265182.546450591413304, 839216.010967639856972 ], [ 265599.415989994013216, 840022.270916870678775 ], [ 265432.996595521690324, 840378.674944374361075 ], [ 265712.387034969870001, 840838.669963150867261 ], [ 265608.744693518732674, 841186.67184598010499 ], [ 265697.77335225767456, 841932.635007729521021 ], [ 265062.329502764972858, 842225.536498054978438 ], [ 265307.636012081871741, 842602.614756866591051 ] ] } },
{ "type": "Feature", "properties": { "max_voltage": 132000.0, "len": 1332.7646182786607, "id": 46 }, "geometry": { "type": "LineString", "coordinates": [ [ 266819.046151364862453, 841890.809687033412047 ], [ 267205.066588431946002, 841676.700888980878517 ], [ 267699.930528801167384, 841941.16251258016564 ], [ 268029.750852823199239, 841924.43698656198103 ] ] } },
{ "type": "Feature", "properties": { "max_voltage": 132000.0, "len": 2177.1498913279097, "id": 47 }, "geometry": { "type": "LineString", "coordinates": [ [ 276470.348150355566759, 63186.422116700588958 ], [ 277336.299793272744864, 63757.856593022006564 ], [ 277312.406920999579597, 64897.254379654914374 ] ] } },
{ "type": "Feature", "properties": { "max_voltage": 132000.0, "len": 2801.4030092270523, "id": 48 }, "geometry": { "type": "LineString", "coordinates": [ [ 276854.473210982454475, 751706.289444070891477 ], [ 276778.098946792422794, 752035.075178802129813 ], [ 277335.547571579809301, 752785.703835786669515 ], [ 277816.091613073891494, 754237.100975257577375 ] ] } },
{ "type": "Feature", "properties": { "max_voltage": 132000.0, "len": 3045.6894673870647, "id": 49 }, "geometry": { "type": "LineString", "coordinates": [ [ 277389.352092645945959, 64904.728873245359864 ], [ 277598.194376415456645, 64905.020315874135122 ], [ 278832.741837171139196, 65381.178279861371266 ], [ 277389.541422438400332, 64924.749034125532489 ] ] } },
{ "type": "Feature", "properties": { "max_voltage": 132000.0, "len": 1528.2674475627773, "id": 50 }, "geometry": { "type": "LineString", "coordinates": [ [ 282558.620236181537621, 637247.985875848680735 ], [ 283553.502853289013728, 638408.076376394834369 ] ] } },
{ "type": "Feature", "properties": { "max_voltage": 132000.0, "len": 1054.649329841181, "id": 51 }, "geometry": { "type": "LineString", "coordinates": [ [ 286472.199914311466273, 208921.664195256627863 ], [ 286482.000756666006055, 209183.8455231350963 ], [ 287020.418051212152932, 209765.070218086766545 ] ] } },
{ "type": "Feature", "properties": { "max_voltage": 132000.0, "len": 5938.537444348709, "id": 58 }, "geometry": { "type": "LineString", "coordinates": [ [ 290616.971711757825688, 202236.285808764892863 ], [ 290680.298865108110476, 202232.563490085361991 ], [ 291250.988089296384715, 202426.214097747608321 ], [ 291621.129866168601438, 202240.70629447477404 ], [ 291981.922734840307385, 202404.567599608009914 ], [ 292084.837844759982545, 202505.256885726645123 ], [ 292201.083194042905234, 202492.331352699751733 ], [ 292312.394638466532342, 202938.158012740954291 ], [ 292676.87792337249266, 203126.554370131401811 ], [ 292948.88085511123063, 205946.002698010066524 ], [ 293221.411043462750968, 206363.863477700971998 ] ] } },
{ "type": "Feature", "properties": { "max_voltage": 132000.0, "len": 4332.4463232732351, "id": 63 }, "geometry": { "type": "LineString", "coordinates": [ [ 291331.980666280258447, 819856.317916963482276 ], [ 293010.701359783066437, 819695.731064713210799 ], [ 294548.239648455753922, 819767.332987384987064 ], [ 295608.122789497603662, 819448.300814503338188 ] ] } },
{ "type": "Feature", "properties": { "max_voltage": 132000.0, "len": 10451.324847363017, "id": 69 }, "geometry": { "type": "LineString", "coordinates": [ [ 295323.95031096576713, 378915.631067668786272 ], [ 295518.243694229051471, 378485.098409525118768 ], [ 295913.594796078687068, 378266.568568700691685 ], [ 296810.322426652885042, 378162.653346602513921 ], [ 297200.707061600347515, 378262.377078698307741 ], [ 298476.98597045103088, 378158.169356443628203 ], [ 298796.358950584603008, 378031.283334329898935 ], [ 298938.00142539688386, 377603.090870736225042 ], [ 299382.017147506703623, 377111.120632234611548 ], [ 299480.737603444198612, 376603.90514855470974 ], [ 300293.45460945047671, 376713.212969704414718 ], [ 301180.988495782890823, 376254.260776691313367 ], [ 301835.824682880542241, 375551.300553733482957 ], [ 302315.081754997721873, 374637.597533788590226 ], [ 302252.755175343481824, 374191.76088496868033 ], [ 301903.005920806550421, 373579.507289423665497 ] ] } },
{ "type": "Feature", "properties": { "max_voltage": 132000.0, "len": 8082.7833963378234, "id": 70 }, "geometry": { "type": "LineString", "coordinates": [ [ 295629.811541287926957, 819468.487059151753783 ], [ 295692.417029014788568, 819527.037422221968882 ], [ 296432.736831160727888, 819681.407063539722003 ], [ 298795.953901017433964, 820900.364537189248949 ], [ 301193.514724313863553, 822488.639522759593092 ], [ 302080.864736538380384, 823906.744757700362243 ], [ 302096.600340819102712, 823935.736708306125365 ] ] } },
{ "type": "Feature", "properties": { "max_voltage": 132000.0, "len": 1013.9050633431257, "id": 72 }, "geometry": { "type": "LineString", "coordinates": [ [ 297532.9023441914469, 93350.414698262073216 ], [ 297803.880199203209486, 93627.608661498597939 ], [ 297775.529984623193741, 94253.23077520323568 ] ] } },
{ "type": "Feature", "properties": { "max_voltage": 132000.0, "len": 1704.1367238011287, "id": 73 }, "geometry": { "type": "LineString", "coordinates": [ [ 302530.444639012217522, 531897.01454435440246 ], [ 302122.84247717470862, 532044.683785463566892 ], [ 301429.599659979925491, 532041.440791800268926 ], [ 300994.104461214854382, 532420.502301306580193 ] ] } },
{ "type": "Feature", "properties": { "max_voltage": 132000.0, "len": 3408.6652853305854, "id": 77 }, "geometry": { "type": "LineString", "coordinates": [ [ 303745.156845300691202, 184354.381513688305859 ], [ 303774.666338720475323, 183988.319292952481192 ], [ 303373.855070486606564, 183936.573347985628061 ], [ 303215.298653436824679, 183154.949832489684923 ], [ 302464.347539781127125, 182733.543935593159404 ], [ 302607.155121208634228, 182446.707890063029481 ], [ 302677.21379339764826, 182455.70860981621081 ], [ 302874.927735363831744, 182337.929084301227704 ], [ 302906.318052296468522, 182311.450870362546993 ], [ 302936.202096787979826, 182261.37210208090255 ], [ 303039.045450658944901, 182109.861165740527213 ], [ 303028.546511299908161, 182086.999779642093927 ], [ 303013.363899375195615, 182055.450359925831435 ], [ 303007.043861321348231, 182042.109976597130299 ] ] } },
{ "type": "Feature", "properties": { "max_voltage": 132000.0, "len": 3335.9623378759397, "id": 79 }, "geometry": { "type": "LineString", "coordinates": [ [ 313128.013118454953656, 186258.899129943165462 ], [ 313336.093704738945235, 186347.676425569807179 ], [ 313524.457483393140137, 186365.023995380412089 ], [ 313598.21772506495472, 186414.847807757498231 ], [ 313695.867149754310958, 187097.690694283635821 ], [ 314178.163099761120975, 187548.426233317033621 ], [ 314152.197935003612656, 187625.513991764310049 ], [ 314147.503604728262872, 187641.724059665750246 ], [ 314031.734996386454441, 188060.789367566467263 ], [ 313973.296222545090131, 188097.280875474971253 ], [ 314105.403623131220229, 188442.007349263993092 ], [ 314089.229258986364584, 188475.84447617342812 ], [ 314088.890493497950956, 188629.701305603288347 ], [ 314125.576765737088863, 188743.270746086025611 ], [ 314123.073181816143915, 188825.990145930903964 ], [ 314154.639018372865394, 188879.674824194633402 ], [ 314157.799001900362782, 188881.734833855123725 ], [ 314161.394322405220009, 188904.54567470215261 ], [ 314187.580351757234894, 188914.413664189807605 ] ] } },
{ "type": "Feature", "properties": { "max_voltage": 132000.0, "len": 2942.5122524168573, "id": 80 }, "geometry": { "type": "LineString", "coordinates": [ [ 317003.778532714466564, 180756.311695365351625 ], [ 316852.780562554369681, 180745.492162805807311 ], [ 316748.722172316396609, 180735.385726073291153 ], [ 316516.702565514016896, 180704.2371747578145 ], [ 316372.415122368314769, 180686.001673374092206 ], [ 316259.998516971769277, 180656.16414507990703 ], [ 315873.418445988674648, 180528.360632932104636 ], [ 315704.64250991033623, 180497.089931035588961 ], [ 315622.232709915202577, 180470.460841705964413 ], [ 315552.691030942078214, 180451.828433875518385 ], [ 315487.516517404175829, 180499.124147551076021 ], [ 315463.224407738714945, 180529.486559566954384 ], [ 315270.679634962056298, 180355.635684722714359 ], [ 315148.898190355510451, 180358.928828772652196 ], [ 315104.094548986060545, 180374.173530348518398 ], [ 314821.5960083794198, 180372.947887015907327 ], [ 314766.550909207609948, 180365.596269297908293 ], [ 314749.252938328776509, 180357.232348389166873 ], [ 314647.047952049295418, 180303.018655873951502 ], [ 314466.253673676226754, 180216.959200682351366 ], [ 314316.420732554572169, 180359.954639754490927 ], [ 314293.357865024241619, 180350.165625684603583 ] ] } },
{ "type": "Feature", "properties": { "max_voltage": 132000.0, "len": 3159.8697074093539, "id": 81 }, "geometry": { "type": "LineString", "coordinates": [ [ 316717.037400641303975, 174815.174175217049196 ], [ 316943.948162015294656, 175217.508754520094953 ], [ 316971.568617823533714, 175263.221946158446372 ], [ 317050.206814686243888, 175177.661528902710415 ], [ 317461.950630274717696, 175447.452797958161682 ], [ 317809.586352997517679, 175442.939045567298308 ], [ 317969.714118795236573, 175446.891300831164699 ], [ 317986.447744394245092, 175458.801829012867529 ], [ 318092.857497310847975, 175462.65783523285063 ], [ 318282.754535491170827, 175657.572209687088616 ], [ 319014.622752873227, 175959.032147946301848 ], [ 319205.594129387638532, 176061.177966292423662 ], [ 319259.594023053126875, 176048.905945307400543 ], [ 319279.447358819306828, 176055.509392796782777 ], [ 319319.82515158795286, 176074.679394621052779 ] ] } },
{ "type": "Feature", "properties": { "max_voltage": 132000.0, "len": 5571.1777509107824, "id": 83 }, "geometry": { "type": "LineString", "coordinates": [ [ 317003.778532714466564, 180756.311695365351625 ], [ 317069.679810655768961, 180759.63859075907385 ], [ 317092.465655045991298, 180761.4463020839612 ], [ 317253.745526533573866, 180760.66953965916764 ], [ 317387.076005084905773, 180755.091491132800002 ], [ 317518.541422056325246, 180703.53801006617141 ], [ 317707.511295528500341, 180591.017736471549142 ], [ 317748.712709926418029, 180531.814326515479479 ], [ 317800.700606586760841, 180441.366871216247091 ], [ 318009.701985020423308, 180560.59280801989371 ], [ 318094.996690768690314, 180609.105812801164575 ], [ 318453.705794302164577, 179896.970274910272565 ], [ 318481.537834245653357, 178848.462181762850378 ], [ 318491.611042656353675, 178826.397166545735672 ], [ 319327.106225511583034, 178325.658366205112543 ], [ 319346.953831457765773, 178311.927376476756763 ], [ 319429.817843683296815, 178248.750721155491192 ], [ 320095.699778422887903, 178016.388772513484582 ], [ 320270.320422609569505, 177914.083442992414348 ], [ 320449.421953772660345, 178082.124543702870142 ], [ 320553.086506471328903, 178006.19302201422397 ], [ 320601.342749464965891, 178035.828208489168901 ] ] } },
{ "type": "Feature", "properties": { "max_voltage": 132000.0, "len": 3477.3183921397808, "id": 84 }, "geometry": { "type": "LineString", "coordinates": [ [ 317216.165914567187428, 174640.934837003063876 ], [ 317392.596793213800993, 174958.323035864159465 ], [ 317500.186562487040646, 175042.26277622388443 ], [ 317674.191009790578391, 174343.601385384972673 ], [ 318402.367843863088638, 174714.407231600023806 ], [ 318675.548099061241373, 174584.549007407447789 ], [ 319788.084609703451861, 174824.401724796160124 ] ] } },
{ "type": "Feature", "properties": { "max_voltage": 132000.0, "len": 2218.7947109490951, "id": 85 }, "geometry": { "type": "LineString", "coordinates": [ [ 319354.076981010148302, 176090.409592019568663 ], [ 319452.26298003323609, 176225.330407948000357 ], [ 319919.027120965183713, 176636.873118190967944 ], [ 320680.406888949568383, 177846.909841957385652 ] ] } },
{ "type": "Feature", "properties": { "max_voltage": 132000.0, "len": 1381.2064909555554, "id": 86 }, "geometry": { "type": "LineString", "coordinates": [ [ 319354.076981010148302, 176090.409592019568663 ], [ 319355.964282492117491, 176054.849848204175942 ], [ 319324.679386479023378, 175711.67360815720167 ], [ 319788.084609703451861, 174824.401724796160124 ] ] } },
{ "type": "Feature", "properties": { "max_voltage": 132000.0, "len": 1483.3357036682637, "id": 87 }, "geometry": { "type": "LineString", "coordinates": [ [ 320921.374276998569258, 670907.734029525658116 ], [ 320451.981473870459013, 670727.227636908879504 ], [ 319665.648840622510761, 670141.627222499926575 ] ] } },
{ "type": "Feature", "properties": { "max_voltage": 132000.0, "len": 1417.8235950306207, "id": 88 }, "geometry": { "type": "LineString", "coordinates": [ [ 319812.527577022090554, 174808.119835318415426 ], [ 320329.536127639410552, 175260.18946213205345 ], [ 321000.365062956465408, 175550.732719604624435 ] ] } },
{ "type": "Feature", "properties": { "max_voltage": 132000.0, "len": 1472.892928546969, "id": 89 }, "geometry": { "type": "LineString", "coordinates": [ [ 321262.834897081833333, 864603.907429228303954 ], [ 320570.958707863581367, 864324.753760554711334 ], [ 320319.028143064002506, 864002.158810675726272 ], [ 320019.4892173797125, 864107.467401894857176 ] ] } },
{ "type": "Feature", "properties": { "max_voltage": 132000.0, "len": 2914.3323216882291, "id": 90 }, "geometry": { "type": "LineString", "coordinates": [ [ 321045.779946932103485, 175579.526824100757949 ], [ 321144.8045520085725, 176125.557705429033376 ], [ 321059.887555633147713, 176581.185096437460743 ], [ 321012.833786624250934, 176570.592877746501472 ], [ 320744.563074884936213, 176534.08264289033832 ], [ 320768.123695233487524, 177416.970678882265929 ], [ 320984.659177360415924, 177698.654826047713868 ], [ 320680.406888949568383, 177846.909841957385652 ] ] } },
{ "type": "Feature", "properties": { "max_voltage": 132000.0, "len": 1125.2885964432585, "id": 91 }, "geometry": { "type": "LineString", "coordinates": [ [ 322569.211327389581129, 671756.901121849892661 ], [ 322185.702178275620099, 671284.800129309645854 ], [ 321669.274112331331708, 671259.521795916371047 ] ] } },
{ "type": "Feature", "properties": { "max_voltage": 132000.0, "len": 1432.0196840825565, "id": 92 }, "geometry": { "type": "LineString", "coordinates": [ [ 322625.153998009976931, 672544.149103587609716 ], [ 322920.170192048070021, 673150.522193851880729 ], [ 322724.196043054689653, 673497.12435150553938 ], [ 322805.005037365481257, 673847.443727558245882 ] ] } },
{ "type": "Feature", "properties": { "max_voltage": 132000.0, "len": 1672.9046171976429, "id": 93 }, "geometry": { "type": "LineString", "coordinates": [ [ 330874.099432125280146, 347577.71487719117431 ], [ 330397.409316096862312, 347555.726819883973803 ], [ 329833.671036827086937, 347813.584192359354347 ], [ 329691.193657731870189, 347991.187291922455188 ], [ 329532.819906374847051, 348029.71411528805038 ], [ 329503.650182892219163, 348098.180385848681908 ], [ 329425.815936970233452, 348146.344015685259365 ], [ 329407.941896378528327, 348153.247733024647459 ] ] } },
{ "type": "Feature", "properties": { "max_voltage": 132000.0, "len": 3039.1382315906885, "id": 94 }, "geometry": { "type": "LineString", "coordinates": [ [ 331903.556640354683623, 188021.869748727505794 ], [ 331902.753571757755708, 188037.876111715100706 ], [ 331909.19545784406364, 188046.966233470244333 ], [ 331904.953505412151571, 188077.234695533814374 ], [ 331592.404327860567719, 188384.067451003880706 ], [ 331120.007817325182259, 188412.816312629438471 ], [ 330904.623070940491743, 189147.705435356299859 ], [ 330059.887392438657116, 190141.55651396754547 ] ] } },
{ "type": "Feature", "properties": { "max_voltage": 132000.0, "len": 1227.1299172570261, "id": 95 }, "geometry": { "type": "LineString", "coordinates": [ [ 330421.076634852215648, 330633.0189912833157 ], [ 330180.977347144973464, 331275.222183670091908 ], [ 330165.151936318841763, 331816.502393538714387 ] ] } },
{ "type": "Feature", "properties": { "max_voltage": 132000.0, "len": 1012.0480918117255, "id": 96 }, "geometry": { "type": "LineString", "coordinates": [ [ 330295.149301078228746, 216081.248423089156859 ], [ 330423.829662274103612, 216193.848891760397237 ], [ 330449.598473819496576, 216276.076100486825453 ], [ 330857.942877274530474, 216250.902946623769822 ], [ 330948.561553662759252, 216097.82181219177437 ], [ 331062.214222006150521, 216092.908857889909996 ], [ 331116.1586679299362, 216088.58518965204712 ] ] } },
{ "type": "Feature", "properties": { "max_voltage": 132000.0, "len": 1076.3435639058966, "id": 97 }, "geometry": { "type": "LineString", "coordinates": [ [ 330441.753325424622744, 330572.295421412214637 ], [ 330835.111528159701265, 329908.184027693292592 ], [ 331138.109484645188786, 329878.187150186742656 ] ] } },
{ "type": "Feature", "properties": { "max_voltage": 132000.0, "len": 1261.6526545234333, "id": 98 }, "geometry": { "type": "LineString", "coordinates": [ [ 330470.511366341670509, 185818.178084190411028 ], [ 330626.28755397524219, 185763.481831435230561 ], [ 331123.159296804515179, 186152.891003980359528 ], [ 331556.925651787547395, 185984.603035431588069 ] ] } },
{ "type": "Feature", "properties": { "max_voltage": 132000.0, "len": 1041.4832205394589, "id": 99 }, "geometry": { "type": "LineString", "coordinates": [ [ 336720.729971243592445, 374894.091424183221534 ], [ 336371.284779828449246, 375241.081409972219262 ], [ 336051.661571097909473, 374794.683953489991836 ] ] } },
{ "type": "Feature", "properties": { "max_voltage": 132000.0, "len": 1709.0250831522476, "id": 100 }, "geometry": { "type": "LineString", "coordinates": [ [ 336451.423332135775127, 375399.643299868679605 ], [ 336488.725168052653316, 375667.740485314338002 ], [ 336217.426508666423615, 376445.701965261541773 ], [ 336302.044887876138091, 377054.28310196386883 ] ] } },
{ "type": "Feature", "properties": { "max_voltage": 132000.0, "len": 2042.3914255656089, "id": 101 }, "geometry": { "type": "LineString", "coordinates": [ [ 337019.402820751536638, 731327.676372408284806 ], [ 337659.157433516695164, 730624.705369329662062 ], [ 338597.02197773597436, 730525.714220083667897 ], [ 338667.446654064231552, 730397.30172971508 ], [ 338669.676615366013721, 730398.070924859959632 ] ] } },
{ "type": "Feature", "properties": { "max_voltage": 132000.0, "len": 2055.0448678654266, "id": 102 }, "geometry": { "type": "LineString", "coordinates": [ [ 337023.079245687928051, 731341.993893624283373 ], [ 337664.113542286911979, 730637.312365580000915 ], [ 338608.517634677002206, 730538.115955567103811 ], [ 338669.676615366013721, 730398.070924859959632 ] ] } },
{ "type": "Feature", "properties": { "max_voltage": 132000.0, "len": 4775.5336862715458, "id": 103 }, "geometry": { "type": "LineString", "coordinates": [ [ 338672.544495278620161, 730399.053518856177106 ], [ 338679.327218785649166, 730384.816751051694155 ], [ 339284.004291249148082, 730617.665598838124424 ], [ 339817.004085183900315, 730548.480733490316197 ], [ 339825.20684710831847, 730551.492198067368008 ], [ 343154.88507156947162, 731826.914564084028825 ] ] } },
{ "type": "Feature", "properties": { "max_voltage": 132000.0, "len": 3065.4067786158816, "id": 104 }, "geometry": { "type": "LineString", "coordinates": [ [ 343063.84306817088509, 848421.334924036869779 ], [ 343176.765882710344158, 848714.689965316327289 ], [ 343453.847611113218591, 848905.804635018692352 ], [ 343853.73450103943469, 849058.026035641436465 ], [ 344050.360270675038919, 849476.65459201449994 ], [ 344031.994144762866199, 850031.585580096696503 ], [ 344237.858905315166339, 850473.076293915510178 ], [ 344120.801811855228152, 850940.35769306588918 ] ] } },
{ "type": "Feature", "properties": { "max_voltage": 132000.0, "len": 1451.7365522127052, "id": 105 }, "geometry": { "type": "LineString", "coordinates": [ [ 345684.873672845598776, 385164.433492090320215 ], [ 345712.315181044046767, 384632.359450903721154 ], [ 345223.791015121387318, 384685.296909184020478 ], [ 344877.300598101865035, 384434.774174352409318 ] ] } },
{ "type": "Feature", "properties": { "max_voltage": 132000.0, "len": 9243.6985122735096, "id": 106 }, "geometry": { "type": "LineString", "coordinates": [ [ 345602.878049538179766, 169468.436808359401766 ], [ 345800.723339668184053, 169933.871705553669017 ], [ 346122.456944702425972, 170113.050949932017829 ], [ 345867.022836712072603, 170609.594763994042296 ], [ 346052.662296696915291, 170949.072623303276487 ], [ 345961.46162644145079, 171844.919140183657873 ], [ 347081.539639839204028, 172290.544846321514342 ], [ 347632.680586972215679, 172661.698346855991986 ], [ 348195.092505287961103, 173633.378303137375042 ], [ 348475.630813631869387, 173841.128842603706289 ], [ 348810.561457026400603, 174732.447539601998869 ], [ 348662.957447153166868, 175134.227155735017732 ], [ 348362.8244150695391, 176911.031813473906368 ] ] } },
{ "type": "Feature", "properties": { "max_voltage": 132000.0, "len": 1077.1987176093803, "id": 107 }, "geometry": { "type": "LineString", "coordinates": [ [ 346025.884913915884681, 375951.954594813287258 ], [ 345552.416439724387601, 376203.606746366014704 ], [ 346021.663927093264647, 375934.356436341651715 ] ] } },
{ "type": "Feature", "properties": { "max_voltage": 132000.0, "len": 1890.657430128894, "id": 108 }, "geometry": { "type": "LineString", "coordinates": [ [ 348577.662142010289244, 398778.206096555688418 ], [ 348841.381598279229365, 398893.124746251909528 ], [ 349012.999464087712113, 399364.674795006692875 ], [ 349692.425522116827779, 400231.262135790486354 ] ] } },
{ "type": "Feature", "properties": { "max_voltage": 132000.0, "len": 2733.3072073665153, "id": 109 }, "geometry": { "type": "LineString", "coordinates": [ [ 350078.046192549634725, 389703.555690090113785 ], [ 350372.587549691845197, 389879.45713440538384 ], [ 350244.561386243498418, 390784.628879507712554 ], [ 350475.589577054779511, 391501.30474964377936 ], [ 351068.713941344933119, 391914.858341374318115 ] ] } },
{ "type": "Feature", "properties": { "max_voltage": 132000.0, "len": 1333.7702298209069, "id": 110 }, "geometry": { "type": "LineString", "coordinates": [ [ 352354.295265693916008, 634364.366774027352221 ], [ 352385.292521104391199, 634865.627066669752821 ], [ 351625.051865024957806, 635202.544862760929391 ] ] } },
{ "type": "Feature", "properties": { "max_voltage": 132000.0, "len": 1447.3859526200133, "id": 111 }, "geometry": { "type": "LineString", "coordinates": [ [ 352307.578008262906224, 403385.999124041583855 ], [ 352522.717954580497462, 403660.450294704933185 ], [ 352462.275771379587241, 404424.562932193628512 ], [ 352758.52354927099077, 404574.792724466999061 ] ] } },
{ "type": "Feature", "properties": { "max_voltage": 132000.0, "len": 2181.59488864573, "id": 112 }, "geometry": { "type": "LineString", "coordinates": [ [ 352918.924532079487108, 178382.936222588818055 ], [ 353585.75093623669818, 178913.877414347021841 ], [ 353918.563794737565331, 178866.461755832482595 ], [ 354300.667975009360816, 179371.385076996113639 ], [ 354163.666410658042878, 179704.115403821226209 ] ] } },
{ "type": "Feature", "properties": { "max_voltage": 132000.0, "len": 1590.8618448472564, "id": 113 }, "geometry": { "type": "LineString", "coordinates": [ [ 353873.983974405913614, 182617.248982365854317 ], [ 353499.533402426051907, 182904.009756350074895 ], [ 353232.171636388753541, 182415.881351067626383 ], [ 353570.970331471296959, 182073.181778848229442 ], [ 353647.53541867970489, 182098.89610567811178 ] ] } },
{ "type": "Feature", "properties": { "max_voltage": 132000.0, "len": 1605.2471765732253, "id": 114 }, "geometry": { "type": "LineString", "coordinates": [ [ 354861.455455233925022, 390278.080465152102988 ], [ 355327.120319332520012, 390795.639502909092698 ], [ 355319.22199005150469, 389886.63862159504788 ] ] } },
{ "type": "Feature", "properties": { "max_voltage": 132000.0, "len": 1208.334052267538, "id": 115 }, "geometry": { "type": "LineString", "coordinates": [ [ 356751.351466354390141, 383642.099117762583774 ], [ 355800.232510761590675, 383479.341550063865725 ], [ 355785.244438630761579, 383236.413614636461716 ] ] } },
{ "type": "Feature", "properties": { "max_voltage": 132000.0, "len": 1929.7939677875445, "id": 116 }, "geometry": { "type": "LineString", "coordinates": [ [ 360837.856998173927423, 172416.162987205287209 ], [ 360827.083280428021681, 172435.87649434217019 ], [ 360806.190778906166088, 172469.771116217481904 ], [ 360759.724240745883435, 172511.682308892253786 ], [ 360670.963679407490417, 172506.797076338261832 ], [ 360558.432339849066921, 172633.806120956258383 ], [ 359996.249143346969504, 172665.810702609072905 ], [ 359947.695500106317922, 172984.642595304991119 ], [ 359555.877081979415379, 173516.685954321292229 ] ] } },
{ "type": "Feature", "properties": { "max_voltage": 132000.0, "len": 4521.6186618193424, "id": 117 }, "geometry": { "type": "LineString", "coordinates": [ [ 360837.856998173927423, 172416.162987205287209 ], [ 360844.435526511748321, 172425.888428919715807 ], [ 360819.651342533295974, 172499.418834767595399 ], [ 360731.667075285688043, 172546.388946309802122 ], [ 360653.568440385395661, 172955.787088993936777 ], [ 360809.23210498096887, 173237.97422845181427 ], [ 360889.951555090607144, 174014.098414688778576 ], [ 360816.844656705739908, 174417.028034851304255 ], [ 360382.589981674740557, 174926.981655945186503 ], [ 360691.052948443219066, 175471.980893834086601 ], [ 360362.465108683798462, 176118.301243675872684 ], [ 360442.682748890016228, 176492.38111258140998 ] ] } },
{ "type": "Feature", "properties": { "max_voltage": 132000.0, "len": 4562.5357767446667, "id": 118 }, "geometry": { "type": "LineString", "coordinates": [ [ 360459.399494569574017, 176486.48940963257337 ], [ 360380.961363131587859, 176101.818194902502 ], [ 360976.496926863794215, 175574.569243134523276 ], [ 360844.639639186265413, 174661.934294017148204 ], [ 361022.602677009592298, 173235.218700532976072 ], [ 360735.078549942525569, 172686.44554356590379 ], [ 360737.557852511527017, 172549.691132616251707 ], [ 360821.74146395153366, 172504.607847896288149 ], [ 360852.903134581400082, 172411.876000274147373 ], [ 360875.727229674288537, 172398.598193329758942 ], [ 360884.508018365304451, 172364.786062892409973 ], [ 360885.411032034899108, 172361.200505881686695 ] ] } },
{ "type": "Feature", "properties": { "max_voltage": 132000.0, "len": 2498.0237221402485, "id": 119 }, "geometry": { "type": "LineString", "coordinates": [ [ 361511.058126428280957, 178445.152004670118913 ], [ 361374.70376755943289, 178183.806140645116102 ], [ 360803.573399615415838, 178049.031327777600382 ], [ 360547.461404604779091, 177129.544508602994028 ], [ 360491.740585086983629, 176469.954388295009267 ] ] } },
{ "type": "Feature", "properties": { "max_voltage": 132000.0, "len": 3433.5176055772031, "id": 120 }, "geometry": { "type": "LineString", "coordinates": [ [ 363725.621757378510665, 179604.041861607169267 ], [ 363523.058784277411178, 179266.516079280117992 ], [ 362670.342816531658173, 178842.669148622488137 ], [ 361500.14261224801885, 178468.391349769022781 ], [ 361370.304904627613723, 178190.457381379208528 ], [ 360822.441363817080855, 178120.868307140888646 ] ] } },
{ "type": "Feature", "properties": { "max_voltage": 132000.0, "len": 2929.1242374888052, "id": 121 }, "geometry": { "type": "LineString", "coordinates": [ [ 360930.796272102859803, 181035.689974844746757 ], [ 361185.559980010613799, 181607.860612485499587 ], [ 361746.275379483180586, 181942.263551299227402 ], [ 361251.333682617114391, 182391.10888475109823 ], [ 361413.733788165496662, 182932.645522384147625 ], [ 361264.248262108303607, 183321.310396007727832 ] ] } },
{ "type": "Feature", "properties": { "max_voltage": 132000.0, "len": 2390.0374642000415, "id": 122 }, "geometry": { "type": "LineString", "coordinates": [ [ 364118.188101265695877, 180118.001776624878403 ], [ 363579.871031102375127, 179235.743683065811638 ], [ 362347.481936236901674, 178668.861500346043613 ] ] } },
{ "type": "Feature", "properties": { "max_voltage": 132000.0, "len": 3787.3283550612955, "id": 123 }, "geometry": { "type": "LineString", "coordinates": [ [ 366374.998247796902433, 669115.553084062528796 ], [ 366768.388740402006079, 668794.929453199729323 ], [ 367416.963596365589183, 668593.52628712891601 ], [ 367859.000567538896576, 668618.155310082249343 ], [ 368979.988096169778146, 669109.224181788507849 ], [ 369646.714049089525361, 668454.921856868313625 ] ] } },
{ "type": "Feature", "properties": { "max_voltage": 132000.0, "len": 1321.8895629278288, "id": 124 }, "geometry": { "type": "LineString", "coordinates": [ [ 366823.640008596936241, 312443.068864497472532 ], [ 367072.805250927456655, 312517.138481945032254 ], [ 366803.440802622935735, 313167.759800383355469 ], [ 367012.488412412814796, 313458.102944946847856 ] ] } },
{ "type": "Feature", "properties": { "max_voltage": 132000.0, "len": 1279.2343298470237, "id": 125 }, "geometry": { "type": "LineString", "coordinates": [ [ 368171.326443083176855, 178322.796896235260647 ], [ 368032.726667699695099, 177636.07335214849445 ], [ 367618.940077725041192, 177231.558328000974143 ] ] } },
{ "type": "Feature", "properties": { "max_voltage": 132000.0, "len": 3632.84694974783, "id": 126 }, "geometry": { "type": "LineString", "coordinates": [ [ 370545.129015718877781, 673796.993102357606404 ], [ 371269.838576916779857, 674035.355276704533026 ], [ 372004.552326638426166, 674168.669525189325213 ], [ 373838.498965930950362, 674525.640913565759547 ], [ 374042.385948242153972, 674372.709852923057042 ] ] } },
{ "type": "Feature", "properties": { "max_voltage": 132000.0, "len": 1229.4232975682262, "id": 127 }, "geometry": { "type": "LineString", "coordinates": [ [ 371504.796125542081427, 183891.473444731964264 ], [ 371250.650308421521913, 184014.099260907270946 ], [ 370615.267809521930758, 184716.632859573466703 ] ] } },
{ "type": "Feature", "properties": { "max_voltage": 132000.0, "len": 7692.9308384648293, "id": 128 }, "geometry": { "type": "LineString", "coordinates": [ [ 379088.080247315927409, 785933.999831340624951 ], [ 378518.849403808009811, 785494.788771666935645 ], [ 377982.228146856883541, 785625.896904920809902 ], [ 377402.66670789627824, 785295.619219994638115 ], [ 376943.658006457379088, 785242.792900182190351 ], [ 376423.791307064821012, 784819.477312818868086 ], [ 376022.713646894611884, 785203.099439030745998 ], [ 374270.659947685257066, 785203.203290247358382 ], [ 374161.097248603182379, 785423.344088332960382 ], [ 373416.188082349370234, 785461.925904017873108 ], [ 372471.392851780168712, 785367.16678807802964 ], [ 372115.1881879803841, 785479.937328881700523 ] ] } },
{ "type": "Feature", "properties": { "max_voltage": 132000.0, "len": 2525.8143836591603, "id": 129 }, "geometry": { "type": "LineString", "coordinates": [ [ 372693.375370620866306, 391043.240015907096677 ], [ 372354.704484254471026, 391260.790726598876063 ], [ 372212.64213564619422, 391670.823716156068258 ], [ 372455.190935763064772, 391866.570356127398554 ], [ 372658.092575344082434, 392611.751562547928188 ], [ 372922.496082632162143, 393156.305256324936636 ] ] } },
{ "type": "Feature", "properties": { "max_voltage": 132000.0, "len": 1000.4487990292264, "id": 130 }, "geometry": { "type": "LineString", "coordinates": [ [ 374046.360013371217065, 674378.429078993736766 ], [ 373860.093643690866884, 674528.692771527101286 ], [ 374322.464180517883506, 674579.152392216026783 ], [ 374441.855840283213183, 674850.019517921842635 ] ] } },
{ "type": "Feature", "properties": { "max_voltage": 132000.0, "len": 2060.5649816332066, "id": 131 }, "geometry": { "type": "LineString", "coordinates": [ [ 375463.52746204554569, 164408.682109657209367 ], [ 375653.445874610333703, 164733.599050485121552 ], [ 375729.475956797658, 165701.107841106189881 ], [ 376338.353339996305294, 166073.489572714839596 ] ] } },
{ "type": "Feature", "properties": { "max_voltage": 132000.0, "len": 1079.5083090049004, "id": 132 }, "geometry": { "type": "LineString", "coordinates": [ [ 377172.187881860299967, 814366.516450124676339 ], [ 377714.263782358728349, 814377.868925311020575 ], [ 377177.316305148939136, 814358.038295842590742 ] ] } },
{ "type": "Feature", "properties": { "max_voltage": 132000.0, "len": 1768.8978267281814, "id": 133 }, "geometry": { "type": "LineString", "coordinates": [ [ 382411.468705306877382, 220734.513890103553422 ], [ 382010.901201667787973, 219975.365622995304875 ], [ 382108.552319222479127, 219506.278765688766725 ], [ 381751.366974791977555, 219264.347508928913157 ] ] } },
{ "type": "Feature", "properties": { "max_voltage": 132000.0, "len": 1746.4883350874836, "id": 134 }, "geometry": { "type": "LineString", "coordinates": [ [ 381763.681229451030958, 219271.076025556889363 ], [ 381852.677965791488532, 219296.210506977426121 ], [ 381924.714231205813121, 219375.79702347057173 ], [ 382104.949931795999873, 219480.876818004995584 ], [ 382110.593157348688692, 219509.029814545006957 ], [ 382014.221456933941226, 219974.063424916763324 ], [ 382437.505403204879258, 220693.135259122995194 ] ] } },
{ "type": "Feature", "properties": { "max_voltage": 132000.0, "len": 1885.0961186331258, "id": 135 }, "geometry": { "type": "LineString", "coordinates": [ [ 382318.865893341368064, 416421.780359671625774 ], [ 383320.30961957789259, 415775.670807975111529 ], [ 383083.452671055623796, 415124.071505599888042 ] ] } },
{ "type": "Feature", "properties": { "max_voltage": 132000.0, "len": 1136.9954233206299, "id": 136 }, "geometry": { "type": "LineString", "coordinates": [ [ 382457.462661848927382, 268000.422305140644312 ], [ 382917.533571177104022, 268001.56776156189153 ], [ 383527.887049328302965, 268294.302280956530012 ] ] } },
{ "type": "Feature", "properties": { "max_voltage": 132000.0, "len": 1062.3141952160752, "id": 137 }, "geometry": { "type": "LineString", "coordinates": [ [ 382555.052480424346868, 267854.592395875137299 ], [ 383425.906528784485999, 268147.440211829729378 ], [ 383515.152201533142943, 268259.862845358962659 ] ] } },
{ "type": "Feature", "properties": { "max_voltage": 132000.0, "len": 2860.7190429723946, "id": 138 }, "geometry": { "type": "LineString", "coordinates": [ [ 384543.266748407389969, 217387.18765621795319 ], [ 384076.767895982018672, 217780.845089722250123 ], [ 383813.223866388318129, 217541.06058461239445 ], [ 383423.837680311058648, 217717.196674381324556 ], [ 383322.980435778503306, 218049.549331507412717 ], [ 382897.487449898384511, 218397.344886822451372 ], [ 382989.336229284235742, 218547.083563662366942 ], [ 382858.411458140995819, 218688.36491968127666 ], [ 382725.64005365234334, 218745.7149004425155 ], [ 382704.955114911193959, 218781.289576959388796 ], [ 382702.837696760194376, 218782.253459741506958 ], [ 382692.229252168617677, 218780.922236290643923 ], [ 382689.553954017581418, 218780.58372147596674 ] ] } },
{ "type": "Feature", "properties": { "max_voltage": 132000.0, "len": 1479.4794730987969, "id": 139 }, "geometry": { "type": "LineString", "coordinates": [ [ 383004.555128264648374, 276101.5193883565953 ], [ 382763.789059523318429, 275335.979101018165238 ], [ 382981.802017462905496, 274695.073676818690728 ] ] } },
{ "type": "Feature", "properties": { "max_voltage": 132000.0, "len": 1029.4838504105012, "id": 140 }, "geometry": { "type": "LineString", "coordinates": [ [ 383562.955875010637101, 268227.233384953637142 ], [ 383662.37639078788925, 268100.684889375872444 ], [ 383961.816071196692064, 268073.789765738474671 ], [ 384519.83775552525185, 268179.290528165525757 ] ] } },
{ "type": "Feature", "properties": { "max_voltage": 132000.0, "len": 3928.7800507528441, "id": 141 }, "geometry": { "type": "LineString", "coordinates": [ [ 383861.998754894011654, 347987.570738665468525 ], [ 384729.615648202307057, 348469.084525815269444 ], [ 385700.720320153748617, 349293.76100672618486 ], [ 385820.519589882169385, 350094.701825073163491 ], [ 386307.90042350301519, 350478.969363754906226 ], [ 386538.324474307999481, 350452.125409275875427 ] ] } },
{ "type": "Feature", "properties": { "max_voltage": 132000.0, "len": 4208.7695485623717, "id": 142 }, "geometry": { "type": "LineString", "coordinates": [ [ 386557.866320704459213, 350428.930929391819518 ], [ 386317.294632087985519, 351544.342074208660051 ], [ 386809.655616331088822, 352629.980595347064082 ], [ 387499.838696053775493, 353223.734620151226409 ], [ 387856.379523654468358, 353762.381758547679055 ], [ 388116.268234811897855, 353576.977110580017325 ] ] } },
{ "type": "Feature", "properties": { "max_voltage": 132000.0, "len": 8762.2890810149784, "id": 143 }, "geometry": { "type": "LineString", "coordinates": [ [ 386560.34479251538869, 350428.300956948194653 ], [ 386892.577430613222532, 350304.047369171225 ], [ 387316.024381051887758, 350509.519398422969971 ], [ 387601.412064507603645, 350052.523379321093671 ], [ 388062.044499994546641, 350181.493493624089751 ], [ 388405.924723888281733, 349903.684254553285427 ], [ 389109.944809465785511, 349952.204085149802268 ], [ 389833.924718389345799, 349607.450708635617048 ], [ 390051.803553824312985, 349067.54570771654835 ], [ 391373.069857043446973, 349601.768844038888346 ], [ 392983.065403719432652, 349462.367039469361771 ], [ 393515.504241590388119, 349243.108395752962679 ], [ 394278.702639698050916, 349351.909981630509719 ] ] } },
{ "type": "Feature", "properties": { "max_voltage": 132000.0, "len": 1015.0691738537427, "id": 144 }, "geometry": { "type": "LineString", "coordinates": [ [ 388598.284213355800603, 813879.445304997265339 ], [ 387901.441372273198795, 814617.534379933378659 ] ] } },
{ "type": "Feature", "properties": { "max_voltage": 132000.0, "len": 1043.0619698816736, "id": 145 }, "geometry": { "type": "LineString", "coordinates": [ [ 389759.856836610997561, 165896.333161072456278 ], [ 389953.863357135734987, 166039.354684216028545 ], [ 390113.733846328570507, 166825.295275594224222 ] ] } },
{ "type": "Feature", "properties": { "max_voltage": 132000.0, "len": 6701.4783692601841, "id": 146 }, "geometry": { "type": "LineString", "coordinates": [ [ 396181.480290588573553, 813876.335235058679245 ], [ 395541.947653381910641, 813879.133407115237787 ], [ 394820.225306384381838, 812735.146355868899263 ], [ 393741.255605848622508, 812720.611150820157491 ], [ 392178.647480162093416, 812443.10497093538288 ], [ 391777.05482950550504, 812661.723383871954866 ], [ 390772.35034589166753, 812843.666384455747902 ], [ 390217.768670480174478, 812736.177371177240275 ] ] } },
{ "type": "Feature", "properties": { "max_voltage": 132000.0, "len": 6328.6313838430397, "id": 147 }, "geometry": { "type": "LineString", "coordinates": [ [ 391527.809765263984445, 88472.243968987866538 ], [ 391283.341707765008323, 88193.324199286667863 ], [ 391422.64715906616766, 87497.570879000035347 ], [ 392430.436771960114129, 85640.492361749144038 ], [ 393165.123301329673268, 86180.357751191826537 ], [ 394627.972747310821433, 86377.491344555513933 ], [ 394783.542790885258, 85929.468934495002031 ], [ 395050.319217378506437, 85870.478823001292767 ] ] } },
{ "type": "Feature", "properties": { "max_voltage": 132000.0, "len": 6348.1198872699952, "id": 148 }, "geometry": { "type": "LineString", "coordinates": [ [ 395050.319217378506437, 85870.478823001292767 ], [ 394784.781138532911427, 85931.169046343595255 ], [ 394628.695740447263233, 86379.670124979136745 ], [ 393164.70721752505051, 86180.969909063482191 ], [ 392431.466790320293512, 85644.1271195000445 ], [ 391425.268645350181032, 87497.955728359578643 ], [ 391284.124759829312097, 88192.744629737862851 ], [ 391577.836223798978608, 88458.96245392394485 ] ] } },
{ "type": "Feature", "properties": { "max_voltage": 132000.0, "len": 2619.7257875771247, "id": 149 }, "geometry": { "type": "LineString", "coordinates": [ [ 391794.448286630504299, 284605.443933803704567 ], [ 392137.447682039346546, 284830.470533450657967 ], [ 392671.65274668490747, 286069.26981405087281 ], [ 392845.389705947891343, 286911.973119118309114 ] ] } },
{ "type": "Feature", "properties": { "max_voltage": 132000.0, "len": 1647.1665223189991, "id": 150 }, "geometry": { "type": "LineString", "coordinates": [ [ 393351.985904806701001, 289908.882610174652655 ], [ 392954.439963577548042, 290197.548380628286395 ], [ 391802.929997950559482, 290097.229136737878434 ] ] } },
{ "type": "Feature", "properties": { "max_voltage": 132000.0, "len": 3907.4657848077723, "id": 151 }, "geometry": { "type": "LineString", "coordinates": [ [ 391845.975144364347216, 223321.308027459046571 ], [ 391678.553468407539185, 222957.449030122166732 ], [ 392104.931455310608726, 222796.240888821484987 ], [ 392018.167100016726181, 222089.159636191732716 ], [ 392678.503491302602924, 221823.043892200686969 ], [ 394286.38954171736259, 221575.866310390469152 ] ] } },
{ "type": "Feature", "properties": { "max_voltage": 132000.0, "len": 3351.5048854034662, "id": 152 }, "geometry": { "type": "LineString", "coordinates": [ [ 392301.150244098505937, 304229.52926369162742 ], [ 392413.587456923094578, 304276.971635714406148 ], [ 392435.211862753669266, 304291.242805825779215 ], [ 392440.320740495226346, 304308.076260515430477 ], [ 392467.960797165171243, 304339.357592457614373 ], [ 392303.32542896468658, 304907.412935897125863 ], [ 392222.553990712563973, 306137.77539640350733 ], [ 393164.48299144586781, 306027.739342996210326 ], [ 393434.44178564887261, 306282.877208926947787 ] ] } },
{ "type": "Feature", "properties": { "max_voltage": 132000.0, "len": 4103.1164932720831, "id": 153 }, "geometry": { "type": "LineString", "coordinates": [ [ 395962.025340308260638, 297569.600596740143374 ], [ 395858.987409210240003, 297386.737555234052707 ], [ 394799.737261717615183, 298008.677909767953679 ], [ 394579.961251550877932, 297975.828732358640991 ], [ 393969.003529798414093, 297908.025383129192051 ], [ 393623.602784647373483, 297589.009618140233215 ], [ 392796.216637303528842, 298086.596765657886863 ], [ 392446.272382415831089, 298156.389587011362892 ], [ 392413.08416704274714, 298143.927561611984856 ] ] } },
{ "type": "Feature", "properties": { "max_voltage": 132000.0, "len": 1208.2889953764075, "id": 154 }, "geometry": { "type": "LineString", "coordinates": [ [ 393351.886752167250961, 289905.890501092711929 ], [ 393870.523771353298798, 289380.080177364230622 ], [ 394000.666992241342086, 288928.732812657894101 ] ] } },
{ "type": "Feature", "properties": { "max_voltage": 132000.0, "len": 3588.1461257505148, "id": 155 }, "geometry": { "type": "LineString", "coordinates": [ [ 394558.977412958629429, 801961.408304202836007 ], [ 394746.944705619825982, 802911.082518038223498 ], [ 394144.17050045565702, 805443.240201290464029 ], [ 394140.448412155266851, 805459.966047029360197 ] ] } },
{ "type": "Feature", "properties": { "max_voltage": 132000.0, "len": 1155.9162016646819, "id": 156 }, "geometry": { "type": "LineString", "coordinates": [ [ 395555.378429877222516, 300817.661019016581122 ], [ 394983.821907354227733, 301822.382575883122627 ] ] } },
{ "type": "Feature", "properties": { "max_voltage": 132000.0, "len": 1037.3458905401017, "id": 157 }, "geometry": { "type": "LineString", "coordinates": [ [ 395050.319217378506437, 85870.478823001292767 ], [ 395590.206795198027976, 85604.458988183585461 ], [ 396024.606586204899941, 85635.082042761699995 ] ] } },
{ "type": "Feature", "properties": { "max_voltage": 132000.0, "len": 1624.1161335085658, "id": 158 }, "geometry": { "type": "LineString", "coordinates": [ [ 397470.235488011618145, 84951.424329277477227 ], [ 396362.324685158673674, 85335.276499508559937 ], [ 396024.606586204899941, 85635.082042761699995 ] ] } },
{ "type": "Feature", "properties": { "max_voltage": 132000.0, "len": 1629.551083752071, "id": 159 }, "geometry": { "type": "LineString", "coordinates": [ [ 396024.606586204899941, 85635.082042761699995 ], [ 396364.205501117801759, 85336.598439979425166 ], [ 397476.673906907672063, 84950.931798104429618 ] ] } },
{ "type": "Feature", "properties": { "max_voltage": 132000.0, "len": 3331.8207158553714, "id": 160 }, "geometry": { "type": "LineString", "coordinates": [ [ 398545.415045033325441, 289073.493148004054092 ], [ 398149.539742935216054, 289701.127373722963966 ], [ 398136.832099077058956, 290236.665948194160592 ], [ 396580.79597624001326, 291062.05496865400346 ], [ 396449.584204996121116, 291323.678347474138718 ] ] } },
{ "type": "Feature", "properties": { "max_voltage": 132000.0, "len": 1749.4199466732052, "id": 161 }, "geometry": { "type": "LineString", "coordinates": [ [ 396951.296469711698592, 283925.285527199914213 ], [ 397112.483042844105512, 283657.308854644070379 ], [ 397064.5103626694181, 282936.30430199339753 ], [ 397765.435322101868223, 283072.859961489331909 ] ] } },
{ "type": "Feature", "properties": { "max_voltage": 132000.0, "len": 1469.2869670529694, "id": 162 }, "geometry": { "type": "LineString", "coordinates": [ [ 397946.201665192085784, 398373.198608277074527 ], [ 397426.813493720314, 399093.124059509020299 ], [ 397022.403492217476014, 399409.388976719172206 ], [ 397040.685229738242924, 399475.061608620279003 ] ] } },
{ "type": "Feature", "properties": { "max_voltage": 132000.0, "len": 1545.4186010318042, "id": 163 }, "geometry": { "type": "LineString", "coordinates": [ [ 398104.117740267945919, 398404.346764365793206 ], [ 397856.567244996025693, 398626.276969589293003 ], [ 397436.24557753757108, 399099.148689192428719 ], [ 397026.411313183663879, 399410.00938202184625 ], [ 397043.80256320227636, 399473.557649963593576 ] ] } },
{ "type": "Feature", "properties": { "max_voltage": 132000.0, "len": 1425.8682290373854, "id": 164 }, "geometry": { "type": "LineString", "coordinates": [ [ 398762.170543059881311, 91027.939022073638625 ], [ 400161.510862295224797, 90754.17474839912029 ] ] } },
{ "type": "Feature", "properties": { "max_voltage": 132000.0, "len": 2171.6539273863236, "id": 165 }, "geometry": { "type": "LineString", "coordinates": [ [ 399174.072490024904255, 281531.557486305187922 ], [ 399589.299103797995485, 281442.897409351076931 ], [ 400983.493228087201715, 282495.73505934025161 ] ] } },
{ "type": "Feature", "properties": { "max_voltage": 132000.0, "len": 6929.003250459009, "id": 166 }, "geometry": { "type": "LineString", "coordinates": [ [ 399319.404113521974068, 281464.401906218728982 ], [ 399986.475827503832988, 280603.097055368183646 ], [ 400654.019004547910299, 280923.701848892378621 ], [ 401354.421655223181006, 280772.461048971861601 ], [ 401840.126668362005148, 280258.060564684914425 ], [ 402332.275431714777369, 280249.525999416015111 ], [ 403017.640039164107293, 279866.670267126173712 ], [ 403967.725568410591222, 280314.951229652273469 ], [ 405113.263022770348471, 281023.999511114845518 ] ] } },
{ "type": "Feature", "properties": { "max_voltage": 132000.0, "len": 2266.3301841782882, "id": 167 }, "geometry": { "type": "LineString", "coordinates": [ [ 401573.542360844381619, 277651.190347143565305 ], [ 401568.190925388014875, 277656.067535836540628 ], [ 401540.81899382174015, 277648.951697667886037 ], [ 401475.463420410291292, 277696.274241934414022 ], [ 401120.343373706797138, 278408.852227809489705 ], [ 400444.42116427840665, 278677.790612796728965 ], [ 400049.257341457589064, 279163.938768803142011 ] ] } },
{ "type": "Feature", "properties": { "max_voltage": 132000.0, "len": 2123.0966816259311, "id": 168 }, "geometry": { "type": "LineString", "coordinates": [ [ 402084.876444433408324, 300056.299925579864066 ], [ 401577.016150531359017, 299968.065958206250798 ], [ 400797.225154594576452, 300265.677549418527633 ], [ 400065.365689331374597, 300016.93652136309538 ] ] } },
{ "type": "Feature", "properties": { "max_voltage": 132000.0, "len": 4869.3679973880089, "id": 169 }, "geometry": { "type": "LineString", "coordinates": [ [ 400986.766856980684679, 282550.118179072393104 ], [ 400864.170912938483525, 283048.039335990673862 ], [ 401479.607443314860575, 283819.706370589148719 ], [ 401424.965931796468794, 284340.047670478757937 ], [ 401798.07378798048012, 284812.831603514205199 ], [ 402481.291752439981792, 285194.115234241238795 ], [ 403042.093110276502557, 285362.015349602268543 ], [ 403288.09325872012414, 286203.038630194670986 ] ] } },
{ "type": "Feature", "properties": { "max_voltage": 132000.0, "len": 5486.4417272875962, "id": 170 }, "geometry": { "type": "LineString", "coordinates": [ [ 402082.173218867683318, 300007.465584643883631 ], [ 402037.233495577878784, 299485.988888856547419 ], [ 402418.951124893443193, 298966.408606380748097 ], [ 402579.649980895221233, 298310.165008572454099 ], [ 402247.144404891121667, 297295.04799893143354 ], [ 402395.995034792867955, 296953.84009957651142 ], [ 402095.04695454944158, 296718.687592370202765 ], [ 402318.730038041307125, 295749.565620289882645 ], [ 402678.130470654112287, 295579.237043203262147 ], [ 402668.39094597066287, 295418.161187953024637 ], [ 402674.050405217800289, 295200.974522761127446 ], [ 402692.166401855356526, 295163.119071796885692 ], [ 402693.166644999408163, 295155.805481594870798 ] ] } },
{ "type": "Feature", "properties": { "max_voltage": 132000.0, "len": 9385.3094573336821, "id": 171 }, "geometry": { "type": "LineString", "coordinates": [ [ 404990.737229207181372, 287690.816959329706151 ], [ 404872.499091731850058, 288196.877938392746728 ], [ 405012.001565885904711, 288551.111433206067886 ], [ 404915.283372075529769, 289145.147617177513894 ], [ 405108.326716629613657, 289452.47339918569196 ], [ 405197.17459888686426, 290160.458320658421144 ], [ 405797.606199504283722, 290740.712649946275633 ], [ 405842.656953347788658, 291440.128464771260042 ], [ 405319.872926386422478, 292215.751102177775465 ], [ 404776.662927317898721, 292825.05676299118204 ], [ 404161.422856397810392, 293055.592029432591517 ], [ 403563.400305808114354, 293422.214288562186994 ], [ 403667.519223910931032, 293842.918129392317496 ], [ 403532.016862921940628, 294073.99330137722427 ], [ 403150.057190421735868, 294593.549844086461235 ], [ 403008.706401517090853, 294723.533154505013954 ], [ 403000.417190820153337, 294855.343631382100284 ], [ 402638.463204668776598, 294921.99679539288627 ], [ 402554.059138763695955, 294964.223911581560969 ], [ 402526.15301023144275, 294966.063096228986979 ] ] } },
{ "type": "Feature", "properties": { "max_voltage": 132000.0, "len": 5670.8615755288902, "id": 172 }, "geometry": { "type": "LineString", "coordinates": [ [ 402615.246174027444795, 294976.412955747800879 ], [ 403002.869668283907231, 294858.882402345829178 ], [ 403074.171954549092334, 294694.194720157887787 ], [ 403292.602796901832335, 294410.400340909603983 ], [ 403852.85676946293097, 293638.915023166395258 ], [ 403954.983045101980679, 293544.999290830979589 ], [ 405572.560681810544338, 292761.629023780522402 ], [ 405745.075658898858819, 292734.237719494209159 ], [ 405873.89248622773448, 292741.829229058988858 ], [ 406069.838068878219929, 292749.694401720655151 ], [ 406095.847271422331687, 292609.790780784678645 ], [ 407063.401302512385882, 292273.098648624436464 ], [ 407177.954031384026166, 292144.573215816693846 ] ] } },
{ "type": "Feature", "properties": { "max_voltage": 132000.0, "len": 6587.971655004194, "id": 173 }, "geometry": { "type": "LineString", "coordinates": [ [ 408272.593333900207654, 295254.503570600238163 ], [ 407925.889645454823039, 295025.001250893576071 ], [ 406250.943874975375365, 295595.116694321215618 ], [ 405530.327579910634086, 295415.041243211482652 ], [ 404846.181083572679199, 295818.466230050136801 ], [ 404457.084685467532836, 295385.316468077944592 ], [ 404029.133443571685348, 295225.686663817905355 ], [ 403745.741244809585623, 294822.735847554169595 ], [ 403518.007702779548708, 294871.193708306120243 ], [ 403401.614098630612716, 294869.289869581349194 ], [ 403159.031610331032425, 294817.252199458191171 ], [ 402841.427179317455739, 294927.000082610582467 ], [ 402856.254899646330159, 295074.319040055735968 ], [ 402849.657314230804332, 295159.934200132382102 ], [ 402704.893840100150555, 295173.826758564042393 ], [ 402693.166644999408163, 295155.805481594870798 ] ] } },
{ "type": "Feature", "properties": { "max_voltage": 132000.0, "len": 3124.5222235116207, "id": 174 }, "geometry": { "type": "LineString", "coordinates": [ [ 404456.53353797388263, 317393.26327462377958 ], [ 404668.158321592782158, 317587.226851171930321 ], [ 405154.00321745837573, 317259.769532791280653 ], [ 405661.686314778053202, 316727.725601585640106 ], [ 406100.870346587791573, 316776.658642276423052 ], [ 405717.498699890973512, 317317.631067951151635 ], [ 405962.94340585928876, 317422.208331591566093 ], [ 406072.397082282055635, 317327.987104122817982 ] ] } },
{ "type": "Feature", "properties": { "max_voltage": 132000.0, "len": 2220.274513130676, "id": 175 }, "geometry": { "type": "LineString", "coordinates": [ [ 406841.707392967189662, 287941.99582587077748 ], [ 406625.171291423437651, 287930.257480465108529 ], [ 406184.98140003811568, 288366.414926878118422 ], [ 405237.397943022893742, 287902.816208236617967 ], [ 404988.825560461205896, 287687.544737202173565 ] ] } },
{ "type": "Feature", "properties": { "max_voltage": 132000.0, "len": 1535.2451438794374, "id": 176 }, "geometry": { "type": "LineString", "coordinates": [ [ 405829.402584019699134, 286555.619729029596783 ], [ 404928.659745277196635, 287378.161865148227662 ], [ 404993.287546339503024, 287686.915130885085091 ] ] } },
{ "type": "Feature", "properties": { "max_voltage": 132000.0, "len": 1746.5869013311269, "id": 177 }, "geometry": { "type": "LineString", "coordinates": [ [ 408266.041313618712593, 288760.371331861184444 ], [ 408254.221143166301772, 288745.423019547539297 ], [ 407763.006275339750573, 288105.394019452854991 ], [ 407440.740044628561009, 288047.860417812131345 ], [ 406995.608142625307664, 287679.31520735839149 ], [ 406981.647792693867814, 287685.973428700701334 ] ] } },
{ "type": "Feature", "properties": { "max_voltage": 132000.0, "len": 1101.6745278248486, "id": 178 }, "geometry": { "type": "LineString", "coordinates": [ [ 407237.66586404282134, 288006.760313771606889 ], [ 407200.999484351661522, 288094.004656909615733 ], [ 407157.341052200819831, 288315.578766315651592 ], [ 407370.489976370125078, 288383.276060852222145 ], [ 407455.75742606096901, 288725.085680245072581 ], [ 407475.557400962512475, 288754.726316809013952 ], [ 407555.348802093300037, 288795.080716767872218 ], [ 407599.30484462325694, 288805.681641399336513 ], [ 407627.887998517195228, 288825.882363896060269 ] ] } },
{ "type": "Feature", "properties": { "max_voltage": 132000.0, "len": 1374.1379321385264, "id": 179 }, "geometry": { "type": "LineString", "coordinates": [ [ 407353.599579688219819, 288257.72799174010288 ], [ 407359.410272150300443, 288272.402218675881159 ], [ 407382.519615762284957, 288379.667591224831995 ], [ 407547.059122032485902, 288436.955861093767453 ], [ 407659.099318822904024, 288525.047649645071942 ], [ 407807.826687925087754, 288966.573221158527303 ], [ 407944.706089312268887, 288827.567183534032665 ], [ 408122.229615563701373, 288728.042014547390863 ], [ 408186.629413554561324, 288708.258648067945614 ] ] } },
{ "type": "Feature", "properties": { "max_voltage": 132000.0, "len": 1754.2092271506422, "id": 180 }, "geometry": { "type": "LineString", "coordinates": [ [ 407627.887998517195228, 288825.882363896060269 ], [ 407635.505101888906211, 288831.265639374090824 ], [ 407669.988627186394297, 288904.511790051590651 ], [ 407688.803994647460058, 288985.731818717147689 ], [ 407814.234401688852813, 288971.444283618999179 ], [ 407877.955351588199846, 289351.826705116312951 ], [ 408337.022850332898088, 289861.090232509945054 ], [ 408533.974812136730179, 289877.587158302252647 ], [ 408609.938587099022698, 289851.199564655020367 ], [ 408709.721478544990532, 289843.742727917328011 ], [ 408710.610758443712257, 289848.538225847587455 ] ] } },
{ "type": "Feature", "properties": { "max_voltage": 132000.0, "len": 1671.8695789550552, "id": 181 }, "geometry": { "type": "LineString", "coordinates": [ [ 408710.610758443712257, 289848.538225847587455 ], [ 408670.195828201831318, 289852.572459336020984 ], [ 408647.261480113025755, 289852.176527524716221 ], [ 408591.350703534786589, 289861.156376854283735 ], [ 408523.9461615862092, 289887.558935123961419 ], [ 408355.734492962423246, 289882.178627688321285 ], [ 407868.030150154489093, 289352.356053949857596 ], [ 407699.167958787933458, 289110.165086301451083 ], [ 407675.750681310426444, 288945.210721080249641 ], [ 407662.354492027079687, 288897.95936891855672 ], [ 407631.128880447882693, 288833.973081599455327 ], [ 407627.887998517195228, 288825.882363896060269 ] ] } },
{ "type": "Feature", "properties": { "max_voltage": 132000.0, "len": 1592.1459220505731, "id": 182 }, "geometry": { "type": "LineString", "coordinates": [ [ 409324.2416708652745, 289884.553243211121298 ], [ 409310.985304163768888, 289878.071244242310058 ], [ 409175.775938721781131, 289846.406376813480165 ], [ 408877.029575773049146, 289538.76292165875202 ], [ 408739.917416830197908, 289235.212766459037084 ], [ 408495.158647589676548, 289050.80414860334713 ], [ 408421.195703993842471, 288963.124554773850832 ], [ 408395.586356688465457, 288924.215438032057136 ], [ 408348.707404519140255, 288864.914540396130178 ], [ 408266.041313618712593, 288760.371331861184444 ] ] } },
{ "type": "Feature", "properties": { "max_voltage": 132000.0, "len": 1657.486574677622, "id": 183 }, "geometry": { "type": "LineString", "coordinates": [ [ 408266.041313618712593, 288760.371331861184444 ], [ 408272.594648001715541, 288756.265671804372687 ], [ 408321.689396335394122, 288742.176157935522497 ], [ 408508.062644151388668, 288746.129048010974657 ], [ 408796.639750201429706, 288871.771815109532326 ], [ 409340.078075406723656, 289801.495405984460376 ], [ 409360.374015147681348, 289805.138511917204596 ] ] } },
{ "type": "Feature", "properties": { "max_voltage": 132000.0, "len": 3610.7058870165019, "id": 184 }, "geometry": { "type": "LineString", "coordinates": [ [ 409634.13482476817444, 289019.636650935281068 ], [ 409599.683327431615908, 288959.456196283048484 ], [ 409570.463306060468312, 288907.263490306970198 ], [ 409476.628722064488102, 288746.881517920759507 ], [ 409328.145910015213303, 288497.198414177866653 ], [ 409156.560695624910295, 288322.305596239631996 ], [ 408411.336850096122362, 288117.349016792839393 ], [ 408104.510474382899702, 287531.651224724540953 ], [ 408409.782928783271927, 287096.815376756596379 ], [ 408588.85818709229352, 286352.811584930343088 ], [ 408588.245191900699865, 286323.231458074704278 ] ] } },
{ "type": "Feature", "properties": { "max_voltage": 132000.0, "len": 8732.4727923032624, "id": 185 }, "geometry": { "type": "LineString", "coordinates": [ [ 416414.107418381143361, 434055.872132580145262 ], [ 416208.397433671809267, 434663.42440579237882 ], [ 415581.720368018897716, 434529.253344478085637 ], [ 415387.637709876988083, 434801.694598285132088 ], [ 414780.591844839393161, 434697.590933256782591 ], [ 414364.301411329652183, 435165.146479385206476 ], [ 413696.117435113061219, 435044.464114883681759 ], [ 413181.825784483226016, 435429.007015146082267 ], [ 411781.072139905008953, 435577.338855299749412 ], [ 411003.696029942308087, 435265.234620653209276 ], [ 410041.603734952630475, 435573.098139071895275 ], [ 409197.768412542180158, 435606.240045412094332 ], [ 408767.02845237852307, 435538.176858306513168 ], [ 408753.982975019782316, 435529.663663541607093 ] ] } },
{ "type": "Feature", "properties": { "max_voltage": 132000.0, "len": 8327.4997859402101, "id": 186 }, "geometry": { "type": "LineString", "coordinates": [ [ 416396.789010454143863, 434754.665614900994115 ], [ 415963.018084954936057, 434765.413761341013014 ], [ 415585.371870282222517, 434544.230045775999315 ], [ 415392.615872547670733, 434803.76919528702274 ], [ 414784.269164499011822, 434705.112591231474653 ], [ 414387.723221454420127, 435173.651527189300396 ], [ 413690.895360476220958, 435058.189678034628741 ], [ 413186.023784589546267, 435434.693064277875237 ], [ 411720.56069295090856, 435584.453540008864366 ], [ 410999.095154901093338, 435273.012158839497715 ], [ 410042.512704008782748, 435579.119275938137434 ], [ 409198.267892100557219, 435610.090635858126916 ], [ 408753.270034489047248, 435536.983172288106289 ], [ 408753.982975019782316, 435529.663663541607093 ] ] } },
{ "type": "Feature", "properties": { "max_voltage": 132000.0, "len": 5377.666132696113, "id": 187 }, "geometry": { "type": "LineString", "coordinates": [ [ 408872.195919566729572, 434771.58701292029582 ], [ 409216.169034677208401, 434903.620472537935711 ], [ 409685.849304754519835, 434554.465959710534662 ], [ 412886.344813291274477, 433529.580195603193715 ], [ 413912.165165210491978, 433249.413269520155154 ] ] } },
{ "type": "Feature", "properties": { "max_voltage": 132000.0, "len": 1162.9758210990151, "id": 188 }, "geometry": { "type": "LineString", "coordinates": [ [ 409953.229186494776513, 289890.109252194233704 ], [ 409943.678923160943668, 289896.273752000823151 ], [ 409556.769960892153904, 290109.164308673527557 ], [ 409550.306840444973204, 290110.063997968158219 ], [ 409517.485624391585588, 290088.031793185451534 ], [ 409483.115975790424272, 290069.890112984983716 ], [ 409406.62388056574855, 290037.697386945714243 ], [ 409274.21692293434171, 289972.797759874083567 ], [ 409111.958127246645745, 289898.947957048250828 ], [ 408906.045891132729594, 289907.106115927628707 ], [ 408898.742319526732899, 289899.868860194168519 ] ] } },
{ "type": "Feature", "properties": { "max_voltage": 132000.0, "len": 1826.7776447725082, "id": 189 }, "geometry": { "type": "LineString", "coordinates": [ [ 408996.767655879317317, 286276.915617686929181 ], [ 409005.278071857814211, 286281.490054399124347 ], [ 409176.749148286413401, 286313.516922850976698 ], [ 409169.686945521971211, 287041.195337737270165 ], [ 409177.394351541763172, 286309.880715860403143 ], [ 409014.572942238708492, 286279.96073041431373 ], [ 408996.767655879317317, 286276.915617686929181 ] ] } },
{ "type": "Feature", "properties": { "max_voltage": 132000.0, "len": 2331.2861713554971, "id": 190 }, "geometry": { "type": "LineString", "coordinates": [ [ 409627.422640463977586, 284839.845397183089517 ], [ 409108.032535689068027, 285188.879206090408843 ], [ 408481.289448741823435, 285809.76515477267094 ], [ 408604.850306680193171, 286060.601654157042503 ], [ 408845.938803048804402, 286087.65439801447792 ], [ 409003.482989886426367, 286166.269173468055669 ], [ 408976.539592845307197, 286254.90842858859105 ], [ 408980.339967355190311, 286268.085564999666531 ], [ 408996.767655879317317, 286276.915617686929181 ] ] } },
{ "type": "Feature", "properties": { "max_voltage": 132000.0, "len": 1009.8127953891964, "id": 191 }, "geometry": { "type": "LineString", "coordinates": [ [ 409372.891279104514979, 288117.868561787938233 ], [ 409322.932407497661188, 288457.021371870767325 ], [ 409578.189771362871397, 288843.551354496041313 ], [ 409591.554979320964776, 288925.469033579051029 ], [ 409642.46745736367302, 288962.264428708236665 ], [ 409634.13482476817444, 289019.636650935281068 ] ] } },
{ "type": "Feature", "properties": { "max_voltage": 132000.0, "len": 3235.7918587860636, "id": 192 }, "geometry": { "type": "LineString", "coordinates": [ [ 412284.942326757591218, 285162.32323849434033 ], [ 412239.006753471505363, 285407.561694620293565 ], [ 411486.29371856857324, 285585.705837665183935 ], [ 410553.274132874677889, 284768.188961058738641 ], [ 409965.243969173461664, 284592.457051214703824 ], [ 409671.606583886255976, 284798.206879021134228 ] ] } },
{ "type": "Feature", "properties": { "max_voltage": 132000.0, "len": 4745.7718668008629, "id": 193 }, "geometry": { "type": "LineString", "coordinates": [ [ 410775.829893524816725, 282526.690579697431531 ], [ 410028.167097956815269, 281539.396091706003062 ], [ 409832.572801144851837, 280982.053757856658194 ], [ 409741.0816770621459, 280262.998555536614731 ], [ 409843.354364301718306, 279646.516386342584155 ], [ 410099.407404063094873, 279151.658683412882965 ], [ 410260.356327704386786, 278433.214733262197115 ], [ 410152.832364518020768, 278181.771884181071073 ] ] } },
{ "type": "Feature", "properties": { "max_voltage": 132000.0, "len": 1627.2664692737105, "id": 194 }, "geometry": { "type": "LineString", "coordinates": [ [ 411747.292266244534403, 290503.590190597868059 ], [ 411090.210926776169799, 290039.365121203940362 ], [ 410487.915970607369673, 290074.004940742917825 ], [ 410348.078890358272474, 289904.876771455921698 ] ] } },
{ "type": "Feature", "properties": { "max_voltage": 132000.0, "len": 3689.5754636485699, "id": 195 }, "geometry": { "type": "LineString", "coordinates": [ [ 410803.744226074486505, 314490.114263623952866 ], [ 412445.014995224599261, 311185.693381791410502 ] ] } },
{ "type": "Feature", "properties": { "max_voltage": 132000.0, "len": 1224.6561065233532, "id": 196 }, "geometry": { "type": "LineString", "coordinates": [ [ 411764.688716323347762, 420894.472776485141367 ], [ 411697.368162357422989, 421627.777753969654441 ], [ 411880.613976312160958, 422080.354906160500832 ] ] } },
{ "type": "Feature", "properties": { "max_voltage": 132000.0, "len": 6785.0016568723458, "id": 197 }, "geometry": { "type": "LineString", "coordinates": [ [ 412289.186610893812031, 285160.387141660845373 ], [ 412299.248136013513431, 285546.488304022233933 ], [ 411794.257159563305322, 285767.275681104161777 ], [ 412123.834992805379443, 286342.380485770932864 ], [ 412116.524160614935681, 286648.750173281063326 ], [ 412423.011174988059793, 287201.550373871286865 ], [ 412722.861633229884319, 288042.599194995651487 ], [ 413500.865051613596734, 288187.632693741004914 ], [ 413696.104781071830075, 288382.365537933539599 ], [ 414426.825107308803126, 288537.215555803733878 ], [ 415152.171702642575838, 287879.043185110669583 ], [ 415094.58371937694028, 287712.079403141455259 ], [ 415075.313975551398471, 287698.127191823790781 ], [ 415064.80177876498783, 287622.510159160941839 ], [ 415066.267265184724238, 287560.556082727038302 ], [ 415086.001890335115604, 287480.225906706531532 ], [ 415057.750092075380962, 287425.088997758750338 ], [ 415061.262616230698768, 287348.780591234564781 ] ] } },
{ "type": "Feature", "properties": { "max_voltage": 132000.0, "len": 2817.0846525669836, "id": 198 }, "geometry": { "type": "LineString", "coordinates": [ [ 414911.311232947628014, 292052.451116983080283 ], [ 414678.884033640322741, 291686.018853660731111 ], [ 413843.780248175025918, 291132.373812417325098 ], [ 413737.130680380330887, 290657.852310104062781 ], [ 413130.239539607195184, 290430.326021188055165 ], [ 412997.201896655140445, 290222.57419502310222 ] ] } },
{ "type": "Feature", "properties": { "max_voltage": 132000.0, "len": 2274.6631720410737, "id": 199 }, "geometry": { "type": "LineString", "coordinates": [ [ 414917.18251977028558, 292051.567838028771803 ], [ 415326.883007448108401, 292614.147275892959442 ], [ 416115.328692954150029, 292993.086480989819393 ], [ 416325.86081929737702, 293664.795641715056263 ] ] } },
{ "type": "Feature", "properties": { "max_voltage": 132000.0, "len": 2326.3842504129725, "id": 200 }, "geometry": { "type": "LineString", "coordinates": [ [ 415060.86809328495292, 279641.274046987877227 ], [ 415868.322355031908955, 279508.844154615770094 ], [ 416175.998399380303454, 279294.677678146807011 ], [ 416456.085646079678554, 278788.992225526366383 ], [ 416841.847350477590226, 278502.012613056809641 ], [ 416906.762168561224826, 278538.352126200217754 ] ] } },
{ "type": "Feature", "properties": { "max_voltage": 132000.0, "len": 3847.4143908335418, "id": 201 }, "geometry": { "type": "LineString", "coordinates": [ [ 415091.386866902525071, 287347.960543154273182 ], [ 415095.322846512019169, 287349.974599798850249 ], [ 415109.425157370336819, 287384.178301168722101 ], [ 415064.671801329765003, 287426.745258781476878 ], [ 415092.921714336145669, 287480.247031025472097 ], [ 415073.535660443129018, 287566.484882817196194 ], [ 415071.984776411321945, 287656.414595199516043 ], [ 415102.449780422146432, 287700.112171402492095 ], [ 415204.060730182507541, 287707.698552716814447 ], [ 415511.348143013077788, 287525.514182396698743 ], [ 415850.566222043707967, 287788.941368362633511 ], [ 416873.212462316965684, 287853.186280842928682 ], [ 417416.169462578138337, 288001.681201304716524 ], [ 417533.762268794816919, 287710.869152574741747 ], [ 418064.867997101624496, 287315.246970435488038 ] ] } },
{ "type": "Feature", "properties": { "max_voltage": 132000.0, "len": 7387.3338866167505, "id": 202 }, "geometry": { "type": "LineString", "coordinates": [ [ 415091.386866902525071, 287347.960543154273182 ], [ 415103.697934091906063, 287380.52337658952456 ], [ 415059.305053644347936, 287422.91350650327513 ], [ 415089.632623956771567, 287483.229241491178982 ], [ 415069.616319309687242, 287566.840011430263985 ], [ 415068.459326146054082, 287647.872031610750128 ], [ 415076.794460474338848, 287691.401918567891698 ], [ 415096.52041705994634, 287702.730354883184191 ], [ 415143.827309353975579, 287838.861334436689503 ], [ 415211.304243443184532, 287986.323086214251816 ], [ 415693.672537540202029, 288644.07046101585729 ], [ 416049.973014160059392, 288777.731409962580074 ], [ 416190.437716724642087, 289618.671160060970578 ], [ 416543.174013264942914, 290411.790650087816175 ], [ 417003.393234531744383, 290534.469753600133117 ], [ 417402.756803662166931, 290358.639687375805806 ], [ 418482.99034893134376, 290548.324165043013636 ], [ 418571.357014335866552, 290961.557294320664369 ], [ 418920.843972611008212, 291100.319799308897927 ], [ 418849.543659454386216, 291373.834895684092771 ], [ 419105.189766490948386, 291884.48649028869113 ], [ 419208.259326057974249, 291889.336662473913748 ], [ 419209.555230702797417, 291890.133972090960015 ] ] } },
{ "type": "Feature", "properties": { "max_voltage": 132000.0, "len": 6639.8099247963228, "id": 203 }, "geometry": { "type": "LineString", "coordinates": [ [ 417849.486906803911552, 564841.623056008596905 ], [ 419151.217238689190708, 564320.953381709521636 ], [ 421495.341918778605759, 563927.748372360481881 ], [ 422302.80826692347182, 563786.828265190590173 ], [ 423486.536606662382837, 563938.752209010650404 ], [ 424113.598548094218131, 564509.372338519431651 ] ] } },
{ "type": "Feature", "properties": { "max_voltage": 132000.0, "len": 1084.1004078966271, "id": 204 }, "geometry": { "type": "LineString", "coordinates": [ [ 419103.384546460292768, 287611.221289038541727 ], [ 419070.702029082924128, 287600.11439551244257 ], [ 419012.867249708273448, 287578.44480782788014 ], [ 418882.347008903103415, 287509.633279905596282 ], [ 418064.867997101624496, 287315.246970435488038 ] ] } },
{ "type": "Feature", "properties": { "max_voltage": 132000.0, "len": 1012.2279094485715, "id": 205 }, "geometry": { "type": "LineString", "coordinates": [ [ 419790.198585967998952, 292248.785031676234212 ], [ 419716.237942772102542, 292282.710045725048985 ], [ 419377.073292420187499, 292461.780527232214808 ], [ 418993.342720631277189, 292690.436679605511017 ], [ 418977.127018781029619, 292789.753799731843174 ] ] } },
{ "type": "Feature", "properties": { "max_voltage": 132000.0, "len": 1471.039109835157, "id": 206 }, "geometry": { "type": "LineString", "coordinates": [ [ 419103.384546460292768, 287611.221289038541727 ], [ 419096.385125968023203, 289082.243746643245686 ] ] } },
{ "type": "Feature", "properties": { "max_voltage": 132000.0, "len": 5182.5750491554791, "id": 207 }, "geometry": { "type": "LineString", "coordinates": [ [ 419213.630874491354916, 291855.051985830126796 ], [ 418893.036990157619584, 291422.111537057266105 ], [ 419664.094608826912008, 289617.311122269020416 ], [ 419054.2708738236106, 289260.760756189061794 ], [ 419479.02977493108483, 287794.471511301991995 ], [ 419319.104853195720352, 287656.309658686106559 ], [ 419247.424128682643641, 287682.014430529379752 ], [ 419129.63597145624226, 287620.142626981192734 ], [ 419103.384546460292768, 287611.221289038541727 ] ] } },
{ "type": "Feature", "properties": { "max_voltage": 132000.0, "len": 1352.6848323781871, "id": 208 }, "geometry": { "type": "LineString", "coordinates": [ [ 419234.111938739719335, 286129.800844225566834 ], [ 419734.26788078417303, 284872.979341631173156 ] ] } },
{ "type": "Feature", "properties": { "max_voltage": 132000.0, "len": 1946.4734776521418, "id": 209 }, "geometry": { "type": "LineString", "coordinates": [ [ 424413.772991508420091, 302674.171045203285757 ], [ 424303.758476066635922, 302335.933246857253835 ], [ 423521.360728019732051, 301898.795533419819549 ], [ 423282.730624149087816, 301246.515785863914061 ] ] } },
{ "type": "Feature", "properties": { "max_voltage": 132000.0, "len": 3507.1589201270963, "id": 210 }, "geometry": { "type": "LineString", "coordinates": [ [ 424112.528426024713553, 436228.554984451737255 ], [ 425038.031589508464094, 436078.75540312891826 ], [ 425428.762336839747149, 435903.535945882555097 ], [ 425716.223116630455479, 435172.380016376904678 ], [ 426192.985534145496786, 434830.323019322822802 ], [ 426430.08636139833834, 434493.634950770880096 ], [ 426672.123104678059462, 434324.771238328015897 ], [ 426687.174292654672172, 434345.240113883744925 ], [ 426691.953276972577441, 434381.583487999625504 ] ] } },
{ "type": "Feature", "properties": { "max_voltage": 132000.0, "len": 3284.5905643666547, "id": 211 }, "geometry": { "type": "LineString", "coordinates": [ [ 425389.823861434590071, 568429.767927435226738 ], [ 425512.686050182965118, 568116.2836945875315 ], [ 427377.925730711023789, 568390.164017752045766 ], [ 427672.592689141572919, 568592.183826966094784 ], [ 428374.268673709011637, 568664.391052015591413 ] ] } },
{ "type": "Feature", "properties": { "max_voltage": 132000.0, "len": 1377.406858815335, "id": 212 }, "geometry": { "type": "LineString", "coordinates": [ [ 425716.248908438428771, 516380.957874494895805 ], [ 426418.726736591721419, 516885.698055321816355 ], [ 426647.512526131293271, 517344.185022655990906 ] ] } },
{ "type": "Feature", "properties": { "max_voltage": 132000.0, "len": 1397.5081585723985, "id": 213 }, "geometry": { "type": "LineString", "coordinates": [ [ 426354.535619673260953, 435396.832253986154683 ], [ 426065.810908064828254, 436764.189959264127538 ] ] } },
{ "type": "Feature", "properties": { "max_voltage": 132000.0, "len": 1599.6680393723573, "id": 214 }, "geometry": { "type": "LineString", "coordinates": [ [ 426387.984875491412822, 276620.047281117760576 ], [ 427361.772550055989996, 277489.891358763969038 ], [ 427655.707228943472728, 277486.588637108798139 ] ] } },
{ "type": "Feature", "properties": { "max_voltage": 132000.0, "len": 9185.2779973887482, "id": 215 }, "geometry": { "type": "LineString", "coordinates": [ [ 433579.690048988908529, 280401.856006820744369 ], [ 433106.512483981729019, 280428.136199665314052 ], [ 432364.655452293809503, 280089.845249658392277 ], [ 431955.892404923099093, 279659.171871689031832 ], [ 431652.721737777348608, 279082.108905905624852 ], [ 431428.502593705721665, 279049.007057845825329 ], [ 430907.299201781803276, 278537.150770803098567 ], [ 430147.307830561359879, 278498.236040629679337 ], [ 430202.073843287420459, 278017.993209317035507 ], [ 429043.372226813109592, 277861.030554139113519 ], [ 428940.183379247086123, 277344.108842457411811 ], [ 427568.236911535321269, 277291.469651110877749 ], [ 427002.388376383983996, 277093.526675365224946 ], [ 426401.212498072593007, 276596.458001642429736 ] ] } },
{ "type": "Feature", "properties": { "max_voltage": 132000.0, "len": 3391.7351974192111, "id": 216 }, "geometry": { "type": "LineString", "coordinates": [ [ 427481.321764448191971, 431328.267408512707334 ], [ 427453.754806406795979, 431358.859533657087013 ], [ 427397.643858988070861, 431427.069840728014242 ], [ 427336.215398577973247, 431486.393381586996838 ], [ 427024.998108178202529, 431658.040672575123608 ], [ 426807.72840539610479, 432133.856633606425021 ], [ 426263.13563673349563, 432242.344436594634317 ], [ 426096.498828683339525, 433320.050610909005627 ], [ 426280.942034400184639, 433440.797424903896172 ], [ 426382.427891739876941, 433724.051459167036228 ], [ 426459.966541391040664, 433745.349383865133859 ], [ 426508.645645960001275, 433759.841911981697194 ] ] } },
{ "type": "Feature", "properties": { "max_voltage": 132000.0, "len": 2900.0079160236642, "id": 217 }, "geometry": { "type": "LineString", "coordinates": [ [ 426508.645645960001275, 433759.841911981697194 ], [ 426509.084719198348466, 433753.43698917911388 ], [ 426644.249026655626949, 433508.967520743841305 ], [ 426446.959936793486122, 433310.884244015498552 ], [ 427014.954675066634081, 432797.345451190485619 ], [ 427311.014813079615124, 431535.235773957450874 ], [ 427481.699944019026589, 431345.982880646595731 ], [ 427481.321764448191971, 431328.267408512707334 ] ] } },
{ "type": "Feature", "properties": { "max_voltage": 132000.0, "len": 1504.5608220752092, "id": 218 }, "geometry": { "type": "LineString", "coordinates": [ [ 426750.90433866874082, 430594.907191308215261 ], [ 426987.612444587983191, 430185.457327125128359 ], [ 427456.280586298729759, 429900.479678771342151 ], [ 427598.646229213918559, 429438.829109622514807 ] ] } },
{ "type": "Feature", "properties": { "max_voltage": 132000.0, "len": 1391.1640754985588, "id": 219 }, "geometry": { "type": "LineString", "coordinates": [ [ 428509.79609548591543, 554921.141085281735286 ], [ 428688.744902359496336, 554768.481659478391521 ], [ 429472.509930261410773, 554825.003100856440142 ], [ 429560.578856263891794, 554465.487361522740684 ] ] } },
{ "type": "Feature", "properties": { "max_voltage": 132000.0, "len": 2683.4865276058663, "id": 220 }, "geometry": { "type": "LineString", "coordinates": [ [ 430314.753333420725539, 435354.117405497119762 ], [ 431406.417735590424854, 435231.197053624782711 ], [ 431882.030972358596046, 434965.891249639797024 ], [ 431987.93547949247295, 434484.637982908985578 ], [ 432129.267710084503051, 434315.447322753258049 ], [ 432195.007850549998693, 434246.691601818311028 ], [ 432273.2207596024964, 434208.152887945296243 ], [ 432346.679919476213399, 434156.197621366125531 ], [ 432372.838200189755298, 434135.582731529604644 ], [ 432390.255171383847483, 434122.984937535424251 ] ] } },
{ "type": "Feature", "properties": { "max_voltage": 132000.0, "len": 2688.4939432256806, "id": 221 }, "geometry": { "type": "LineString", "coordinates": [ [ 430316.194940014160238, 435359.278237411868758 ], [ 431401.426837763225194, 435240.977140417206101 ], [ 431889.375880827486981, 434971.348607218940742 ], [ 431999.500404804071877, 434485.584696302306838 ], [ 432130.174098592542578, 434319.659313218086027 ], [ 432230.735721222008578, 434238.40290034993086 ], [ 432391.226211711182259, 434130.024019951582886 ], [ 432390.255171383847483, 434122.984937535424251 ] ] } },
{ "type": "Feature", "properties": { "max_voltage": 132000.0, "len": 2860.0577177695468, "id": 222 }, "geometry": { "type": "LineString", "coordinates": [ [ 430536.685229762922972, 264326.664814546995331 ], [ 430898.2248194431304, 263743.397015045455191 ], [ 431438.439500735141337, 263272.10728227882646 ], [ 431635.728532351611648, 262931.147400925809052 ], [ 432086.028915726172272, 262777.775836470362265 ], [ 432465.485859049134888, 262329.520133677113336 ] ] } },
{ "type": "Feature", "properties": { "max_voltage": 132000.0, "len": 1508.5834054321608, "id": 223 }, "geometry": { "type": "LineString", "coordinates": [ [ 430931.134048366395291, 569814.230764721753076 ], [ 431564.656904065224808, 569804.164111461956054 ], [ 431789.117884616774973, 569958.523396403761581 ], [ 432158.86257841961924, 569899.282853388343938 ], [ 432113.906152539595496, 570122.91478747932706 ] ] } },
{ "type": "Feature", "properties": { "max_voltage": 132000.0, "len": 4255.6184890553786, "id": 224 }, "geometry": { "type": "LineString", "coordinates": [ [ 435293.972965711785946, 277427.117012848495506 ], [ 434669.264860310941003, 277259.004447814892046 ], [ 433837.497739396814723, 277467.167397165147122 ], [ 433499.294294898631051, 277437.007600241806358 ], [ 432859.428959008771926, 278002.189364057150669 ], [ 431813.165073335345369, 278422.222615005564876 ], [ 431475.138929324224591, 278688.905965595098678 ] ] } },
{ "type": "Feature", "properties": { "max_voltage": 132000.0, "len": 2356.6016847810988, "id": 225 }, "geometry": { "type": "LineString", "coordinates": [ [ 431508.768928350706119, 431622.095161595148966 ], [ 431896.539077367866412, 431573.464470548904501 ], [ 432135.992387260659598, 431209.362006327486597 ], [ 432598.159886355628259, 431058.969374248641543 ], [ 432794.862896519771311, 431123.658784175291657 ], [ 432936.611815563286655, 431128.689487976022065 ], [ 433024.556644492666237, 431104.383907499024644 ], [ 433055.24140782962786, 431061.49614641093649 ], [ 433143.662776254292112, 431160.465357008273713 ], [ 433414.633741987927351, 431479.253937357454561 ] ] } },
{ "type": "Feature", "properties": { "max_voltage": 132000.0, "len": 8147.3658273504861, "id": 226 }, "geometry": { "type": "LineString", "coordinates": [ [ 435303.823775533877779, 336596.496372650843114 ], [ 434502.351071218610741, 336573.811234663589858 ], [ 434018.89064807118848, 336881.941744482784998 ], [ 433151.184813329426106, 336703.068581198051106 ], [ 432908.977176354906987, 336257.271966374479234 ], [ 433211.419543917116243, 335754.872070376994088 ], [ 433166.772446926275734, 334371.904666274262127 ], [ 432408.631050060153939, 334058.667277847416699 ], [ 431886.365935418987647, 333420.196082009875681 ], [ 432156.441780596564058, 333128.209426036512014 ], [ 432036.716379308782052, 331767.503371982893441 ] ] } },
{ "type": "Feature", "properties": { "max_voltage": 132000.0, "len": 1382.5446028118968, "id": 227 }, "geometry": { "type": "LineString", "coordinates": [ [ 432108.853165058942977, 570139.304582703276537 ], [ 433287.209645536378957, 570112.303948471904732 ], [ 433432.108776847308036, 570255.729241518187337 ] ] } },
{ "type": "Feature", "properties": { "max_voltage": 132000.0, "len": 3029.7009246609068, "id": 228 }, "geometry": { "type": "LineString", "coordinates": [ [ 432111.17025639169151, 570129.995315394946374 ], [ 432173.798022341448814, 570065.140798660111614 ], [ 432199.038285683840513, 569893.361191498814151 ], [ 431980.489087523717899, 569813.496566845453344 ], [ 432456.11598047305597, 569050.066747851204127 ], [ 433143.959389724011999, 567705.082869154401124 ], [ 433237.07722363161156, 567785.597410681890324 ] ] } },
{ "type": "Feature", "properties": { "max_voltage": 132000.0, "len": 3505.3658045992247, "id": 229 }, "geometry": { "type": "LineString", "coordinates": [ [ 432470.203993099217769, 433942.524956443812698 ], [ 432436.247865885612555, 433778.79590778570855 ], [ 432430.819039877096657, 433754.191272798227146 ], [ 432602.63853498257231, 433453.622261847369373 ], [ 432118.84420648869127, 432872.170460700872354 ], [ 432380.251614580862224, 432520.235894543700852 ], [ 432189.280565673252568, 432248.106607674970292 ], [ 432527.02880143042421, 431986.371562686748803 ], [ 432975.066143151256256, 432212.936737600306515 ], [ 433113.554553026915528, 432062.692458126926795 ], [ 433179.17437785200309, 432060.340702277375385 ], [ 433287.039634873915929, 432002.979807986295782 ], [ 433360.81303360190941, 431967.954513269942254 ], [ 433381.237560242705513, 431959.076155333663337 ], [ 433393.55859282129677, 431952.357285210397094 ] ] } },
{ "type": "Feature", "properties": { "max_voltage": 132000.0, "len": 2547.760427795864, "id": 230 }, "geometry": { "type": "LineString", "coordinates": [ [ 433393.55859282129677, 431952.357285210397094 ], [ 433401.388037009921391, 432008.186766639002599 ], [ 433410.864752768015023, 432129.331763496273197 ], [ 433262.305514528416097, 432423.961280272342265 ], [ 433351.220494869805407, 432693.984831476002 ], [ 433307.999248994456138, 432748.931752434698865 ], [ 433286.986506607499905, 432865.42094173154328 ], [ 433170.298733618925326, 433182.087291974108666 ], [ 433139.53483047708869, 433286.469470619224012 ], [ 433124.61502957646735, 433308.717133003054187 ], [ 432882.31895713810809, 433255.943171733582858 ], [ 432650.414021848118864, 433547.727771978126839 ], [ 432506.046720868616831, 433783.885168130742386 ], [ 432447.510519949544687, 433814.177869596285746 ], [ 432471.506827606935985, 433938.815040802699514 ], [ 432470.203993099217769, 433942.524956443812698 ] ] } },
{ "type": "Feature", "properties": { "max_voltage": 132000.0, "len": 2539.3638457222746, "id": 231 }, "geometry": { "type": "LineString", "coordinates": [ [ 432473.991078506514896, 433961.452723845315631 ], [ 432477.31339386687614, 433961.119180422101635 ], [ 432508.350464303512126, 433787.928887039422989 ], [ 432656.25200658920221, 433545.587611082126386 ], [ 432884.709799565258436, 433258.83053648006171 ], [ 433078.908271178312134, 433302.497780384495854 ], [ 433126.877205093856901, 433315.809503105818294 ], [ 433138.244581622246187, 433306.866218824405223 ], [ 433356.317890501115471, 432695.200448733812664 ], [ 433265.518505570595153, 432421.502855326631106 ], [ 433413.884644406614825, 432135.528410867089406 ], [ 433404.373438028560486, 432004.425026110897306 ], [ 433397.098076094465796, 431950.034264887392055 ] ] } },
{ "type": "Feature", "properties": { "max_voltage": 132000.0, "len": 2995.7529265459289, "id": 232 }, "geometry": { "type": "LineString", "coordinates": [ [ 435099.574977423879318, 419881.327788893482648 ], [ 434379.459653095225804, 419814.414537547738291 ], [ 433888.210790553595871, 419460.192641064990312 ], [ 433417.052352666505612, 418908.6088764508022 ], [ 432477.454367004567757, 418968.044858124107122 ] ] } },
{ "type": "Feature", "properties": { "max_voltage": 132000.0, "len": 4892.9238811924861, "id": 233 }, "geometry": { "type": "LineString", "coordinates": [ [ 433152.013854090007953, 423371.543995422660373 ], [ 433240.309968157322146, 423697.832053432706743 ], [ 433903.339765322394669, 424016.465580083779059 ], [ 433778.35833049780922, 424250.75450847868342 ], [ 434495.381460734002758, 425271.430841586785391 ], [ 434248.450261522317305, 425935.904497545328923 ], [ 433887.673579428577796, 426152.090951086720452 ], [ 433150.430308198265266, 426326.650269079604186 ], [ 433006.193450771505013, 426720.352829951443709 ] ] } },
{ "type": "Feature", "properties": { "max_voltage": 132000.0, "len": 1278.7444574020039, "id": 234 }, "geometry": { "type": "LineString", "coordinates": [ [ 433629.384397640940733, 430227.587802502093837 ], [ 433701.561986975488253, 430498.264811820816249 ], [ 433491.915594894089736, 431030.209020475391299 ], [ 433351.834160855272785, 431224.346886975108646 ], [ 433432.504275078186765, 431320.295893493457697 ], [ 433469.767211524187587, 431369.959403778251726 ] ] } },
{ "type": "Feature", "properties": { "max_voltage": 132000.0, "len": 1261.6255931669129, "id": 235 }, "geometry": { "type": "LineString", "coordinates": [ [ 435386.643892661202699, 422169.133449374407064 ], [ 435166.213796157797333, 420926.913778829271905 ] ] } },
{ "type": "Feature", "properties": { "max_voltage": 132000.0, "len": 2324.8727462792167, "id": 236 }, "geometry": { "type": "LineString", "coordinates": [ [ 437184.932320550316945, 370776.781620495079551 ], [ 437386.378177695034537, 370614.905775515886489 ], [ 438016.271981406142004, 370662.019102536782157 ], [ 438183.828054855461232, 370240.183127927477472 ], [ 438476.387396284320857, 370133.550353484868538 ], [ 439125.076775495312177, 370299.224481229903176 ] ] } },
{ "type": "Feature", "properties": { "max_voltage": 132000.0, "len": 1034.2591643573505, "id": 237 }, "geometry": { "type": "LineString", "coordinates": [ [ 439625.028577872028109, 391600.292870029108599 ], [ 439512.906054074410349, 391519.375928584137 ], [ 439671.019816716318019, 391088.095436285075266 ], [ 439818.013454514730256, 391499.246169034275226 ] ] } },
{ "type": "Feature", "properties": { "max_voltage": 132000.0, "len": 1642.6944970828395, "id": 238 }, "geometry": { "type": "LineString", "coordinates": [ [ 441093.426125463971402, 292545.608162971911952 ], [ 440639.026401912327856, 292394.253123081813101 ], [ 439704.584496194729581, 293087.890850658877753 ] ] } },
{ "type": "Feature", "properties": { "max_voltage": 132000.0, "len": 3308.2123705342751, "id": 239 }, "geometry": { "type": "LineString", "coordinates": [ [ 443298.858507166150957, 106737.911191511055222 ], [ 440496.207154322066344, 108495.584222241523094 ] ] } },
{ "type": "Feature", "properties": { "max_voltage": 132000.0, "len": 5270.1590450273561, "id": 240 }, "geometry": { "type": "LineString", "coordinates": [ [ 441279.471209434093907, 522095.330048726696987 ], [ 444175.757068968669046, 517692.364618503139354 ] ] } },
{ "type": "Feature", "properties": { "max_voltage": 132000.0, "len": 21219.123670821969, "id": 241 }, "geometry": { "type": "LineString", "coordinates": [ [ 458851.642665350809693, 400811.516532671055757 ], [ 457827.197524337796494, 400262.012698904087301 ], [ 457420.925126550428104, 399622.560393140476663 ], [ 456732.612805207492784, 399503.593271762132645 ], [ 454482.720501848729327, 399649.333941954071634 ], [ 454086.956568217778113, 399605.056793324823957 ], [ 453161.817003390286118, 399191.876727959082928 ], [ 452667.28414362744661, 399101.116430844995193 ], [ 451606.7270210867282, 398680.311164985818323 ], [ 450971.699816224572714, 398031.771208392863628 ], [ 450141.850531771895476, 397740.370921688212547 ], [ 449673.661138012772426, 398095.90478580002673 ], [ 449268.564671980740968, 398976.801778440771159 ], [ 449441.207619478867855, 399695.247718638274819 ], [ 448807.356050521600991, 400067.197311219759285 ], [ 447668.153746932628565, 399740.284340210200753 ], [ 446742.565614775929134, 399840.806175857200287 ], [ 446193.956884574086871, 400181.978110826923512 ], [ 444936.319107838673517, 401168.323205019289162 ], [ 444090.082595862739254, 401525.091725702106487 ], [ 443102.186612815305125, 401495.853863131313119 ], [ 442829.259138460853137, 401111.729891317489091 ], [ 441410.256535851454828, 400557.746353223978076 ], [ 441302.263420637056697, 400738.337762950977776 ] ] } },
{ "type": "Feature", "properties": { "max_voltage": 132000.0, "len": 1208.2116236290562, "id": 242 }, "geometry": { "type": "LineString", "coordinates": [ [ 444289.208451658603735, 441978.633806772588287 ], [ 444129.326790845370851, 442062.332062467117794 ], [ 443510.740291064314079, 441241.591982414422091 ] ] } },
{ "type": "Feature", "properties": { "max_voltage": 132000.0, "len": 2498.181101589706, "id": 245 }, "geometry": { "type": "LineString", "coordinates": [ [ 447382.839792677259538, 102612.28572792900377 ], [ 445205.788447955332231, 101386.987291308600106 ] ] } },
{ "type": "Feature", "properties": { "max_voltage": 132000.0, "len": 1032.9786485705285, "id": 248 }, "geometry": { "type": "LineString", "coordinates": [ [ 447608.626986687013414, 425415.063071526878048 ], [ 447599.220387710258365, 425386.885030763980467 ], [ 447556.973001603735611, 425327.485733571578749 ], [ 447357.241580980306026, 425316.912967317271978 ], [ 447018.864807808306068, 424960.009621550096199 ], [ 447143.008986230823211, 424756.298703705659136 ] ] } },
{ "type": "Feature", "properties": { "max_voltage": 132000.0, "len": 7388.0332511868919, "id": 249 }, "geometry": { "type": "LineString", "coordinates": [ [ 447820.524031467444729, 425180.389778657350689 ], [ 447901.589103568461724, 425140.594895000220276 ], [ 447966.999059507215861, 425117.094533428316936 ], [ 448349.666277464828454, 425108.875255013699643 ], [ 448646.107869549188763, 425680.055610702256672 ], [ 448458.636587821820285, 426589.981257923878729 ], [ 448730.500066736596636, 427652.009644808480516 ], [ 449753.396945680258796, 428395.515404365258291 ], [ 450683.632344850513618, 428480.292472710250877 ], [ 450804.392383249651175, 428833.119124872726388 ], [ 452135.332568798330612, 428978.997923330985941 ], [ 452204.272069409315009, 429236.062953973305412 ] ] } },
{ "type": "Feature", "properties": { "max_voltage": 132000.0, "len": 1908.1658815676826, "id": 250 }, "geometry": { "type": "LineString", "coordinates": [ [ 449580.889448938949499, 330874.520522250444628 ], [ 449754.357338355621323, 329664.187400333234109 ], [ 449934.593902320775669, 329594.516073941718787 ], [ 450421.361850343178958, 329667.64964357810095 ] ] } },
{ "type": "Feature", "properties": { "max_voltage": 132000.0, "len": 1343.9452394652421, "id": 251 }, "geometry": { "type": "LineString", "coordinates": [ [ 451498.682983901933767, 330683.935698590415996 ], [ 450474.930582146567758, 329813.234931058075745 ] ] } },
{ "type": "Feature", "properties": { "max_voltage": 132000.0, "len": 2362.5316031926291, "id": 252 }, "geometry": { "type": "LineString", "coordinates": [ [ 452719.301667032297701, 329596.743171470647212 ], [ 452339.393468886904884, 329836.237846781790722 ], [ 451532.054914455628023, 329810.836300433787983 ], [ 450933.627032177755609, 329650.485302868473809 ], [ 450650.477809986798093, 329647.697760680515785 ], [ 450587.581786599359475, 329703.968911392323207 ], [ 450570.762558723392431, 329723.974602583097294 ], [ 450513.438624932256062, 329796.525587684882339 ] ] } },
{ "type": "Feature", "properties": { "max_voltage": 132000.0, "len": 1690.9888919646867, "id": 253 }, "geometry": { "type": "LineString", "coordinates": [ [ 451866.283742005005479, 330519.952240897924639 ], [ 451415.517813722777646, 330326.611256087897345 ], [ 451190.576752433204092, 329979.259964302298613 ], [ 450735.826282994588837, 329706.418716947722714 ], [ 450573.622551762906369, 329726.70785054838052 ], [ 450539.830074987839907, 329771.84649480949156 ], [ 450517.192683924920857, 329795.207170646870509 ], [ 450513.438624932256062, 329796.525587684882339 ] ] } },
{ "type": "Feature", "properties": { "max_voltage": 132000.0, "len": 3828.3137946633096, "id": 254 }, "geometry": { "type": "LineString", "coordinates": [ [ 453305.813137161254417, 335465.837667671148665 ], [ 452945.432634740078356, 335025.344085386255756 ], [ 452505.871235420345329, 334835.919826239638496 ], [ 452026.705517201218754, 334366.052339444635436 ], [ 451659.775927206210326, 334428.708632611087523 ], [ 450522.212795636325609, 333253.725645323167555 ], [ 450551.97124305088073, 333156.400850277335849 ] ] } },
{ "type": "Feature", "properties": { "max_voltage": 132000.0, "len": 3004.6719255843204, "id": 255 }, "geometry": { "type": "LineString", "coordinates": [ [ 453290.905963249504566, 300244.785209626017604 ], [ 452844.158162879175507, 300190.281675125123002 ], [ 452568.054353547573555, 299912.171776933711953 ], [ 452801.86608647054527, 299056.90203266707249 ], [ 453362.222120745922439, 298434.948914447799325 ], [ 453647.210646074265242, 298768.75682131992653 ] ] } },
{ "type": "Feature", "properties": { "max_voltage": 132000.0, "len": 11672.395622799497, "id": 256 }, "geometry": { "type": "LineString", "coordinates": [ [ 454880.192718004342169, 163043.698239962337539 ], [ 455120.725219604209997, 162151.905076052411459 ], [ 455009.782308191875927, 161969.071051517588785 ], [ 455666.043213774508331, 161552.54465210303897 ], [ 455919.434545835945755, 160797.22180239611771 ], [ 456516.273318351828493, 160467.197295145655517 ], [ 456822.151021666708402, 160592.339899813785451 ], [ 457713.315563840500545, 160435.813286821765359 ], [ 458841.588298268732615, 160612.177464521926595 ], [ 459200.997942816931754, 160356.841699958924437 ], [ 460041.270991178811528, 160284.618082094792044 ], [ 460800.806259026983753, 159950.546873572049662 ], [ 461596.396322277490981, 159760.224503007921157 ], [ 462052.065106937021483, 160265.289595479000127 ], [ 462992.694672689773142, 160144.103074989980087 ], [ 463942.883154766866937, 160306.460604875202989 ], [ 464317.675855514535215, 160265.951889019634109 ] ] } },
{ "type": "Feature", "properties": { "max_voltage": 132000.0, "len": 6498.9273699216901, "id": 257 }, "geometry": { "type": "LineString", "coordinates": [ [ 460417.241816374647897, 341200.102690328436438 ], [ 460685.500341808598023, 341675.256418227159884 ], [ 460121.68319166317815, 341986.8357154080295 ], [ 459468.392237071762793, 342095.377130107430276 ], [ 458774.542608670541085, 342385.897094352636486 ], [ 458435.936276755353902, 342903.762318569177296 ], [ 457792.785256139177363, 342946.15223519859137 ], [ 457352.271643699030392, 343398.131673355470411 ], [ 456032.057341633655597, 343100.389992517535575 ], [ 455547.86129969911417, 342671.497617014567368 ] ] } },
{ "type": "Feature", "properties": { "max_voltage": 132000.0, "len": 3925.8210126773333, "id": 258 }, "geometry": { "type": "LineString", "coordinates": [ [ 455662.614823500392959, 339000.939630035485607 ], [ 455363.568411151296459, 340927.790974946459755 ], [ 455150.645939967653248, 341096.567013970459811 ], [ 455539.784251749981195, 341609.198151017073542 ], [ 455548.821405817579944, 342669.761940725904424 ] ] } },
{ "type": "Feature", "properties": { "max_voltage": 132000.0, "len": 6206.0083382764815, "id": 259 }, "geometry": { "type": "LineString", "coordinates": [ [ 460354.264890187012497, 341229.143567094404716 ], [ 459905.753140915534459, 341313.06649803876644 ], [ 459933.077865573810413, 340737.145700574794319 ], [ 459582.711990677693393, 340596.743334109953139 ], [ 458800.727463002083823, 339775.830072027456481 ], [ 458664.782710758619942, 339305.084909716330003 ], [ 457952.430084969382733, 338449.538937596022151 ], [ 457514.671066870505456, 338165.191431653685868 ], [ 456643.983057224599179, 338079.558981708891224 ], [ 456395.806768343085423, 337466.075581041048281 ] ] } },
{ "type": "Feature", "properties": { "max_voltage": 132000.0, "len": 3336.0350038341294, "id": 260 }, "geometry": { "type": "LineString", "coordinates": [ [ 458236.469900314172264, 303137.212742915493436 ], [ 458187.44272856292082, 303414.566100105468649 ], [ 457648.499011801264714, 303812.755245660955552 ], [ 457916.81193505594274, 304367.939955650886986 ], [ 457662.32391637400724, 305287.720801108283922 ], [ 457829.996403701079544, 305813.314579780795611 ], [ 458088.217606797406916, 305771.120832693588454 ] ] } },
{ "type": "Feature", "properties": { "max_voltage": 132000.0, "len": 3563.7820564456733, "id": 261 }, "geometry": { "type": "LineString", "coordinates": [ [ 458282.365505223744549, 303019.656050198420417 ], [ 459355.791134726197924, 302541.4388943023514 ], [ 459834.716797825822141, 302897.459471077483613 ], [ 460379.597893446392845, 303113.031072933110408 ], [ 460743.89742229442345, 303082.943741375114769 ], [ 460914.790181785880122, 303905.762055739178322 ] ] } },
{ "type": "Feature", "properties": { "max_voltage": 132000.0, "len": 17703.272670187369, "id": 262 }, "geometry": { "type": "LineString", "coordinates": [ [ 459738.978815289854538, 223727.128445599926636 ], [ 460082.901867031003349, 223269.211342186434194 ], [ 460482.628584536956623, 223606.824590750795323 ], [ 461010.298302210401744, 223768.556654163112398 ], [ 462463.026431148522533, 224001.056730905082077 ], [ 462667.006045503017958, 224275.623341256636195 ], [ 463365.613429264980368, 224536.91228697160841 ], [ 463588.298792184272315, 224785.59106637572404 ], [ 464734.77163113077404, 224987.230574904155219 ], [ 465061.875383339473046, 225599.077865236147773 ], [ 467140.461860000505112, 225742.041019215044798 ], [ 467226.053706793813035, 226292.195420077128801 ], [ 467614.955848602985498, 226641.462390143511584 ], [ 468762.090542066493072, 226619.916259904683102 ], [ 469523.240250897419173, 226475.880427377851447 ], [ 470461.879667547589634, 226542.341818965447601 ], [ 472116.192407722119242, 227245.79616979623097 ], [ 472968.940429961774498, 227399.412452677090187 ], [ 473679.193263452500105, 226755.65797307624598 ], [ 474459.924082855926827, 226346.994679183204425 ], [ 474719.128019444236998, 226233.100221606902778 ], [ 475092.617064117221162, 226125.335358590586111 ], [ 475187.658814966736827, 226085.911949173052562 ] ] } },
{ "type": "Feature", "properties": { "max_voltage": 132000.0, "len": 5175.8373888037095, "id": 263 }, "geometry": { "type": "LineString", "coordinates": [ [ 460399.73232051829109, 341195.021709838823881 ], [ 461519.26938729028916, 341506.435474631260149 ], [ 462561.647937817382626, 342138.239225915458519 ], [ 464286.048318767629098, 341323.739886843890417 ], [ 464268.706956598558463, 340893.912595467292704 ], [ 463829.319584430195391, 340765.989382063038647 ] ] } },
{ "type": "Feature", "properties": { "max_voltage": 132000.0, "len": 1622.5351375630526, "id": 264 }, "geometry": { "type": "LineString", "coordinates": [ [ 463458.630977501918096, 452195.463854698347859 ], [ 463289.872493711765856, 452148.789278632146306 ], [ 463135.928412630863022, 452101.131034687510692 ], [ 463007.1700708718854, 452076.541727563133463 ], [ 462640.949236349901184, 451986.618105173809454 ], [ 462353.868476649280638, 451928.261599473655224 ], [ 461870.629666397464462, 451885.217729586991481 ] ] } },
{ "type": "Feature", "properties": { "max_voltage": 132000.0, "len": 1432.5940894767125, "id": 265 }, "geometry": { "type": "LineString", "coordinates": [ [ 463112.542270104633644, 452196.413582384237088 ], [ 463171.45889936410822, 452183.157915923511609 ], [ 463188.152565853379201, 452122.236726841423661 ], [ 462387.27609500969993, 451936.209141542029101 ], [ 461902.414951205893885, 451892.361267655855045 ] ] } },
{ "type": "Feature", "properties": { "max_voltage": 132000.0, "len": 5911.2670785518358, "id": 266 }, "geometry": { "type": "LineString", "coordinates": [ [ 464964.534413396148011, 105418.642162585674669 ], [ 463412.520264234859496, 99714.754842978640227 ] ] } },
{ "type": "Feature", "properties": { "max_voltage": 132000.0, "len": 2402.3629835362358, "id": 267 }, "geometry": { "type": "LineString", "coordinates": [ [ 463608.110051830182783, 450035.534704203892034 ], [ 462954.14470229082508, 450539.180088685126975 ], [ 463641.3499147152761, 450880.415612227516249 ], [ 464125.896036289050244, 451529.095490642124787 ] ] } },
{ "type": "Feature", "properties": { "max_voltage": 132000.0, "len": 1165.2081499103817, "id": 268 }, "geometry": { "type": "LineString", "coordinates": [ [ 465436.693755624815822, 160904.367438731394941 ], [ 464472.017817223619204, 160250.830625317379599 ] ] } },
{ "type": "Feature", "properties": { "max_voltage": 132000.0, "len": 1678.73939157312, "id": 269 }, "geometry": { "type": "LineString", "coordinates": [ [ 465812.954598468786571, 107648.83094458229607 ], [ 464663.949174324865453, 106424.922255133962608 ] ] } },
{ "type": "Feature", "properties": { "max_voltage": 132000.0, "len": 1265.52786720576, "id": 270 }, "geometry": { "type": "LineString", "coordinates": [ [ 466581.812650570063852, 426713.177786978892982 ], [ 466825.987920197774656, 427360.379197610891424 ], [ 466854.433009176980704, 427354.040844577597454 ], [ 466733.064076571899932, 426823.081185194023419 ] ] } },
{ "type": "Feature", "properties": { "max_voltage": 132000.0, "len": 1014.8894100850333, "id": 271 }, "geometry": { "type": "LineString", "coordinates": [ [ 467655.802745208900888, 113347.667947850044584 ], [ 468662.549035136005841, 113475.973919732714421 ] ] } },
{ "type": "Feature", "properties": { "max_voltage": 132000.0, "len": 1770.8977463083279, "id": 272 }, "geometry": { "type": "LineString", "coordinates": [ [ 469453.655805374903139, 107025.637449544999981 ], [ 470593.859839892946184, 105714.86750615479832 ], [ 470614.421748949447647, 105688.286272518598707 ] ] } },
{ "type": "Feature", "properties": { "max_voltage": 132000.0, "len": 3196.7447399353373, "id": 273 }, "geometry": { "type": "LineString", "coordinates": [ [ 476472.796604146773461, 259641.805150359636173 ], [ 475919.779861200018786, 260265.647267827909673 ], [ 475914.868233774148393, 260765.536426156118978 ], [ 475346.253533055481967, 261090.868363016401418 ], [ 474545.157403545628767, 261058.660244185826741 ], [ 474275.36677882791264, 261362.473264005995588 ] ] } },
{ "type": "Feature", "properties": { "max_voltage": 132000.0, "len": 1013.3712967496691, "id": 274 }, "geometry": { "type": "LineString", "coordinates": [ [ 477657.451939551625401, 170260.949475800152868 ], [ 477012.523895197315142, 171042.607458988088183 ] ] } },
{ "type": "Feature", "properties": { "max_voltage": 132000.0, "len": 2000.860509295462, "id": 275 }, "geometry": { "type": "LineString", "coordinates": [ [ 477890.805734744819347, 384472.163095526630059 ], [ 478534.876306052086875, 385231.061084480024874 ], [ 479085.701286858646199, 385252.379206199198961 ], [ 479473.945936066098511, 385488.209323035669513 ] ] } },
{ "type": "Feature", "properties": { "max_voltage": 132000.0, "len": 2212.6219736030853, "id": 276 }, "geometry": { "type": "LineString", "coordinates": [ [ 478800.559620167477988, 154080.770440328662517 ], [ 478805.74699877522653, 154287.522933800180908 ], [ 479410.324522013543174, 155134.310663104784908 ], [ 480091.519011145865079, 155818.312083861790597 ] ] } },
{ "type": "Feature", "properties": { "max_voltage": 132000.0, "len": 7008.0693359962052, "id": 277 }, "geometry": { "type": "LineString", "coordinates": [ [ 485821.034785650903359, 235597.846219943428878 ], [ 484964.343148373067379, 236120.172307398315752 ], [ 484089.0273970332928, 236669.472665408917237 ], [ 482146.385682707536034, 238019.253757298109122 ], [ 482865.516387465293519, 238512.814576945907902 ], [ 482170.049293265328743, 239085.707311573438346 ], [ 482245.568005549605004, 239505.389920197078027 ], [ 482615.623215075000189, 239672.629478227638174 ] ] } },
{ "type": "Feature", "properties": { "max_voltage": 132000.0, "len": 3978.1913581542458, "id": 278 }, "geometry": { "type": "LineString", "coordinates": [ [ 483089.030121820222121, 232768.439091736508999 ], [ 483467.258797743998002, 232961.384223459928762 ], [ 484056.097136622702237, 233528.373446503246669 ], [ 484368.979080400313251, 233981.209567043115385 ], [ 484964.146066599176265, 234509.370179855730385 ], [ 485230.897027910978068, 234937.149808975111227 ], [ 485821.034785650903359, 235597.846219943428878 ] ] } },
{ "type": "Feature", "properties": { "max_voltage": 132000.0, "len": 2888.591458078567, "id": 279 }, "geometry": { "type": "LineString", "coordinates": [ [ 483984.06457474140916, 156794.517945442610653 ], [ 484174.758763430581894, 157215.299633657123195 ], [ 484886.105177913734224, 158116.362962697079638 ], [ 485656.022886180784553, 158532.054642196831992 ], [ 485895.752174895431381, 158601.000277149141766 ], [ 486021.783356978266966, 158689.826634441444185 ] ] } },
{ "type": "Feature", "properties": { "max_voltage": 132000.0, "len": 2123.8921240764225, "id": 280 }, "geometry": { "type": "LineString", "coordinates": [ [ 485962.124376523424871, 278831.721536212950014 ], [ 485949.957290242484305, 279021.598202824650798 ], [ 485271.18741946289083, 279308.757440346409567 ], [ 485175.705665110668633, 278954.46576708345674 ], [ 485088.808109190547839, 279120.811100563034415 ], [ 485469.310988512996119, 279637.906810392567422 ] ] } },
{ "type": "Feature", "properties": { "max_voltage": 132000.0, "len": 1355.8886256849421, "id": 281 }, "geometry": { "type": "LineString", "coordinates": [ [ 486480.533375035971403, 128388.675618252600543 ], [ 485781.268962705973536, 129550.339617398043629 ] ] } },
{ "type": "Feature", "properties": { "max_voltage": 132000.0, "len": 1710.9272043534468, "id": 282 }, "geometry": { "type": "LineString", "coordinates": [ [ 487471.009861310420092, 288295.629374736454338 ], [ 487578.622963010508101, 288032.028282280662097 ], [ 489003.063236917485483, 288102.976883303548675 ] ] } },
{ "type": "Feature", "properties": { "max_voltage": 132000.0, "len": 4022.7370388942345, "id": 283 }, "geometry": { "type": "LineString", "coordinates": [ [ 491302.532189169200137, 409585.259517431200948 ], [ 490668.074767206504475, 410902.984321008028928 ], [ 490189.019748539896682, 411147.070690641994588 ], [ 489982.161080259946175, 411738.530727180128451 ], [ 489533.964251499040984, 411743.066985192010179 ], [ 489288.951043068082072, 412374.32800203433726 ], [ 489330.646571528573986, 412641.71719619439682 ] ] } },
{ "type": "Feature", "properties": { "max_voltage": 132000.0, "len": 1677.5324380647016, "id": 284 }, "geometry": { "type": "LineString", "coordinates": [ [ 496369.626736992155202, 180794.43168188072741 ], [ 496201.35646364162676, 180686.469904053112259 ], [ 495587.378866063081659, 180927.413098407676443 ], [ 495559.500164029595908, 181744.98172518418869 ] ] } },
{ "type": "Feature", "properties": { "max_voltage": 132000.0, "len": 2028.8076094359935, "id": 285 }, "geometry": { "type": "LineString", "coordinates": [ [ 498795.265269333613105, 243084.336184084881097 ], [ 499648.738040151423775, 242953.930777462839615 ], [ 500195.876634946558625, 243475.459290302766021 ], [ 500535.70674695802154, 243246.882083583564963 ] ] } },
{ "type": "Feature", "properties": { "max_voltage": 132000.0, "len": 1142.7860030334818, "id": 286 }, "geometry": { "type": "LineString", "coordinates": [ [ 503338.05567543010693, 486663.092759505845606 ], [ 502858.800207839463837, 485625.65647446771618 ] ] } },
{ "type": "Feature", "properties": { "max_voltage": 132000.0, "len": 1084.4693822366823, "id": 287 }, "geometry": { "type": "LineString", "coordinates": [ [ 504474.704986417200416, 180373.506437466567149 ], [ 504613.895981754409149, 180170.846799965482205 ], [ 504549.625901655992493, 179334.699600074731279 ] ] } },
{ "type": "Feature", "properties": { "max_voltage": 132000.0, "len": 7978.9331296764421, "id": 288 }, "geometry": { "type": "LineString", "coordinates": [ [ 504571.228378577798139, 435033.462403172103222 ], [ 504601.475471175799612, 434981.391945131937973 ], [ 504627.493754622293636, 434931.942915796069428 ], [ 504810.875929081928916, 433249.519634976284578 ], [ 505166.729733413027134, 432581.566745536692906 ], [ 506171.388034270144999, 429976.782605063403025 ], [ 506667.915549925004598, 428230.418371833278798 ], [ 506977.277644942398183, 427485.909935135219712 ] ] } },
{ "type": "Feature", "properties": { "max_voltage": 132000.0, "len": 1505.1554221490949, "id": 289 }, "geometry": { "type": "LineString", "coordinates": [ [ 505381.823096995183732, 162030.931796301825671 ], [ 505535.952770426461939, 161969.249958922591759 ], [ 505673.395426192611922, 160637.180286963295657 ] ] } },
{ "type": "Feature", "properties": { "max_voltage": 132000.0, "len": 1633.2892335726046, "id": 290 }, "geometry": { "type": "LineString", "coordinates": [ [ 508387.129155040252954, 224500.029472247348167 ], [ 507240.393562716606539, 225663.056213901349111 ] ] } },
{ "type": "Feature", "properties": { "max_voltage": 132000.0, "len": 1000.6441554042339, "id": 291 }, "geometry": { "type": "LineString", "coordinates": [ [ 509825.549864526372403, 430947.200700218090788 ], [ 510301.843945014639758, 430490.821075213490985 ], [ 510404.134913352376316, 430165.531325098127127 ] ] } },
{ "type": "Feature", "properties": { "max_voltage": 132000.0, "len": 1416.578482478699, "id": 292 }, "geometry": { "type": "LineString", "coordinates": [ [ 515634.409481081063859, 429675.514237355440855 ], [ 516201.246229656680953, 429572.630614885303658 ], [ 516131.078000228386372, 428974.206240341707598 ], [ 516280.000070752226748, 428788.611427631811239 ] ] } },
{ "type": "Feature", "properties": { "max_voltage": 132000.0, "len": 1129.2864184130685, "id": 293 }, "geometry": { "type": "LineString", "coordinates": [ [ 516542.809117424534634, 206468.031603334238753 ], [ 516816.810974645894021, 205970.244148889963981 ], [ 517270.888042436679825, 205640.677637658838648 ] ] } },
{ "type": "Feature", "properties": { "max_voltage": 132000.0, "len": 12852.819783982082, "id": 294 }, "geometry": { "type": "LineString", "coordinates": [ [ 516885.439033219474368, 429136.887092280259822 ], [ 516944.433496476267464, 429234.721689167199656 ], [ 518038.113788755610585, 429989.382910671993159 ], [ 518080.942180540878326, 431082.959943503257819 ], [ 518811.559317313774955, 432169.936110221897252 ], [ 519506.324435971851926, 433388.758581674890593 ], [ 520592.624011382169556, 434544.97167086112313 ], [ 521344.554087090073153, 435066.893094261176884 ], [ 522400.333271684823558, 435509.47425044758711 ], [ 524828.72095628711395, 435915.010134534793906 ], [ 525435.084925503470004, 436292.334421793697402 ], [ 525974.429143440211192, 436855.781082142726518 ] ] } },
{ "type": "Feature", "properties": { "max_voltage": 132000.0, "len": 3407.2884761601335, "id": 296 }, "geometry": { "type": "LineString", "coordinates": [ [ 517504.78744454914704, 300936.147541433456354 ], [ 517758.695154560089577, 300935.879562227171846 ], [ 518361.728014742606319, 299517.373414820816834 ], [ 519116.696422937442549, 298093.078952261654194 ] ] } },
{ "type": "Feature", "properties": { "max_voltage": 132000.0, "len": 3079.8982518081807, "id": 297 }, "geometry": { "type": "LineString", "coordinates": [ [ 519553.044738029362634, 108895.530732393264771 ], [ 518355.755136977939401, 111733.183081202965695 ] ] } },
{ "type": "Feature", "properties": { "max_voltage": 132000.0, "len": 1889.0043578874527, "id": 298 }, "geometry": { "type": "LineString", "coordinates": [ [ 519600.913380063779186, 414697.198977486870717 ], [ 519665.106887366506271, 414239.132964122865815 ], [ 519788.048505318409298, 413917.314957822323777 ], [ 520124.163621011190116, 413450.701594807032961 ], [ 520552.964868354902137, 413592.253654369036667 ], [ 520572.472357898950577, 413624.966587031027302 ], [ 520560.631069587892853, 413637.503514477284625 ] ] } },
{ "type": "Feature", "properties": { "max_voltage": 132000.0, "len": 1824.8797389553788, "id": 299 }, "geometry": { "type": "LineString", "coordinates": [ [ 519608.198881744989194, 414700.656516294111498 ], [ 519699.333148002508096, 414174.617707909434102 ], [ 520142.864211180887651, 413470.535473646828905 ], [ 520535.889640106703155, 413599.809136390394997 ], [ 520546.782872975803912, 413614.714243723079562 ], [ 520560.631069587892853, 413637.503514477284625 ] ] } },
{ "type": "Feature", "properties": { "max_voltage": 132000.0, "len": 1303.4884588943105, "id": 300 }, "geometry": { "type": "LineString", "coordinates": [ [ 519664.31957404158311, 338723.123731167055666 ], [ 519040.158171991002746, 338928.956917083007284 ], [ 519647.50974094227422, 338708.093893213255797 ] ] } },
{ "type": "Feature", "properties": { "max_voltage": 132000.0, "len": 4181.4928619934617, "id": 301 }, "geometry": { "type": "LineString", "coordinates": [ [ 520800.784139175259043, 189590.093425150640542 ], [ 520800.871008315181825, 189589.483244033908704 ], [ 521353.685563230072148, 185669.029947728209663 ], [ 521266.919649914896581, 185465.079618685209425 ] ] } },
{ "type": "Feature", "properties": { "max_voltage": 132000.0, "len": 1170.1145727286314, "id": 302 }, "geometry": { "type": "LineString", "coordinates": [ [ 520856.756643853615969, 184377.34367763454793 ], [ 520917.194710145937279, 183208.791002974670846 ] ] } },
{ "type": "Feature", "properties": { "max_voltage": 132000.0, "len": 2298.5487653538457, "id": 303 }, "geometry": { "type": "LineString", "coordinates": [ [ 521273.335928484506439, 185463.040929737326223 ], [ 520999.251570560329128, 183180.891900543356314 ] ] } },
{ "type": "Feature", "properties": { "max_voltage": 132000.0, "len": 5848.3370238590724, "id": 304 }, "geometry": { "type": "LineString", "coordinates": [ [ 523535.969097202410921, 178370.172506513190456 ], [ 523396.348735499545, 178677.727369410917163 ], [ 523503.404923442401923, 179582.804677958076354 ], [ 523306.741659885679837, 179975.666446477524005 ], [ 523236.457016078871675, 181081.000500666734297 ], [ 523035.916909166902769, 181608.268950863566715 ], [ 522976.565938294981606, 181685.667128258151934 ], [ 522701.004556676489301, 181993.765889807691565 ], [ 522163.013079612865113, 182229.366740177676547 ], [ 521920.837815199745819, 182414.865698627050733 ], [ 521606.284461199655198, 182516.080618416774087 ], [ 521431.093685184314381, 182647.660244922648417 ], [ 521145.442287418642081, 183100.457326982694212 ] ] } },
{ "type": "Feature", "properties": { "max_voltage": 132000.0, "len": 1727.3971479139163, "id": 305 }, "geometry": { "type": "LineString", "coordinates": [ [ 522544.689293924544472, 182171.296368568204343 ], [ 522564.304234038339928, 182185.689408966252813 ], [ 522483.709884474577848, 182311.917471365595702 ], [ 521586.862108123255894, 182839.787362300849054 ], [ 521145.442287418642081, 183100.457326982694212 ] ] } },
{ "type": "Feature", "properties": { "max_voltage": 132000.0, "len": 4935.4255748385931, "id": 306 }, "geometry": { "type": "LineString", "coordinates": [ [ 523800.397293519286904, 120909.905985481440439 ], [ 523709.836875946901273, 120924.420680186303798 ], [ 521168.997348765842617, 125048.21199165195867 ] ] } },
{ "type": "Feature", "properties": { "max_voltage": 132000.0, "len": 1004.6570331097903, "id": 307 }, "geometry": { "type": "LineString", "coordinates": [ [ 522887.47474751441041, 409376.452377556299325 ], [ 523336.378252540424, 409177.077825362095609 ], [ 523849.524250213522464, 409158.835988945036661 ] ] } },
{ "type": "Feature", "properties": { "max_voltage": 132000.0, "len": 1442.2463759769662, "id": 308 }, "geometry": { "type": "LineString", "coordinates": [ [ 523965.051812633872032, 120851.637752420880133 ], [ 524163.708189218537882, 120774.062451253281324 ], [ 524199.708591382601298, 120856.433971125487005 ], [ 524260.884546731365845, 120981.799426825993578 ], [ 524310.565398485399783, 121078.496459127462003 ], [ 524457.220737810363062, 121253.457563585223397 ], [ 524491.106739897979423, 121277.324770475679543 ], [ 525107.857200101134367, 121350.98323072315543 ] ] } },
{ "type": "Feature", "properties": { "max_voltage": 132000.0, "len": 2420.0740134071411, "id": 309 }, "geometry": { "type": "LineString", "coordinates": [ [ 525218.608144988422282, 105887.396593025478069 ], [ 525201.796225637197495, 105913.410379313994781 ], [ 525142.502849098411389, 106006.208716014560196 ], [ 524629.745969904237427, 106919.089035076205619 ], [ 524356.358705493388698, 107149.560309610315016 ], [ 524093.526959442708176, 107983.49825507926289 ] ] } },
{ "type": "Feature", "properties": { "max_voltage": 132000.0, "len": 7803.0917006617601, "id": 310 }, "geometry": { "type": "LineString", "coordinates": [ [ 525218.608144988422282, 105887.396593025478069 ], [ 525535.040438947849907, 105851.876818522359827 ], [ 526311.137159515172243, 105826.923709347523982 ], [ 527700.957303376519121, 105927.161382585240062 ], [ 529035.091159892035648, 105559.00730290717911 ], [ 530912.327124823699705, 105888.564902401820291 ], [ 531923.101804744685069, 106498.302268572762841 ], [ 532346.805069070192985, 106659.053293044038583 ], [ 532520.014127087313682, 107009.803401945915539 ] ] } },
{ "type": "Feature", "properties": { "max_voltage": 132000.0, "len": 5845.3778625125005, "id": 311 }, "geometry": { "type": "LineString", "coordinates": [ [ 525361.048157164128497, 105509.486761232561548 ], [ 525388.385996565804817, 105507.605175437682192 ], [ 525742.79710075003095, 105511.634939061506884 ], [ 525838.914092413848266, 105412.934805012555444 ], [ 527079.25345590012148, 105448.332172630616697 ], [ 527859.135190744302236, 105333.990732351958286 ], [ 530751.584596008528024, 104452.770293957204558 ], [ 531021.858261820976622, 104491.260816443798831 ] ] } },
{ "type": "Feature", "properties": { "max_voltage": 132000.0, "len": 2013.0558710015257, "id": 312 }, "geometry": { "type": "LineString", "coordinates": [ [ 525388.590192892588675, 409370.268875291221775 ], [ 525725.842268798151053, 409394.314212066528853 ], [ 526785.788195666507818, 408869.568604102591053 ], [ 527207.174904358573258, 409123.958821335807443 ] ] } },
{ "type": "Feature", "properties": { "max_voltage": 132000.0, "len": 1245.2326855347874, "id": 313 }, "geometry": { "type": "LineString", "coordinates": [ [ 525497.408439142862335, 181971.295298602810362 ], [ 525693.674893436022103, 182015.515349650406279 ], [ 526133.917722673271783, 181846.286270684853662 ], [ 526581.563393705408089, 182203.011329839326208 ] ] } },
{ "type": "Feature", "properties": { "max_voltage": 132000.0, "len": 2804.0305348717152, "id": 314 }, "geometry": { "type": "LineString", "coordinates": [ [ 526129.155272749019787, 172557.168037725117756 ], [ 526244.82313072134275, 175358.811874319100752 ] ] } },
{ "type": "Feature", "properties": { "max_voltage": 132000.0, "len": 3375.2134489770415, "id": 315 }, "geometry": { "type": "LineString", "coordinates": [ [ 526129.155272749019787, 172557.168037725117756 ], [ 526128.756779830553569, 172596.4442338621011 ], [ 526114.968322530388832, 172869.763356618699618 ], [ 525865.593947685556486, 173242.987134956405498 ], [ 525864.198048283578828, 174010.334122312196996 ], [ 525671.491752985166386, 174429.897184208093677 ], [ 525704.279589870478958, 174861.214636346616317 ], [ 525588.49560618121177, 175133.943094921938609 ], [ 526214.024686086806469, 175329.881788575847168 ] ] } },
{ "type": "Feature", "properties": { "max_voltage": 132000.0, "len": 3348.1696650515241, "id": 316 }, "geometry": { "type": "LineString", "coordinates": [ [ 526244.82313072134275, 175358.811874319100752 ], [ 526253.45115283166524, 175367.056018605886493 ], [ 526288.756386465276591, 175400.267218812950887 ], [ 526487.278446696931496, 175587.381079334765673 ], [ 526601.359304504701868, 175732.478197964257561 ], [ 526787.686248834477738, 176087.345200668147299 ], [ 528443.921919852960855, 176741.465397055493668 ], [ 528964.653474708436988, 177128.561810593295377 ] ] } },
{ "type": "Feature", "properties": { "max_voltage": 132000.0, "len": 1594.809762688134, "id": 317 }, "geometry": { "type": "LineString", "coordinates": [ [ 526244.82313072134275, 175358.811874319100752 ], [ 526310.609942537266761, 176952.26418755488703 ] ] } },
{ "type": "Feature", "properties": { "max_voltage": 132000.0, "len": 7154.050109475822, "id": 318 }, "geometry": { "type": "LineString", "coordinates": [ [ 532290.066143446136266, 175942.796951101277955 ], [ 531584.215209793532267, 175477.592491273768246 ], [ 526246.085864170221612, 172115.46634068529238 ] ] } },
{ "type": "Feature", "properties": { "max_voltage": 132000.0, "len": 2061.2191349006657, "id": 319 }, "geometry": { "type": "LineString", "coordinates": [ [ 527024.580040601664223, 182484.47639368288219 ], [ 528784.045090379309841, 182198.958444282761775 ], [ 529059.379243765841238, 182242.388500920496881 ] ] } },
{ "type": "Feature", "properties": { "max_voltage": 132000.0, "len": 1609.7761342141971, "id": 320 }, "geometry": { "type": "LineString", "coordinates": [ [ 527079.493124656379223, 181706.614562723349081 ], [ 527687.26977575942874, 181073.652489054307807 ], [ 527784.759511603740975, 180972.139306754048448 ], [ 528376.236694251769222, 180978.878044682845939 ] ] } },
{ "type": "Feature", "properties": { "max_voltage": 132000.0, "len": 1746.4797523869834, "id": 321 }, "geometry": { "type": "LineString", "coordinates": [ [ 528401.387257849331945, 180987.291522323503159 ], [ 528482.590869688196108, 180763.834108778159134 ], [ 529043.018099448876455, 180898.821662661677692 ], [ 529193.020256077754311, 180669.655008230300155 ], [ 529851.261247595772147, 180682.99066664458951 ] ] } },
{ "type": "Feature", "properties": { "max_voltage": 132000.0, "len": 2178.2382853040517, "id": 322 }, "geometry": { "type": "LineString", "coordinates": [ [ 529059.379243765841238, 182242.388500920496881 ], [ 529175.277056721737608, 182295.753251372807426 ], [ 531219.781699726940133, 182137.182049715367611 ] ] } },
{ "type": "Feature", "properties": { "max_voltage": 132000.0, "len": 1108.1150273686587, "id": 323 }, "geometry": { "type": "LineString", "coordinates": [ [ 529367.61460673424881, 177445.241948796727229 ], [ 529597.590954747400247, 177626.475516766309738 ], [ 529594.584238062147051, 178441.78007039061049 ] ] } },
{ "type": "Feature", "properties": { "max_voltage": 132000.0, "len": 1426.7768182038647, "id": 324 }, "geometry": { "type": "LineString", "coordinates": [ [ 530296.544215629110113, 181260.90634072519606 ], [ 530680.247380662709475, 181013.175341875117738 ], [ 531643.332884913543239, 181129.212536113627721 ] ] } },
{ "type": "Feature", "properties": { "max_voltage": 132000.0, "len": 4952.7599616306015, "id": 325 }, "geometry": { "type": "LineString", "coordinates": [ [ 530779.322605346445926, 189015.104983860102948 ], [ 535186.356007004389539, 191275.168663096235832 ] ] } },
{ "type": "Feature", "properties": { "max_voltage": 132000.0, "len": 1147.0401724269163, "id": 326 }, "geometry": { "type": "LineString", "coordinates": [ [ 531626.252111495938152, 181226.805842331348686 ], [ 531555.150310695287772, 181606.992432844243012 ], [ 531808.873342600069009, 181945.477132190950215 ], [ 531710.925960882683285, 182268.18046557623893 ] ] } },
{ "type": "Feature", "properties": { "max_voltage": 132000.0, "len": 1125.7639311673129, "id": 327 }, "geometry": { "type": "LineString", "coordinates": [ [ 531710.925960882683285, 182268.18046557623893 ], [ 531581.566137555986643, 182679.605841188284103 ], [ 532132.880281791323796, 182914.249391580931842 ], [ 532145.406007636338472, 182944.21990160481073 ], [ 532154.059074181015603, 183006.44951118028257 ] ] } },
{ "type": "Feature", "properties": { "max_voltage": 132000.0, "len": 3967.8043261428647, "id": 328 }, "geometry": { "type": "LineString", "coordinates": [ [ 534850.444214254850522, 177978.469807450892404 ], [ 534240.554649265715852, 179446.788461334828753 ], [ 533392.27732222515624, 179916.139225460996386 ], [ 532072.218563424423337, 180407.073460578249069 ] ] } },
{ "type": "Feature", "properties": { "max_voltage": 132000.0, "len": 1087.0702579650542, "id": 329 }, "geometry": { "type": "LineString", "coordinates": [ [ 532151.713559137890115, 182951.483596323465463 ], [ 532166.583070218330249, 182421.082722758525051 ], [ 532381.126118639833294, 181907.643222641287139 ] ] } },
{ "type": "Feature", "properties": { "max_voltage": 132000.0, "len": 3951.0695649305285, "id": 330 }, "geometry": { "type": "LineString", "coordinates": [ [ 536028.532690417720005, 177278.474019327550195 ], [ 532306.261098375311121, 175953.466509162273724 ] ] } },
{ "type": "Feature", "properties": { "max_voltage": 132000.0, "len": 1038.5214178962729, "id": 331 }, "geometry": { "type": "LineString", "coordinates": [ [ 533993.24063000397291, 181551.700461599190021 ], [ 533856.446654243045487, 181915.074084368010517 ], [ 533243.936299240565859, 182133.383487236511428 ] ] } },
{ "type": "Feature", "properties": { "max_voltage": 132000.0, "len": 3494.5939822031305, "id": 332 }, "geometry": { "type": "LineString", "coordinates": [ [ 535014.758406269247644, 178294.449825327639701 ], [ 535010.530841334024444, 178327.039816833654186 ], [ 534773.958444403135218, 178674.759341773053166 ], [ 534561.04199370299466, 180111.067977473663632 ], [ 533975.941038148594089, 181192.700028124207165 ], [ 533993.24063000397291, 181551.700461599190021 ] ] } },
{ "type": "Feature", "properties": { "max_voltage": 132000.0, "len": 1243.467180310352, "id": 333 }, "geometry": { "type": "LineString", "coordinates": [ [ 535014.758406269247644, 178294.449825327639701 ], [ 535152.891369787161238, 178641.449162167555187 ], [ 536022.149352351669222, 178605.900279919384047 ] ] } },
{ "type": "Feature", "properties": { "max_voltage": 132000.0, "len": 2320.2505566981881, "id": 334 }, "geometry": { "type": "LineString", "coordinates": [ [ 537443.419726927881129, 184583.716578565072268 ], [ 535819.118011423153803, 186240.583073750080075 ] ] } },
{ "type": "Feature", "properties": { "max_voltage": 132000.0, "len": 3404.6728902386626, "id": 335 }, "geometry": { "type": "LineString", "coordinates": [ [ 538228.137237531132996, 184141.323833632690366 ], [ 537910.527152081369422, 184421.335438709764276 ], [ 537666.599289684789255, 185145.529036174528301 ], [ 537460.615232460433617, 185564.338962974317838 ], [ 537169.838179696118459, 185801.918382094125263 ], [ 536436.190518706571311, 186181.144768194149947 ], [ 535894.861072256229818, 186272.613182116532698 ] ] } },
{ "type": "Feature", "properties": { "max_voltage": 132000.0, "len": 1365.2209623783276, "id": 336 }, "geometry": { "type": "LineString", "coordinates": [ [ 536022.149352351669222, 178605.900279919384047 ], [ 537079.947596969897859, 177742.829512369120494 ] ] } },
{ "type": "Feature", "properties": { "max_voltage": 132000.0, "len": 1197.3104185899524, "id": 337 }, "geometry": { "type": "LineString", "coordinates": [ [ 537156.314429520978592, 177680.544395498349331 ], [ 537150.946264668833464, 177678.630283277248964 ], [ 536028.532690417720005, 177278.474019327550195 ] ] } },
{ "type": "Feature", "properties": { "max_voltage": 132000.0, "len": 1003.4014347724276, "id": 338 }, "geometry": { "type": "LineString", "coordinates": [ [ 537865.189616615069099, 183666.471294267103076 ], [ 537845.421545684454031, 183711.84380913383211 ], [ 537456.289389610756189, 184582.774167778668925 ] ] } },
{ "type": "Feature", "properties": { "max_voltage": 132000.0, "len": 2502.6488763370025, "id": 339 }, "geometry": { "type": "LineString", "coordinates": [ [ 538946.514653531135991, 181924.815735324751586 ], [ 539061.358127281419002, 183014.334345764189493 ], [ 538642.012612932128832, 183477.31002908438677 ], [ 538228.137237531132996, 184141.323833632690366 ] ] } },
{ "type": "Feature", "properties": { "max_voltage": 132000.0, "len": 2495.5357592910632, "id": 341 }, "geometry": { "type": "LineString", "coordinates": [ [ 543646.420920249423943, 111695.602295515622245 ], [ 542713.374172108946368, 109381.056445530164638 ] ] } },
{ "type": "Feature", "properties": { "max_voltage": 132000.0, "len": 1482.8146285700068, "id": 342 }, "geometry": { "type": "LineString", "coordinates": [ [ 544229.332077702507377, 261439.799558462313144 ], [ 544914.292675995384343, 261424.781197606527712 ], [ 545613.040032817050815, 261809.567524953046814 ] ] } },
{ "type": "Feature", "properties": { "max_voltage": 132000.0, "len": 1001.3706306787559, "id": 343 }, "geometry": { "type": "LineString", "coordinates": [ [ 546568.972305649193004, 222509.484512784751132 ], [ 546911.730210618581623, 222489.263541408698075 ], [ 547490.061388119589537, 222175.385973823285894 ] ] } },
{ "type": "Feature", "properties": { "max_voltage": 132000.0, "len": 6019.891518113589, "id": 344 }, "geometry": { "type": "LineString", "coordinates": [ [ 549042.915319982101209, 257085.752970807050588 ], [ 548332.198669583071023, 257607.320598921389319 ], [ 547564.046654319623485, 257980.078285835974384 ], [ 547035.87557051226031, 255670.746530845848611 ], [ 547023.170050348388031, 255063.397347266669385 ], [ 548050.903931529028341, 254881.746424024109729 ], [ 547991.215760911698453, 254624.167343796085333 ] ] } },
{ "type": "Feature", "properties": { "max_voltage": 132000.0, "len": 6292.0998125645356, "id": 345 }, "geometry": { "type": "LineString", "coordinates": [ [ 548461.455550989718176, 182989.359791588154621 ], [ 548573.952362530399114, 183530.215003552322742 ], [ 549104.774074315559119, 183612.618983167369151 ], [ 548935.015265978407115, 186427.299460628972156 ], [ 548990.998512017191388, 186878.078325617243536 ], [ 548714.668548690155149, 187748.070684644510038 ], [ 549730.287522819591686, 187752.727647316351067 ] ] } },
{ "type": "Feature", "properties": { "max_voltage": 132000.0, "len": 3297.3292984657778, "id": 347 }, "geometry": { "type": "LineString", "coordinates": [ [ 553376.437865319778211, 365050.675018932088278 ], [ 553100.098260793602094, 364379.921233149303589 ], [ 552587.730624091112986, 364156.192511233792175 ], [ 552311.85084268276114, 363844.565696859906893 ], [ 551944.524600395001471, 363539.54075340682175 ], [ 551773.100544948945753, 363368.439342671481427 ], [ 551699.04169510200154, 363274.743076500773896 ], [ 551418.295870016445406, 362790.406371259421576 ], [ 551356.38688007206656, 362698.347213546105195 ], [ 551288.863043325138278, 362704.097058193408884 ], [ 551283.800123618566431, 362722.38529575598659 ] ] } },
{ "type": "Feature", "properties": { "max_voltage": 132000.0, "len": 3253.5580414231731, "id": 348 }, "geometry": { "type": "LineString", "coordinates": [ [ 553350.414464090834372, 365060.685629029583652 ], [ 553096.650693058385514, 364381.414258367905859 ], [ 552586.288681510020979, 364160.277138499892317 ], [ 551911.271377688390203, 363513.769588969880715 ], [ 551770.791217818623409, 363372.240633525885642 ], [ 551695.687826194800436, 363276.017421012104023 ], [ 551643.95677494991105, 363195.031154479365796 ], [ 551415.248033238807693, 362792.581271890026983 ], [ 551350.905365740531124, 362708.049417807080317 ], [ 551300.25968413578812, 362712.506411734852009 ] ] } },
{ "type": "Feature", "properties": { "max_voltage": 132000.0, "len": 1951.106134889224, "id": 349 }, "geometry": { "type": "LineString", "coordinates": [ [ 555135.357748749549501, 185182.628802463586908 ], [ 554907.048828043043613, 185417.335861273226328 ], [ 554884.476553193177097, 185949.438741737772943 ], [ 554680.842316754627973, 186499.357756988611072 ], [ 554344.829517340753227, 186875.918567418702878 ] ] } },
{ "type": "Feature", "properties": { "max_voltage": 132000.0, "len": 1727.3121769225741, "id": 350 }, "geometry": { "type": "LineString", "coordinates": [ [ 556304.978346582269296, 174626.043405745644122 ], [ 556676.049368328298442, 174121.419104828208219 ], [ 557356.448108589975163, 173255.895441825676244 ] ] } },
{ "type": "Feature", "properties": { "max_voltage": 132000.0, "len": 1957.0257015796954, "id": 351 }, "geometry": { "type": "LineString", "coordinates": [ [ 566161.677361511974595, 143949.256176748807775 ], [ 568109.369345796876587, 144140.163303372828523 ] ] } },
{ "type": "Feature", "properties": { "max_voltage": 132000.0, "len": 4720.4401498539264, "id": 352 }, "geometry": { "type": "LineString", "coordinates": [ [ 570796.839427329832688, 208038.667898023442831 ], [ 571026.872938690474257, 208325.075207004731055 ], [ 571111.355113342171535, 208980.868562825082336 ], [ 571854.181534129776992, 210325.80678036910831 ], [ 572509.752995083807036, 210572.945688103354769 ], [ 573938.785077600041404, 210845.709379565028939 ] ] } },
{ "type": "Feature", "properties": { "max_voltage": 132000.0, "len": 6275.9543589896248, "id": 353 }, "geometry": { "type": "LineString", "coordinates": [ [ 573988.069692228687927, 169758.96326291305013 ], [ 573364.813430952257477, 168640.803921489918139 ], [ 572162.994488533586264, 167497.555669263936579 ], [ 571851.11770563328173, 166574.374120910477359 ], [ 571828.531919158063829, 166090.474149346235208 ], [ 571415.310337003669702, 165216.061927705246489 ], [ 571319.197706890059635, 164514.771501896088012 ], [ 571477.528274684562348, 164387.327563088329043 ] ] } },
{ "type": "Feature", "properties": { "max_voltage": 132000.0, "len": 1363.5278638476584, "id": 354 }, "geometry": { "type": "LineString", "coordinates": [ [ 574908.312259339727461, 170764.242306652857224 ], [ 574350.552960147382692, 170197.168468740012031 ], [ 573995.535233867820352, 169753.629660692939069 ] ] } },
{ "type": "Feature", "properties": { "max_voltage": 132000.0, "len": 1379.059257746713, "id": 355 }, "geometry": { "type": "LineString", "coordinates": [ [ 574908.312259339727461, 170764.242306652857224 ], [ 574730.625348585657775, 170632.232194931304548 ], [ 573983.844342810218222, 169828.116263712756336 ], [ 574004.453157680807635, 169771.444675817911047 ] ] } },
{ "type": "Feature", "properties": { "max_voltage": 132000.0, "len": 3801.9904047842465, "id": 356 }, "geometry": { "type": "LineString", "coordinates": [ [ 574009.424710874678567, 169762.675247295817826 ], [ 574606.705517709837295, 169492.852256866055541 ], [ 575086.092113398597576, 168553.699039314175025 ], [ 575948.839993315632455, 168100.762003367650323 ], [ 576822.364168206928298, 167403.401307706546504 ] ] } },
{ "type": "Feature", "properties": { "max_voltage": 132000.0, "len": 5973.8754405771606, "id": 357 }, "geometry": { "type": "LineString", "coordinates": [ [ 580623.089239137829281, 172192.284927513159346 ], [ 580563.982281017582864, 172001.019398492469918 ], [ 578795.835602024220861, 171933.447347681620158 ], [ 578101.222337636630982, 171764.624119846266694 ], [ 575633.573841776233166, 171638.758712735318113 ], [ 575231.700935424305499, 171380.606592583528254 ], [ 575075.611497358302586, 171077.527266488788882 ] ] } },
{ "type": "Feature", "properties": { "max_voltage": 132000.0, "len": 5974.7105672909684, "id": 358 }, "geometry": { "type": "LineString", "coordinates": [ [ 580614.163127331063151, 172203.546814033878036 ], [ 580553.577281142119318, 172011.972942747059278 ], [ 578800.464563703513704, 171945.154369908501394 ], [ 578100.230217681033537, 171776.879863176320214 ], [ 575634.897361592389643, 171649.235298012208659 ], [ 575215.625920135411434, 171375.589962654164992 ], [ 575085.008645600522868, 171112.23270232003415 ], [ 575075.611497358302586, 171077.527266488788882 ] ] } },
{ "type": "Feature", "properties": { "max_voltage": 132000.0, "len": 1983.3221933297777, "id": 359 }, "geometry": { "type": "LineString", "coordinates": [ [ 577065.174243798363023, 192905.650063582404982 ], [ 575714.65973485482391, 194358.122949280252215 ] ] } },
{ "type": "Feature", "properties": { "max_voltage": 132000.0, "len": 8405.57878166503, "id": 361 }, "geometry": { "type": "LineString", "coordinates": [ [ 594669.13589135336224, 129564.409314788295887 ], [ 597499.113515496952459, 123635.156911601923639 ], [ 598281.673082585097291, 121974.742549107846571 ] ] } },
{ "type": "Feature", "properties": { "max_voltage": 132000.0, "len": 1816.5111754118625, "id": 362 }, "geometry": { "type": "LineString", "coordinates": [ [ 609190.344840835547075, 230486.232646115910029 ], [ 609661.984685228089802, 232240.447201858041808 ] ] } },
{ "type": "Feature", "properties": { "max_voltage": 132000.0, "len": 1356.7753440993488, "id": 363 }, "geometry": { "type": "LineString", "coordinates": [ [ 609192.064719637273811, 246219.067599156231154 ], [ 609519.295956081710756, 245628.66711115243379 ], [ 609913.838118389132433, 245607.466124563507037 ], [ 610122.039823435014114, 245804.484859807911562 ] ] } },
{ "type": "Feature", "properties": { "max_voltage": 132000.0, "len": 1548.734787839217, "id": 364 }, "geometry": { "type": "LineString", "coordinates": [ [ 609911.697430228348821, 245671.400806433346588 ], [ 609645.352027360815555, 245698.947191177809145 ], [ 609355.47358969587367, 246231.108661179721821 ], [ 609372.416062337812036, 246905.873490949277766 ] ] } },
{ "type": "Feature", "properties": { "max_voltage": 132000.0, "len": 1443.6597943324114, "id": 365 }, "geometry": { "type": "LineString", "coordinates": [ [ 610340.933127464610152, 247045.676275226694997 ], [ 610057.90187407087069, 246632.812378305534367 ], [ 610203.421038278145716, 245782.581177527667023 ], [ 610128.290397627977654, 245753.666760009189602 ] ] } },
{ "type": "Feature", "properties": { "max_voltage": 132000.0, "len": 1599.9719447287891, "id": 366 }, "geometry": { "type": "LineString", "coordinates": [ [ 616906.898572459816933, 159029.149883071426302 ], [ 615308.823281215620227, 159107.03176436611102 ] ] } },
{ "type": "Feature", "properties": { "max_voltage": 132000.0, "len": 1614.5506179933795, "id": 367 }, "geometry": { "type": "LineString", "coordinates": [ [ 615323.306660322239622, 159118.489012884674594 ], [ 616935.994965712423436, 159040.963999369414523 ] ] } },
{ "type": "Feature", "properties": { "max_voltage": 132000.0, "len": 1095.2776791607998, "id": 368 }, "geometry": { "type": "LineString", "coordinates": [ [ 616396.084739448386244, 160752.376445885107387 ], [ 616591.386377851711586, 160075.376634272222873 ], [ 616212.638412770000286, 159979.599242595286341 ] ] } },
{ "type": "Feature", "properties": { "max_voltage": 132000.0, "len": 2155.6613323687734, "id": 370 }, "geometry": { "type": "LineString", "coordinates": [ [ 622051.021797504159622, 302580.012926633993629 ], [ 621632.028065181686543, 302515.139656835643109 ], [ 621604.654515288653784, 302312.887991649098694 ], [ 620772.711294394219294, 302232.32114637963241 ], [ 620357.576193029526621, 302785.650092520634644 ] ] } },
{ "type": "Feature", "properties": { "max_voltage": 132000.0, "len": 1033.1013603269789, "id": 372 }, "geometry": { "type": "LineString", "coordinates": [ [ 637499.637543015182018, 299611.455654505058192 ], [ 638015.588851736159995, 299233.97553998749936 ], [ 638404.294470534659922, 299170.792683256440796 ] ] } },
{ "type": "Feature", "properties": { "max_voltage": 132000.0, "len": 1005.0184424984093, "id": 374 }, "geometry": { "type": "LineString", "coordinates": [ [ 646936.877084355219267, 262680.217706284136511 ], [ 647232.879450109088793, 262843.689279908780009 ], [ 647222.861793477204628, 263169.9113784354995 ], [ 647107.022684034891427, 263490.101309329271317 ] ] } },
{ "type": "Feature", "properties": { "max_voltage": 150000.0, "len": 24673.018130123321, "id": 383 }, "geometry": { "type": "LineString", "coordinates": [ [ 524613.319499718025327, 120930.82897502114065 ], [ 524643.033605573000386, 119710.756773757282645 ], [ 524572.352031952468678, 119192.635158452074393 ], [ 524181.777112109761219, 118798.374602119758492 ], [ 524013.409467251971364, 118017.090125035043457 ], [ 523748.209118838072754, 117967.687025182400248 ], [ 523914.313120783364866, 117083.130567454354605 ], [ 523451.964262631605379, 116577.153328089101706 ], [ 523268.899187934410293, 115613.102028592242277 ], [ 522690.147382060182281, 114727.054556826245971 ], [ 522614.285909124300815, 113969.7053857401188 ], [ 522965.955636808823328, 113219.258875158906449 ], [ 522578.556134774698876, 112035.176954455397208 ], [ 521843.984056197747122, 111433.562243799678981 ], [ 521935.305439266259782, 110914.537609824285028 ], [ 521608.200984644063283, 109963.651797569764312 ], [ 521190.121882456878666, 109503.007894747759565 ], [ 520989.485302513057832, 108630.572696199378697 ], [ 520629.347312443773262, 108134.003209888600395 ], [ 520150.770643231226131, 107921.003379835106898 ], [ 519788.410158746642992, 107524.830166609201115 ], [ 518603.403710858779959, 107795.086088458963786 ], [ 517857.736231579037849, 107695.260143986233743 ], [ 516982.523429221182596, 108013.057156696304446 ], [ 516491.092441754648462, 107861.888535200298065 ], [ 515980.128416009887587, 106959.081710875077988 ], [ 515933.274820376071148, 106077.04909587543807 ], [ 515440.176792204380035, 105497.19555155292619 ], [ 515731.67318179900758, 104981.104434444874641 ], [ 516238.08656032331055, 104643.347045229398645 ], [ 516232.945734358392656, 104264.003850535606034 ], [ 517342.87748061370803, 103261.299869832844706 ] ] } },
{ "type": "Feature", "properties": { "max_voltage": 220000.0, "len": 41799.100933393391, "id": 405 }, "geometry": { "type": "LineString", "coordinates": [ [ 182745.367015925905434, 650301.658221702906303 ], [ 183425.213151537405793, 650519.225449674180709 ], [ 183464.98277964576846, 650568.311615344835445 ], [ 191245.766213162307395, 653718.528621589299291 ], [ 198938.138642375764903, 652881.741830912651494 ], [ 207206.574791582854232, 648928.66851075948216 ], [ 215687.956238010403467, 646620.145603184239008 ], [ 218105.683679822250269, 648022.877566138398834 ], [ 218734.284591445350088, 648259.025111407507211 ], [ 218770.884374320565257, 648319.025268800905906 ], [ 218948.075367247482063, 648606.534276194637641 ], [ 219323.378314183501061, 649357.683740294305608 ], [ 219326.165116356190993, 650097.546748559689149 ], [ 218915.68258563184645, 650414.433849081164226 ], [ 218838.717374225088861, 651109.906562399351969 ], [ 218814.361938597430708, 651299.517163794022053 ], [ 218826.835743957315572, 651327.625630271271802 ], [ 218844.564594310359098, 651364.419018686749041 ] ] } },
{ "type": "Feature", "properties": { "max_voltage": 220000.0, "len": 37369.633852260333, "id": 429 }, "geometry": { "type": "LineString", "coordinates": [ [ 514959.963232170499396, 419397.09232758206781 ], [ 514610.111857294104993, 419140.860805787320714 ], [ 514579.823493427364156, 418520.114026185474358 ], [ 515021.364206102618482, 417378.421742477046791 ], [ 514740.587037451972719, 417135.095032546319999 ], [ 514862.300462969462387, 416742.262868941004854 ], [ 514309.237167263578158, 416398.107430288684554 ], [ 514658.133854154497385, 415653.794037664716598 ], [ 515200.16408749576658, 415319.962432759290095 ], [ 515984.842972733837087, 414668.951636353391223 ], [ 516232.05267831182573, 414211.654404982517008 ], [ 516112.469374489621259, 413394.739540293463506 ], [ 516334.232859433628619, 413108.367841547587886 ], [ 517299.294918628002051, 412804.59009559918195 ], [ 517682.260070571268443, 412050.371999170805793 ], [ 518204.967821400903631, 411421.221015379414894 ], [ 518390.813271788414568, 410967.195772510778625 ], [ 519741.098910712986253, 409146.202311454457231 ], [ 520334.608261550310999, 408928.656581781513523 ], [ 521825.570616634562612, 407568.471179323678371 ], [ 522485.914994807098992, 406715.051633235183544 ], [ 523198.59753651212668, 405938.673678776947781 ], [ 523199.281238061841577, 405007.932203037897125 ], [ 523300.506980134290643, 404943.95099164993735 ], [ 524536.777991624665447, 404797.528983952943236 ], [ 524518.366497786948457, 403956.37387169530848 ], [ 524622.900363179505803, 403393.14955597370863 ], [ 524899.502015686244704, 403054.58193401171593 ], [ 524695.473067301791161, 402800.610025906877127 ], [ 524946.636690057464875, 402294.401401596318465 ], [ 525054.063515332760289, 402243.965149552153889 ], [ 525456.881880627479404, 402439.325965889671352 ], [ 525720.145098405191675, 402446.316290516813751 ], [ 526647.079235236858949, 401519.815549221588299 ], [ 527270.118187606101856, 401391.588997032260522 ], [ 527700.448996750172228, 401359.13594685512362 ], [ 527775.323184288106859, 401487.624809635686688 ], [ 528648.346265032538213, 401465.80964356980985 ], [ 529968.933698824839666, 402056.072924594511278 ], [ 530556.222328064031899, 402038.137243598815985 ], [ 530941.742318240227178, 402260.502527450968046 ], [ 532341.576271130354144, 402062.892233019694686 ], [ 532554.88043260097038, 401617.69897195789963 ], [ 533093.301017453428358, 401845.97598828462651 ], [ 534075.723207111586817, 401583.820803797512781 ], [ 535745.828298076055944, 401339.396601340675261 ], [ 536154.953854604391381, 401404.455294289917219 ], [ 537706.344414463965222, 402483.331670573912561 ], [ 537709.731097230454907, 402488.751734247081913 ] ] } },
{ "type": "Feature", "properties": { "max_voltage": 250000.0, "len": 4905.4322730863887, "id": 454 }, "geometry": { "type": "LineString", "coordinates": [ [ 205643.436208644910948, 578005.916601198958233 ], [ 205970.011314615228912, 577709.242820008425042 ], [ 207142.155852019554004, 577222.808614357956685 ], [ 207319.221852885530097, 577396.985953341820277 ], [ 208745.586497699725442, 578263.4249458265258 ], [ 209422.41952402269817, 578918.730623661773279 ], [ 209726.538525355164893, 579061.084317645174451 ] ] } },
{ "type": "Feature", "properties": { "max_voltage": 270000.0, "len": 12878.577038257856, "id": 456 }, "geometry": { "type": "LineString", "coordinates": [ [ 608339.781170757953078, 138208.27067464980064 ], [ 608686.408357762731612, 138108.189610587258358 ], [ 608859.225033082999289, 138298.479994258319493 ], [ 609446.239354205084965, 138096.205140178732108 ], [ 610114.110113142523915, 137926.823816366435494 ], [ 610525.902797350892797, 137836.235620283143362 ], [ 610657.383941127220169, 137820.962916996475542 ], [ 611749.723797622369602, 137742.336313734878786 ], [ 613609.733039837912656, 137457.636669588013319 ], [ 614440.715598502196372, 137278.190189565328183 ], [ 621003.94638150697574, 137573.195524697366636 ] ] } },
{ "type": "Feature", "properties": { "max_voltage": 270000.0, "len": 12720.924721145939, "id": 457 }, "geometry": { "type": "LineString", "coordinates": [ [ 608411.001944039482623, 138198.422953939967556 ], [ 608859.278339972253889, 138301.834091534081381 ], [ 609460.078031288227066, 138095.542775345791597 ], [ 609876.671956241480075, 138008.551879548060242 ], [ 610525.5087227858603, 137840.217425408656709 ], [ 611752.494616122567095, 137746.403606978070457 ], [ 613612.517204657779075, 137468.120323352108244 ], [ 614441.056873475085013, 137282.29159257246647 ], [ 621003.94638150697574, 137573.195524697366636 ] ] } },
{ "type": "Feature", "properties": { "max_voltage": 270000.0, "len": 2992.2872041489181, "id": 458 }, "geometry": { "type": "LineString", "coordinates": [ [ 621242.942973307333887, 137498.603462706232676 ], [ 622094.518125687260181, 137797.177941180561902 ], [ 623253.045625165919773, 137560.070709715393605 ], [ 623919.048969299066812, 137344.462095771013992 ], [ 623961.233285126276314, 137330.568046200729441 ], [ 624059.134841837338172, 137200.373158444970613 ] ] } },
{ "type": "Feature", "properties": { "max_voltage": 270000.0, "len": 2996.3300025335889, "id": 459 }, "geometry": { "type": "LineString", "coordinates": [ [ 621242.942973307333887, 137498.603462706232676 ], [ 622091.130875447299331, 137799.125875200232258 ], [ 623254.332478218013421, 137561.774905203026719 ], [ 623920.870545900426805, 137351.291008551605046 ], [ 623963.094743403722532, 137334.057241868198616 ], [ 624059.117476864252239, 137201.01923765175161 ], [ 624059.134841837338172, 137200.373158444970613 ] ] } },
{ "type": "Feature", "properties": { "max_voltage": 275000.0, "len": 11634.266308734792, "id": 466 }, "geometry": { "type": "LineString", "coordinates": [ [ 223482.229467217170168, 576255.110115627991036 ], [ 223297.976232649409212, 576415.62304842309095 ], [ 222898.365183554444229, 577304.449980931822211 ], [ 221899.726535669527948, 577631.767222705064341 ], [ 222312.635068192146719, 578738.553096664720215 ], [ 221920.045092881511664, 579118.656963893794455 ], [ 222019.421689395530848, 579408.611870371154509 ], [ 221866.355152526404709, 580322.716459581861272 ], [ 222056.180755231995136, 580748.881278114044107 ], [ 222407.67740764003247, 581052.605452329968102 ], [ 222640.3746160895098, 581619.257929814280942 ], [ 223174.823557495110435, 585593.341119697666727 ], [ 223872.660617537767394, 586078.423682361841202 ] ] } },
{ "type": "Feature", "properties": { "max_voltage": 275000.0, "len": 4236.1554265048453, "id": 467 }, "geometry": { "type": "LineString", "coordinates": [ [ 255925.347987920395099, 658553.744729304104112 ], [ 255960.122303748968989, 658496.172284986125305 ], [ 255989.305047905014362, 658341.032920289202593 ], [ 255921.735488071426516, 658272.735788393300027 ], [ 256519.749584497767501, 658147.262513202033006 ], [ 257261.049779779510573, 657597.434923221007921 ], [ 257459.372176779666916, 657096.388812737073749 ], [ 257915.967460248793941, 656587.670445664785802 ], [ 258071.986155505699571, 656559.196843873593025 ], [ 258194.063346381066367, 656491.439055163646117 ], [ 258207.550279602932278, 656437.757066714344546 ], [ 258176.35604719814728, 656326.446047808858566 ], [ 258116.629993668873794, 656257.023554716724902 ], [ 258159.845742414006963, 656161.99317521287594 ], [ 258162.249920312722679, 656127.987192874425091 ], [ 258060.469598076917464, 656027.749939740053378 ], [ 258059.864925105357543, 655973.358824362978339 ], [ 258051.614529141719686, 655954.314707222045399 ], [ 258022.334747584391152, 655919.585001783561893 ], [ 258093.045222550688777, 655822.474218707415275 ], [ 258168.363501665357035, 655830.549502699985169 ] ] } },
{ "type": "Feature", "properties": { "max_voltage": 275000.0, "len": 4754.6994475546717, "id": 468 }, "geometry": { "type": "LineString", "coordinates": [ [ 258114.175310919148615, 655787.26575807586778 ], [ 258019.593789443402784, 655907.377902350970544 ], [ 258015.913107494649012, 655920.374243715079501 ], [ 258047.557647728826851, 655955.616905737435445 ], [ 258054.752835478197085, 655996.337357057258487 ], [ 258052.799010504677426, 656026.24092071026098 ], [ 258155.29655828839168, 656130.553478331072256 ], [ 258110.371900272439234, 656244.942529628868215 ], [ 258120.112385104235727, 656273.873434275854379 ], [ 258163.24077990531805, 656319.857479318627156 ], [ 258194.358676139294403, 656428.820722996373661 ], [ 258172.449889765121043, 656493.894056771881878 ], [ 258068.277101215964649, 656553.459364044712856 ], [ 257913.281861560972175, 656582.523330711759627 ], [ 257464.152597482054261, 657081.038920678081922 ], [ 256794.538732009910746, 657066.60858677548822 ], [ 255997.18046364779002, 657490.780841340310872 ], [ 255650.069002657110104, 657920.373463554191403 ], [ 255828.507292664609849, 658326.247337382752448 ], [ 255965.845913459314033, 658373.779877740540542 ], [ 255951.809027391282143, 658492.973127261851914 ], [ 255904.086658041371265, 658511.333275259239599 ], [ 255944.306692993530305, 658593.147342861979268 ] ] } },
{ "type": "Feature", "properties": { "max_voltage": 275000.0, "len": 3704.0311546585071, "id": 469 }, "geometry": { "type": "LineString", "coordinates": [ [ 262099.55172214936465, 662426.963828906766139 ], [ 262074.657263880508253, 662423.891651758574881 ], [ 262015.84405247803079, 662464.436184223974124 ], [ 262072.306007975683315, 662537.629901367938146 ], [ 261925.667968385794666, 662625.926746316254139 ], [ 261872.096697004482849, 662725.360175817389973 ], [ 261781.938982057967223, 662737.046950725372881 ], [ 261633.020790505746845, 662903.070547748240642 ], [ 261520.128094358486123, 663089.354968542233109 ], [ 261415.230259609757923, 663338.707055759150535 ], [ 261167.937439403351163, 663269.46440218121279 ], [ 260482.644911852607038, 663330.575842997874133 ], [ 260436.357893613487249, 663649.239655174314976 ], [ 260335.897883226687554, 663893.165607143077068 ], [ 260315.538505938369781, 663970.631859163520858 ], [ 259908.153645724494709, 664679.918406087090261 ] ] } },
{ "type": "Feature", "properties": { "max_voltage": 275000.0, "len": 5395.6196593294662, "id": 470 }, "geometry": { "type": "LineString", "coordinates": [ [ 263677.984164483728819, 646834.100031031062827 ], [ 263818.452786975540221, 647219.716749176033773 ], [ 263792.331998645560816, 647787.143353755353019 ], [ 263956.707066917791963, 648894.193285546614788 ], [ 263714.30451075208839, 650029.969225251348689 ], [ 263967.469113223254681, 650521.81811423401814 ], [ 263734.380892622983083, 650857.518714296631515 ], [ 264269.941406588244718, 651903.11985835863743 ] ] } },
{ "type": "Feature", "properties": { "max_voltage": 275000.0, "len": 1112.1732304158709, "id": 471 }, "geometry": { "type": "LineString", "coordinates": [ [ 265308.731054711388424, 838946.001329898601398 ], [ 265715.805220585432835, 839651.635565235163085 ], [ 265688.956827923306264, 839947.960684069199488 ] ] } },
{ "type": "Feature", "properties": { "max_voltage": 275000.0, "len": 2927.6954591382, "id": 472 }, "geometry": { "type": "LineString", "coordinates": [ [ 275248.793543159554247, 661277.880048346123658 ], [ 274868.567986219772138, 661493.178912422386929 ], [ 274361.778119244670961, 663243.488206794601865 ], [ 274066.479633957380429, 663843.279897331725806 ] ] } },
{ "type": "Feature", "properties": { "max_voltage": 275000.0, "len": 5218.8099375663242, "id": 473 }, "geometry": { "type": "LineString", "coordinates": [ [ 298618.259165079973172, 620210.975100556504913 ], [ 297841.034991280524991, 619809.1201123817591 ], [ 297675.19299857178703, 619565.783043202594854 ], [ 297057.148422510770615, 619201.616176237585023 ], [ 296324.094751311349683, 618599.725436253822409 ], [ 295834.162433841498569, 618366.416920206742361 ], [ 294386.350590761576314, 617229.468280907953158 ] ] } },
{ "type": "Feature", "properties": { "max_voltage": 275000.0, "len": 7474.5757963164979, "id": 474 }, "geometry": { "type": "LineString", "coordinates": [ [ 294390.188398030237295, 617215.581334497546777 ], [ 295353.66892798896879, 616335.11317653011065 ], [ 295286.580126168031711, 615942.221997960936278 ], [ 294910.879483314813115, 615770.194180568098091 ], [ 294670.849528136255685, 615193.598251095041633 ], [ 294838.925748368434142, 613839.540114887873642 ], [ 295129.865013400441967, 613727.473818174214102 ], [ 298177.310084664728492, 613488.400271429680288 ] ] } },
{ "type": "Feature", "properties": { "max_voltage": 275000.0, "len": 1423.7024589460736, "id": 475 }, "geometry": { "type": "LineString", "coordinates": [ [ 318527.082258995214943, 671361.568838967825286 ], [ 318700.033937512547709, 670647.132128701545298 ], [ 318626.784904075495433, 669962.409326228080317 ] ] } },
{ "type": "Feature", "properties": { "max_voltage": 275000.0, "len": 2028.5539736005085, "id": 476 }, "geometry": { "type": "LineString", "coordinates": [ [ 325127.905911474779714, 671544.260095596779138 ], [ 325036.950412211299408, 672059.154027536977082 ], [ 324462.187206756439991, 672678.102921567275189 ], [ 324520.303872900549322, 673336.571376642212272 ] ] } },
{ "type": "Feature", "properties": { "max_voltage": 275000.0, "len": 1625.5735217535839, "id": 477 }, "geometry": { "type": "LineString", "coordinates": [ [ 325127.905911474779714, 671544.260095596779138 ], [ 325754.7404145776527, 671510.85074656305369 ], [ 325986.202113070117775, 671010.717334655346349 ], [ 326380.257006317726336, 670800.221878945478238 ] ] } },
{ "type": "Feature", "properties": { "max_voltage": 275000.0, "len": 4293.5409387604996, "id": 478 }, "geometry": { "type": "LineString", "coordinates": [ [ 326129.015460786409676, 675303.439535084879026 ], [ 327179.461563944700174, 675236.764968347037211 ], [ 327653.143065657175612, 675072.93341227248311 ], [ 328031.223459898785222, 674460.996389319421723 ], [ 329581.322999649972189, 674249.571665112278424 ], [ 329924.62179208867019, 673949.431378364562988 ] ] } },
{ "type": "Feature", "properties": { "max_voltage": 275000.0, "len": 2394.1362210263287, "id": 479 }, "geometry": { "type": "LineString", "coordinates": [ [ 326380.257006317726336, 670800.221878945478238 ], [ 326437.360176078043878, 669576.601835390785709 ], [ 326406.007044549798593, 668407.837823725654744 ] ] } },
{ "type": "Feature", "properties": { "max_voltage": 275000.0, "len": 4224.0916538363217, "id": 480 }, "geometry": { "type": "LineString", "coordinates": [ [ 326380.257006317726336, 670800.221878945478238 ], [ 326840.525720999459736, 670764.875051111332141 ], [ 327129.19822838564869, 670287.093334961682558 ], [ 327056.013875207281671, 668982.330695187672973 ], [ 327474.066018891579006, 667759.476921298308298 ], [ 327295.395969473291188, 667181.359001233940944 ] ] } },
{ "type": "Feature", "properties": { "max_voltage": 275000.0, "len": 11907.142593652501, "id": 481 }, "geometry": { "type": "LineString", "coordinates": [ [ 338591.447256393439602, 391646.056530771485996 ], [ 337356.971217301674187, 391617.649287922948133 ], [ 336110.412753125303425, 391235.224376983009279 ], [ 335825.687094703491312, 391009.617385402147193 ], [ 334716.699342581734527, 390897.576737350667827 ], [ 334656.365829649555963, 390733.797378354298417 ], [ 333878.330570459424052, 390218.7720789956511 ], [ 332747.381020740023814, 389255.810941371601075 ], [ 332625.784912003437057, 388179.400483370700385 ], [ 332462.343646322377026, 387505.095285640680231 ], [ 331898.546090271091089, 387032.864868537988514 ], [ 331050.194776995223947, 386708.189045203733258 ], [ 329655.709077288513072, 386356.23656187223969 ], [ 329374.386674341803882, 386019.917094649572391 ] ] } },
{ "type": "Feature", "properties": { "max_voltage": 275000.0, "len": 1655.7324342305631, "id": 482 }, "geometry": { "type": "LineString", "coordinates": [ [ 338719.523865916067734, 393168.525466177903581 ], [ 338738.273249094141647, 393208.964299166051205 ], [ 338813.30349055834813, 393360.196189073496498 ], [ 339110.777722390193958, 393652.206808167684358 ], [ 339459.953001953079365, 393942.30492862558458 ], [ 339878.28534715634305, 394299.977662687771954 ], [ 339891.497832442983054, 394316.476921866415069 ] ] } },
{ "type": "Feature", "properties": { "max_voltage": 275000.0, "len": 1668.4319320770544, "id": 483 }, "geometry": { "type": "LineString", "coordinates": [ [ 338719.523865916067734, 393168.525466177903581 ], [ 338717.132542019593529, 393173.320932546514086 ], [ 338808.187635255453642, 393392.084911120182369 ], [ 339125.696236341027543, 393690.057145900616888 ], [ 339257.952003613929264, 393775.11201718589291 ], [ 339889.26456309563946, 394315.482261953293346 ], [ 339891.497832442983054, 394316.476921866415069 ] ] } },
{ "type": "Feature", "properties": { "max_voltage": 275000.0, "len": 1687.5883495817081, "id": 484 }, "geometry": { "type": "LineString", "coordinates": [ [ 338752.819583372445777, 391730.168582895188592 ], [ 338758.755547497770749, 391734.471446984505747 ], [ 338524.475604578910861, 392049.113467090472113 ], [ 338312.779596170352306, 392439.380191359494347 ], [ 338401.445324211730622, 392526.783026712888386 ], [ 338479.204487211361993, 392749.296951574098784 ], [ 338671.895195629622322, 393065.79953515069792 ], [ 338719.523865916067734, 393168.525466177903581 ] ] } },
{ "type": "Feature", "properties": { "max_voltage": 275000.0, "len": 2169.0000889301627, "id": 485 }, "geometry": { "type": "LineString", "coordinates": [ [ 338752.819583372445777, 391730.168582895188592 ], [ 338781.853814192814752, 391686.683704794559162 ], [ 338855.494859738508239, 391632.545963836018927 ], [ 339306.244640757329762, 391801.767281163542066 ], [ 339267.986313222441822, 392391.184244761359878 ], [ 338880.847827394492924, 392897.907521211192943 ], [ 338813.415876218932681, 392996.939402299409267 ], [ 338754.834011288126931, 393097.715897114248946 ], [ 338719.523865916067734, 393168.525466177903581 ] ] } },
{ "type": "Feature", "properties": { "max_voltage": 275000.0, "len": 1038.8187142943498, "id": 486 }, "geometry": { "type": "LineString", "coordinates": [ [ 339891.497832442983054, 394316.476921866415069 ], [ 339937.381844137737062, 394336.912874715926591 ], [ 339974.942327397584449, 394355.184457114373799 ], [ 340004.578709580819122, 394374.102077256131452 ], [ 340611.834963553526904, 394941.63092795672128 ], [ 340648.170706818345934, 394997.331093347573187 ], [ 340654.104105962265749, 395009.993546354293358 ] ] } },
{ "type": "Feature", "properties": { "max_voltage": 275000.0, "len": 1037.1341818376723, "id": 487 }, "geometry": { "type": "LineString", "coordinates": [ [ 339891.497832442983054, 394316.476921866415069 ], [ 339913.866930489777587, 394344.41061778034782 ], [ 340208.872496277326718, 394578.59371664642822 ], [ 340395.087180090136826, 394806.253940846014302 ], [ 340566.034365743165836, 394926.206303061742801 ], [ 340612.250177248322871, 394974.683161047403701 ], [ 340648.540133741509635, 395005.593598540988751 ], [ 340654.104105962265749, 395009.993546354293358 ] ] } },
{ "type": "Feature", "properties": { "max_voltage": 275000.0, "len": 4662.0957890096834, "id": 488 }, "geometry": { "type": "LineString", "coordinates": [ [ 340654.104105962265749, 395009.993546354293358 ], [ 340674.094261093472596, 395025.801612223382108 ], [ 341396.919151218608022, 395143.774402037903201 ], [ 341917.272198536549695, 394995.698569058149587 ], [ 342227.113363227865193, 395354.908300929178949 ], [ 343348.551219596993178, 395905.919605292496271 ], [ 343906.492052809742745, 396750.892556173435878 ], [ 343993.637067586823832, 397011.19999786146218 ], [ 343898.560409192927182, 397350.398865127412137 ] ] } },
{ "type": "Feature", "properties": { "max_voltage": 275000.0, "len": 4713.3992917195146, "id": 489 }, "geometry": { "type": "LineString", "coordinates": [ [ 340654.104105962265749, 395009.993546354293358 ], [ 340662.994905794388615, 395028.967381138936616 ], [ 340670.408262986049522, 395040.657517604820896 ], [ 340685.796959745406639, 395121.010638419014867 ], [ 340763.922835432109423, 395256.255251734051853 ], [ 341320.879224578558933, 395526.730096441926435 ], [ 341918.462831347773317, 395593.107421132561285 ], [ 342224.678358849603683, 395374.131522887095343 ], [ 343005.268206006556284, 395740.166277092415839 ], [ 343104.050247102277353, 396421.404731528775301 ], [ 343723.024202821485233, 396509.04600884631509 ], [ 343874.485993325477466, 397159.718986559251789 ] ] } },
{ "type": "Feature", "properties": { "max_voltage": 275000.0, "len": 2190.127776060076, "id": 490 }, "geometry": { "type": "LineString", "coordinates": [ [ 343192.208234476507641, 848578.167318213032559 ], [ 343461.449453849811107, 848874.912332006148063 ], [ 343357.203875989303924, 849095.066320165758952 ], [ 343181.911715225374792, 849563.912038691109046 ], [ 343906.727016372664366, 850317.118296370492317 ] ] } },
{ "type": "Feature", "properties": { "max_voltage": 275000.0, "len": 2119.894600073791, "id": 491 }, "geometry": { "type": "LineString", "coordinates": [ [ 387838.697595497709699, 390199.889521434612107 ], [ 388243.465009826701134, 390690.754693652852438 ], [ 388657.083871563198045, 390574.556945512827951 ], [ 389642.252173851593398, 390949.305594339093659 ] ] } },
{ "type": "Feature", "properties": { "max_voltage": 275000.0, "len": 3271.8953035050936, "id": 492 }, "geometry": { "type": "LineString", "coordinates": [ [ 396722.585898783348966, 297783.378754019911867 ], [ 396326.834992699907161, 299475.966544258815702 ], [ 395606.012526391481515, 300829.672175297338981 ] ] } },
{ "type": "Feature", "properties": { "max_voltage": 275000.0, "len": 5624.6285469362865, "id": 493 }, "geometry": { "type": "LineString", "coordinates": [ [ 407177.150145399093162, 292132.769885002286173 ], [ 406997.726289412123151, 292213.42774612060748 ], [ 406873.795385481615085, 292235.368931796750985 ], [ 406397.270732461824082, 292173.209727488050703 ], [ 406111.858450638188515, 292475.470258342684247 ], [ 405377.01185087650083, 293255.393453063094057 ], [ 404619.307053379714489, 294212.73966150067281 ], [ 404249.74573557509575, 294163.057867063034791 ], [ 403651.178518206172157, 294841.866041990462691 ], [ 403332.569666863011662, 294887.008472786459606 ], [ 402824.071752296236809, 294959.093332827789709 ] ] } },
{ "type": "Feature", "properties": { "max_voltage": 275000.0, "len": 1300.8585942339901, "id": 494 }, "geometry": { "type": "LineString", "coordinates": [ [ 410045.116890704724938, 289910.060140131798107 ], [ 409999.067910253012087, 289911.502120472141542 ], [ 409995.669900892709848, 289910.260548603662755 ], [ 409989.107425771129783, 289909.769008564995602 ], [ 409963.956486884853803, 289911.475935615133494 ], [ 409962.654910993704107, 289910.672420490009245 ], [ 409942.621659343130887, 289871.788568743970245 ], [ 409933.148611805576365, 289853.693720242532436 ], [ 409919.520263653481379, 289849.795424646290485 ], [ 409797.392126426217146, 289928.841729457606561 ], [ 409731.479641482874285, 289966.799201612826437 ], [ 409707.898604417743627, 289991.947965933766682 ], [ 409676.367474097991362, 289990.495902638824191 ], [ 409558.588764388405252, 290024.706247167137917 ], [ 409549.299310757429339, 290037.591743241529912 ], [ 409527.146717086900026, 290065.313679532846436 ], [ 409508.654255939181894, 290081.58541253185831 ], [ 409469.410303771495819, 290092.411490304220933 ], [ 409374.916772623604629, 290151.053692298068199 ], [ 409185.957814369350672, 290201.82442362367874 ], [ 409184.947560239699669, 290223.279996191966347 ], [ 409122.404975055367686, 290448.673614706611261 ], [ 409126.45353825861821, 290479.882792783086188 ], [ 409121.710085897590034, 290498.116798653092701 ] ] } },
{ "type": "Feature", "properties": { "max_voltage": 275000.0, "len": 4108.9274505890608, "id": 495 }, "geometry": { "type": "LineString", "coordinates": [ [ 415918.332606931857299, 438110.594697812921368 ], [ 415856.036706754821353, 437788.025704675004818 ], [ 415256.918924836325459, 437385.180466080375481 ], [ 414387.506056617945433, 436977.718437298084609 ], [ 413741.910604660923127, 437000.902316570980474 ], [ 412364.436747995845508, 436540.8498520758003 ] ] } },
{ "type": "Feature", "properties": { "max_voltage": 275000.0, "len": 8051.7460917835169, "id": 496 }, "geometry": { "type": "LineString", "coordinates": [ [ 426621.493416500161402, 434462.427682921872474 ], [ 426604.133168623433448, 434421.762841967574786 ], [ 426699.944001379597466, 434338.369897471624427 ], [ 426690.055460657807998, 434301.819453229079954 ], [ 426712.947633527510334, 434260.281665174523368 ], [ 426759.285412401135545, 434223.617328200140037 ], [ 427539.228054393897764, 433890.142996189533733 ], [ 427779.556099416979123, 433374.185556833865121 ], [ 428442.371363667421974, 433080.045767727424391 ], [ 429090.297805543988943, 432206.916047239501495 ], [ 430162.884092577849515, 431723.878034430323169 ], [ 430741.481613755924627, 431354.329325448488817 ], [ 431777.671457590127829, 431382.208897150296252 ], [ 432062.666842421866022, 431120.495393707533367 ], [ 432599.31592615932459, 431053.837013976415619 ], [ 432798.455158407741692, 431117.942656266503036 ], [ 432937.46852691838285, 431124.000163140823133 ], [ 433041.8262952005025, 431108.766766026383266 ], [ 433061.765140541072469, 431087.867081755888648 ], [ 433196.191385127080139, 431231.099460951401852 ] ] } },
{ "type": "Feature", "properties": { "max_voltage": 275000.0, "len": 1058.0919690130795, "id": 497 }, "geometry": { "type": "LineString", "coordinates": [ [ 434415.822479143680539, 389457.075687693199143 ], [ 434572.439532927412074, 389056.616791069449391 ], [ 434851.334893290069886, 388866.108421504497528 ], [ 435021.272233155788854, 388713.864910186384805 ], [ 435057.428958218428306, 388756.40867929905653 ], [ 435061.880534925148822, 388759.667912509175949 ], [ 435062.594971973914653, 388759.234683278889861 ] ] } },
{ "type": "Feature", "properties": { "max_voltage": 275000.0, "len": 3563.0177866720983, "id": 498 }, "geometry": { "type": "LineString", "coordinates": [ [ 434783.12344073690474, 386548.985269669617992 ], [ 434624.683946873701643, 385494.532164810691029 ], [ 434626.070862523105461, 384915.964330089278519 ], [ 434342.98389230214525, 384566.619326563202776 ], [ 434717.902504917175975, 384047.675724603584968 ], [ 435292.521160580625292, 383904.812473908241373 ], [ 435256.748180226772092, 383671.34345050615957 ] ] } },
{ "type": "Feature", "properties": { "max_voltage": 275000.0, "len": 2504.4628766328256, "id": 499 }, "geometry": { "type": "LineString", "coordinates": [ [ 435062.594971973914653, 388759.234683278889861 ], [ 435012.302590844687074, 388700.993255652487278 ], [ 434555.652952918142546, 388330.220361576415598 ], [ 434963.467479997023474, 386958.750951203226577 ], [ 434813.030272431380581, 386578.987081077706534 ] ] } },
{ "type": "Feature", "properties": { "max_voltage": 275000.0, "len": 2023.0469640366152, "id": 500 }, "geometry": { "type": "LineString", "coordinates": [ [ 435443.409041965845972, 388394.142145300458651 ], [ 435476.793368418118916, 388058.738988472265191 ], [ 435537.493405482266098, 387796.468937941303011 ], [ 434817.180403186706826, 386576.458497827174142 ] ] } },
{ "type": "Feature", "properties": { "max_voltage": 275000.0, "len": 3618.9832038071727, "id": 501 }, "geometry": { "type": "LineString", "coordinates": [ [ 434819.146887237613555, 386571.388434719876386 ], [ 435291.595587034942582, 386356.455804469529539 ], [ 435839.041532403673045, 385810.865809481823817 ], [ 435847.8101409143419, 384826.175826115300879 ], [ 435713.586751507187728, 384162.924727132020053 ], [ 435261.753697308304254, 383674.150736567738932 ] ] } },
{ "type": "Feature", "properties": { "max_voltage": 275000.0, "len": 2406.1927642850924, "id": 502 }, "geometry": { "type": "LineString", "coordinates": [ [ 437034.709070658311248, 389482.294272075057961 ], [ 437015.155806606577244, 389493.911682569014374 ], [ 436928.826789626851678, 389466.795141449896619 ], [ 436895.95095982903149, 389493.642584437737241 ], [ 436550.141596643370576, 389104.521204765769653 ], [ 435891.081372313783504, 389022.338764803309459 ], [ 435451.119696740992367, 389203.039799506252166 ], [ 435323.730237431766, 389070.887212428089697 ], [ 435068.496872075716965, 388766.069418082013726 ], [ 435062.594971973914653, 388759.234683278889861 ] ] } },
{ "type": "Feature", "properties": { "max_voltage": 275000.0, "len": 2127.9227676873807, "id": 503 }, "geometry": { "type": "LineString", "coordinates": [ [ 435443.409041965845972, 388394.142145300458651 ], [ 435619.688568722980563, 388648.07814793282887 ], [ 436063.160827010287903, 388533.961840963922441 ], [ 436250.766823584854137, 388771.385717073804699 ], [ 437034.709070658311248, 389482.294272075057961 ] ] } },
{ "type": "Feature", "properties": { "max_voltage": 275000.0, "len": 1345.2943541967043, "id": 504 }, "geometry": { "type": "LineString", "coordinates": [ [ 435714.530309895926621, 382776.999458025209606 ], [ 435935.402716743701603, 382444.510791642009281 ], [ 435891.574311189295258, 381967.125210892641917 ], [ 436134.740231111180037, 381568.738276241172571 ] ] } },
{ "type": "Feature", "properties": { "max_voltage": 275000.0, "len": 1243.7682825156428, "id": 505 }, "geometry": { "type": "LineString", "coordinates": [ [ 435717.097873197752051, 382778.242499066400342 ], [ 436895.626735238940455, 382380.713554299087264 ] ] } },
{ "type": "Feature", "properties": { "max_voltage": 275000.0, "len": 1150.3250910474217, "id": 506 }, "geometry": { "type": "LineString", "coordinates": [ [ 436891.732583180884831, 382355.550584818294737 ], [ 436498.772336566413287, 382161.578819337009918 ], [ 436242.921595521387644, 381497.030660192656796 ] ] } },
{ "type": "Feature", "properties": { "max_voltage": 275000.0, "len": 1196.843750829818, "id": 507 }, "geometry": { "type": "LineString", "coordinates": [ [ 437102.298396343889181, 389546.567084775480907 ], [ 437097.11394055566052, 389548.509801601583604 ], [ 437054.85083659470547, 389562.332583709736355 ], [ 437006.461295067507308, 389617.57389266602695 ], [ 437798.666093554347754, 390341.870536132424604 ] ] } },
{ "type": "Feature", "properties": { "max_voltage": 275000.0, "len": 1005.0980664298836, "id": 508 }, "geometry": { "type": "LineString", "coordinates": [ [ 437112.755487117625307, 389438.998268443974666 ], [ 437358.743386094691232, 389576.55715070880251 ], [ 437735.088628599070944, 389999.269412254157942 ], [ 437764.53726235718932, 390081.91190756065771 ], [ 437796.324070891074371, 390134.544607883610297 ], [ 437800.162565320613794, 390141.645254440198187 ] ] } },
{ "type": "Feature", "properties": { "max_voltage": 275000.0, "len": 1665.5384572890412, "id": 509 }, "geometry": { "type": "LineString", "coordinates": [ [ 439029.256534040498082, 391183.475188856536988 ], [ 438925.913178581045941, 391209.964564817841165 ], [ 438697.718740374373738, 390907.003485405584797 ], [ 437800.162565320613794, 390141.645254440198187 ] ] } },
{ "type": "Feature", "properties": { "max_voltage": 275000.0, "len": 1405.2052317733423, "id": 510 }, "geometry": { "type": "LineString", "coordinates": [ [ 440842.411979797994718, 390732.056659699010197 ], [ 440310.633615782076959, 391402.484375954954885 ], [ 439873.988856861891691, 391068.909390100452583 ] ] } },
{ "type": "Feature", "properties": { "max_voltage": 275000.0, "len": 1933.3397388552046, "id": 511 }, "geometry": { "type": "LineString", "coordinates": [ [ 455114.30432826129254, 520920.261474602506496 ], [ 455313.265517075778916, 520926.480007608653978 ], [ 456133.589361915423069, 519398.474529264785815 ] ] } },
{ "type": "Feature", "properties": { "max_voltage": 275000.0, "len": 7601.4723131025903, "id": 512 }, "geometry": { "type": "LineString", "coordinates": [ [ 504337.513541410968173, 183761.097748462867457 ], [ 510339.568864624481648, 179096.581350812455639 ] ] } },
{ "type": "Feature", "properties": { "max_voltage": 275000.0, "len": 14845.199563570277, "id": 513 }, "geometry": { "type": "LineString", "coordinates": [ [ 506511.258571895072237, 170499.515291562012862 ], [ 518339.640556759841274, 179469.985162329860032 ] ] } },
{ "type": "Feature", "properties": { "max_voltage": 275000.0, "len": 4429.2460571788006, "id": 514 }, "geometry": { "type": "LineString", "coordinates": [ [ 520923.753773562260903, 183115.759616465453291 ], [ 518383.364896611019503, 179487.448027186444961 ] ] } },
{ "type": "Feature", "properties": { "max_voltage": 275000.0, "len": 4469.0980546037727, "id": 515 }, "geometry": { "type": "LineString", "coordinates": [ [ 524037.058454002253711, 192574.144292079174193 ], [ 519886.83906813734211, 194232.009326047351351 ] ] } },
{ "type": "Feature", "properties": { "max_voltage": 275000.0, "len": 10738.649005228825, "id": 516 }, "geometry": { "type": "LineString", "coordinates": [ [ 526035.70178624917753, 172167.562051645189058 ], [ 526036.140773644787259, 172206.339730965672061 ], [ 526177.058074037195183, 172277.212300854676869 ], [ 526343.852458586683497, 172408.861411569523625 ], [ 526649.631497258436866, 172668.882134816725738 ], [ 526692.392645190353505, 172715.622114483965561 ], [ 526374.116876232204959, 173233.309771781961899 ], [ 526960.462420257739723, 173728.627211059210822 ], [ 527524.469619333278388, 174036.486276187060867 ], [ 528327.405883242143318, 174300.163091491733212 ], [ 529179.120107578113675, 175120.844306099170353 ], [ 529201.922799319727346, 175501.469621903495863 ], [ 529848.520958401728421, 175527.166997578868177 ], [ 530573.106515319319442, 175941.384865288098808 ], [ 530916.092700575711206, 176370.962971846573055 ], [ 531629.715046053519472, 176484.176761741167866 ], [ 532011.685173856792971, 176870.398733509588055 ], [ 532097.435363122262061, 177195.395262747595552 ], [ 533014.23803224216681, 177573.923307763179764 ], [ 533813.809326047776267, 177719.501079566020053 ] ] } },
{ "type": "Feature", "properties": { "max_voltage": 275000.0, "len": 10900.238590501518, "id": 517 }, "geometry": { "type": "LineString", "coordinates": [ [ 526035.70178624917753, 172167.562051645189058 ], [ 526023.931108635268174, 172231.529997125267982 ], [ 526117.025271804421209, 172270.719182396773249 ], [ 526090.008026851690374, 172342.599441118713003 ], [ 526139.975363993085921, 172366.001145621470641 ], [ 526144.466875726939179, 172351.157475029118359 ], [ 526189.467003510566428, 172364.500214826373849 ], [ 526309.819035839405842, 172455.063296076841652 ], [ 526280.766383716254495, 172499.831008611887228 ], [ 526439.20860062551219, 172606.129375507123768 ], [ 526464.239640898769721, 172711.957694732933305 ], [ 526359.82664782856591, 173237.829029237094801 ], [ 527036.189684093464166, 173848.363537059631199 ], [ 527695.439483967609704, 174328.999753817042802 ], [ 528528.422783579793759, 174774.473100696923211 ], [ 529197.945913559058681, 175508.634922307450324 ], [ 529814.709698555641808, 175901.52432579442393 ], [ 530137.110959613113664, 176332.502878436469473 ], [ 530205.746500544017181, 176744.787317062204238 ], [ 530651.40350867586676, 176751.557835501851514 ], [ 530898.711011816747487, 176449.622165227367077 ], [ 531460.192932365695015, 176560.682268610340543 ], [ 531932.303983507445082, 177091.606794068880845 ], [ 532496.137181758880615, 177491.690110758238006 ], [ 533813.809326047776267, 177719.501079566020053 ] ] } },
{ "type": "Feature", "properties": { "max_voltage": 275000.0, "len": 12741.085254835438, "id": 518 }, "geometry": { "type": "LineString", "coordinates": [ [ 535200.774940544273704, 191242.780630263849162 ], [ 529418.988813632633537, 185016.051265895512188 ], [ 529360.801855683326721, 184847.575329418148613 ], [ 529034.833453650586307, 184876.722737796488218 ], [ 528452.012505081365816, 184642.448882042372134 ], [ 527896.57038087816909, 184616.86249737374601 ], [ 527719.2159849407617, 184406.026705004274845 ], [ 528087.991451465408318, 183689.225347813451663 ], [ 528067.131199278170243, 183667.234226861794014 ], [ 527074.418780286796391, 182620.865117905486841 ] ] } },
{ "type": "Feature", "properties": { "max_voltage": 275000.0, "len": 3434.2736696821266, "id": 519 }, "geometry": { "type": "LineString", "coordinates": [ [ 530302.270541353384033, 165393.207343093352392 ], [ 530391.05444812506903, 165372.19465668493649 ], [ 530517.85464815760497, 165305.831532449112274 ], [ 530570.462256242870353, 165319.86127277003834 ], [ 530620.829717009910382, 165414.396509194106329 ], [ 530733.271739677526057, 165462.294731786299963 ], [ 530967.178411849890836, 165267.359533370094141 ], [ 531145.317631888203323, 165253.73685268999543 ], [ 531770.451857175910845, 165363.340936603199225 ], [ 531888.555679560871795, 165345.947994738060515 ], [ 531899.285809021210298, 165315.56882280530408 ], [ 531914.610064586973749, 165265.879707547836006 ], [ 531921.778154619969428, 165247.49304350867169 ], [ 532080.290077173383906, 165009.977827907307073 ], [ 532217.30369261209853, 164930.555551313620526 ], [ 532503.310423879302107, 165026.04063294455409 ], [ 532542.96157476794906, 164875.512108813680243 ], [ 533192.051746834767982, 164694.389949956152122 ] ] } },
{ "type": "Feature", "properties": { "max_voltage": 275000.0, "len": 10029.91962587036, "id": 520 }, "geometry": { "type": "LineString", "coordinates": [ [ 530362.249329589190893, 165365.361600256466772 ], [ 530405.848731879144907, 165160.985635336663108 ], [ 530432.467149553471245, 165144.940839909191709 ], [ 530476.823167929542251, 165107.439444476563949 ], [ 530539.495495152310468, 164837.800026407639962 ], [ 532141.411935442243703, 164945.271991714835167 ], [ 533591.349567671073601, 164532.437576765194535 ], [ 534733.126008324790746, 164346.253278934047557 ], [ 535955.069723142310977, 163637.452289897366427 ], [ 536130.93114619422704, 163579.272583506943192 ], [ 536171.13408253272064, 163569.850072165485471 ], [ 536250.996864703949541, 163562.508842021517921 ], [ 536436.826847046031617, 163559.465648161189165 ], [ 536979.398568601114675, 163464.20252204569988 ], [ 537139.700764858280309, 163388.847685944463592 ], [ 537166.567714020144194, 163361.893471617717296 ], [ 537194.731793795712292, 163328.419842807634268 ], [ 537526.204571848153137, 162870.086900290858466 ], [ 537571.964516746462323, 162814.532175749423914 ], [ 537588.762683590641245, 162798.347961560531985 ], [ 537639.115706208976917, 162762.747480691614328 ], [ 537666.652384456945583, 162746.852657846000511 ], [ 537702.979634731658734, 162732.151774717960507 ], [ 537747.237876523169689, 162720.546996413904708 ], [ 537829.618370580486953, 162710.92732734978199 ], [ 537881.578179073520005, 162717.135854477644898 ], [ 537922.843752277549356, 162727.362904611509293 ], [ 537974.445556011865847, 162746.8273225647863 ], [ 538031.447094401810318, 162783.352674858702812 ], [ 538074.021140418364666, 162812.188990586262662 ], [ 538141.790846523130313, 162848.349962038511876 ], [ 538254.649250326794572, 162887.77875850914279 ], [ 538371.891571702086367, 162908.333204267721158 ], [ 538461.19822032074444, 162911.819838617404457 ], [ 538508.625503900111653, 162908.275178330368362 ], [ 538539.093158923089504, 162903.625841669214424 ], [ 538573.202680693008006, 162895.225098137860186 ], [ 538596.562657815287821, 162894.678854920668527 ], [ 538634.715609950246289, 162896.247630966827273 ], [ 538666.130467395414598, 162900.104333313531242 ], [ 538721.095580120221712, 162912.323192800744437 ], [ 538779.63418572593946, 162935.367159947287291 ], [ 538809.629678873345256, 162951.961281820375007 ], [ 538873.870787260588259, 162994.902491991408169 ], [ 538908.76091315143276, 163029.323909179540351 ], [ 539150.419333826284856, 163332.02791518898448 ] ] } },
{ "type": "Feature", "properties": { "max_voltage": 275000.0, "len": 4098.5802876855605, "id": 521 }, "geometry": { "type": "LineString", "coordinates": [ [ 537382.580830045742914, 191315.097681879444281 ], [ 541424.462729107006453, 190635.722168157051783 ] ] } },
{ "type": "Feature", "properties": { "max_voltage": 275000.0, "len": 2562.0863067382711, "id": 522 }, "geometry": { "type": "LineString", "coordinates": [ [ 551280.430222610011697, 174348.619904766790569 ], [ 551249.324253331753425, 174331.958734492596705 ], [ 551364.044650277472101, 173739.422041469602846 ], [ 550946.967740010702983, 173245.559058006212581 ], [ 550194.106228599790484, 172660.024038924719207 ], [ 549951.739108978305012, 172664.515921215643175 ], [ 549918.749931754078716, 172658.881967793917283 ], [ 549909.123311265604571, 172650.563303732604254 ], [ 549876.239438784890808, 172640.167183347512037 ] ] } },
{ "type": "Feature", "properties": { "max_voltage": 320000.0, "len": 11773.559198391567, "id": 524 }, "geometry": { "type": "LineString", "coordinates": [ [ 315403.985702977282926, 955600.272067451965995 ], [ 315809.45473386591766, 955863.808118385612033 ], [ 316031.645358286739793, 955310.53120903018862 ], [ 316487.87317688082112, 954984.618110985960811 ], [ 317734.658029156678822, 955038.195516443578526 ], [ 318036.653246262809262, 954274.531708029797301 ], [ 319901.13541508448543, 954614.62121661438141 ], [ 320592.590162663022056, 955125.983991910819896 ], [ 321586.599607311887667, 954441.775911589968018 ], [ 321816.5544102290296, 954577.765222444781102 ], [ 322427.812528344802558, 954403.141119904350489 ], [ 323274.42039151903009, 954383.325690455036238 ], [ 323479.960159565438516, 954938.51118975924328 ], [ 324230.290203938318882, 954995.759352615219541 ], [ 324613.398941968975123, 954868.567577697802335 ], [ 325074.094226742745377, 955259.248323947191238 ] ] } },
{ "type": "Feature", "properties": { "max_voltage": 320000.0, "len": 13914.274888554348, "id": 525 }, "geometry": { "type": "LineString", "coordinates": [ [ 325074.094226742745377, 955259.248323947191238 ], [ 325360.396749896346591, 956063.924470336176455 ], [ 326506.253774911747314, 955739.297214605845511 ], [ 329437.162671751575544, 954059.326404588413425 ], [ 330265.628926741075702, 953872.024370757164434 ], [ 330853.594768250943162, 953528.245929189957678 ], [ 332645.180768467253074, 953404.209167491993867 ], [ 332928.424510534969158, 953199.353317661560141 ], [ 333853.752498368558008, 952897.365344405174255 ], [ 334441.087880488601513, 953046.239254776621237 ], [ 334746.69196735182777, 952898.630224845255725 ], [ 335127.426313260977622, 953655.992824495653622 ], [ 335580.792328606592491, 953890.958767667179927 ], [ 336767.930241921159904, 953350.613419886445627 ], [ 337001.328289967495948, 953364.089419049560092 ] ] } },
{ "type": "Feature", "properties": { "max_voltage": 320000.0, "len": 134205.26611029383, "id": 526 }, "geometry": { "type": "LineString", "coordinates": [ [ 343256.668679855996743, 848329.61604211688973 ], [ 343036.541915923473425, 848373.751215963857248 ], [ 343073.89137183787534, 848619.273842048365623 ], [ 342909.174671650049277, 848788.357479411875829 ], [ 342772.22118207073072, 848783.226937456987798 ], [ 342410.152900076005608, 848923.686311137746088 ], [ 342185.580840594309848, 849061.237668694811873 ], [ 342122.116278105939273, 849071.77346098201815 ], [ 341871.937225665606093, 849551.200323141296394 ], [ 341075.891283394186758, 850174.108194736996666 ], [ 341035.352304320782423, 850567.087321282830089 ], [ 340451.137802873796318, 851497.548356349463575 ], [ 340057.074922477127984, 851945.696291440399364 ], [ 339515.995823347591795, 852969.941449903300963 ], [ 339842.348450536839664, 853416.793095505097881 ], [ 339824.718001592904329, 854827.965778810321353 ], [ 339722.470338902086951, 855275.706299948506057 ], [ 339841.019246270763688, 855637.868021991336718 ], [ 340018.151954592496622, 855794.933364332537167 ], [ 340183.448603367840406, 856653.272746944101527 ], [ 340098.371628846100066, 857270.688408449641429 ], [ 339819.696578892704565, 857598.206484920694493 ], [ 339603.865725585026667, 858379.135104311397299 ], [ 339989.818786846124567, 858858.752608800190501 ], [ 339953.074528514756821, 859289.631204137229361 ], [ 339657.248968583531678, 859856.604035395430401 ], [ 339873.891117587278131, 860111.167757124174386 ], [ 339905.535172404604964, 861188.170273446827196 ], [ 339835.921114433615003, 861698.352632221300155 ], [ 339537.328422574675642, 862122.232987910858355 ], [ 339500.791814609547146, 862417.450291789602488 ], [ 339553.505730096716434, 862785.645223629195243 ], [ 339552.106775954423938, 862883.641011822619475 ], [ 339551.351192276808433, 862952.420676724170335 ], [ 339463.459501400182489, 863501.935659032431431 ], [ 338729.915661971841473, 863787.448544694110751 ], [ 338543.367904125945643, 864196.872119477717206 ], [ 338609.80810021009529, 866910.732502616592683 ], [ 338738.277353377779946, 867210.290065324516036 ], [ 338982.625960123667028, 869970.391318737412803 ], [ 339116.147323241631966, 870390.81952714221552 ], [ 339213.812919096904807, 871649.662919423310086 ], [ 345356.525080547435209, 881969.284065599320456 ], [ 345391.319012702559121, 882191.316482340218499 ], [ 350029.049501110741403, 889631.843619561637752 ], [ 350733.292011255980469, 890081.633202256402001 ], [ 350859.871460730792023, 890760.279937018058263 ], [ 366745.074452028551605, 916041.820635918644257 ], [ 367041.555828071315773, 916780.871257671620697 ], [ 366658.466775943292305, 921629.734550567576662 ], [ 366578.080689937225543, 921893.254955114563927 ], [ 366565.175638460321352, 925848.511837884434499 ], [ 350392.052660376240965, 952319.167594620375894 ], [ 348749.086298381502274, 952940.119122575619258 ], [ 340206.213546671264339, 953012.584940323955379 ], [ 339154.817088667128701, 953171.987517282832414 ], [ 338540.454773699515499, 953721.196809509187005 ], [ 338248.315853414707817, 953861.079898227588274 ], [ 337757.785454535216559, 952892.099727548775263 ], [ 337001.328289967495948, 953364.089419049560092 ] ] } },
{ "type": "Feature", "properties": { "max_voltage": 320000.0, "len": 255088.77656856904, "id": 527 }, "geometry": { "type": "LineString", "coordinates": [ [ 337001.328289967495948, 953364.089419049560092 ], [ 337756.987715541850775, 952912.770405453629792 ], [ 338219.497846860031132, 953890.244284714572132 ], [ 338572.117809090064839, 953715.443362804828212 ], [ 341072.370200654899236, 953202.563172702793963 ], [ 341881.268770158931147, 953183.051982044824399 ], [ 349107.877052008523606, 953151.069308688398451 ], [ 350894.556885106430855, 953783.394808831159025 ], [ 360626.157608483859804, 956058.105478568351828 ], [ 365475.685559736739378, 957231.521979700424708 ], [ 370352.996729305887129, 958369.877584266941994 ], [ 379994.098676576220896, 960852.74453708238434 ], [ 380236.897500572900753, 970598.207836668356322 ], [ 380255.093767193262465, 980409.91603899479378 ], [ 384507.466377100150567, 989255.872708085575141 ], [ 389396.607758310099598, 997928.389256076421589 ], [ 394242.824124503997155, 1006605.314969241386279 ], [ 395476.658114316989668, 1009404.16501104796771 ], [ 396492.788836543506477, 1010717.045372412423603 ], [ 396848.704862076498102, 1053078.336065440205857 ], [ 424142.794228595215827, 1129679.008001900510862 ], [ 434943.368374918296468, 1141115.692021605791524 ], [ 436453.929274009016808, 1144977.409767909208313 ], [ 438331.174684939382132, 1149390.304927750956267 ], [ 438286.33872071368387, 1150041.326662855921313 ], [ 437973.947580067673698, 1150194.103152442025021 ], [ 438830.007196599908639, 1152797.714331138180569 ], [ 439839.004595588892698, 1156117.546287170844153 ], [ 440287.743013245111797, 1156718.436944251414388 ] ] } },
{ "type": "Feature", "properties": { "max_voltage": 400000.0, "len": 5497.4693363197739, "id": 538 }, "geometry": { "type": "LineString", "coordinates": [ [ 259590.770910012652166, 338796.364255978143774 ], [ 259589.412806308973813, 338785.071653585939202 ], [ 258957.817840914009139, 339031.098892510752194 ], [ 257597.11156393220881, 339137.549509970936924 ], [ 256184.856914267642424, 339743.78734429855831 ], [ 255405.192768071399769, 339787.709913068334572 ], [ 254376.58518643656862, 340165.274649133905768 ], [ 254351.458717572386377, 340181.519128905842081 ] ] } },
{ "type": "Feature", "properties": { "max_voltage": 400000.0, "len": 1402.0000837261264, "id": 539 }, "geometry": { "type": "LineString", "coordinates": [ [ 255873.221584448212525, 362565.248761261813343 ], [ 254956.730021608644165, 363626.214100003824569 ] ] } },
{ "type": "Feature", "properties": { "max_voltage": 400000.0, "len": 5975.926308779779, "id": 540 }, "geometry": { "type": "LineString", "coordinates": [ [ 255792.957094220153522, 367825.518643586779945 ], [ 255719.623656572919572, 367731.479555507481564 ], [ 255833.900622476910939, 366849.965520877216477 ], [ 255998.014432749769185, 366374.190383413573727 ], [ 256472.046624480950413, 365731.610586595896166 ], [ 256880.156945039925631, 364982.78208090813132 ], [ 257010.882455290353391, 364258.30257626780076 ], [ 256204.432712744892342, 363405.95950817852281 ], [ 255873.221584448212525, 362565.248761261813343 ] ] } },
{ "type": "Feature", "properties": { "max_voltage": 400000.0, "len": 4639.0487036598406, "id": 541 }, "geometry": { "type": "LineString", "coordinates": [ [ 255873.221584448212525, 362565.248761261813343 ], [ 256235.055441539443564, 362196.213869689265266 ], [ 257061.003761498723179, 361602.92911446018843 ], [ 257651.202281630947255, 361316.342934804793913 ], [ 257883.212580033403356, 360952.553549279808067 ], [ 258647.654333778395085, 360403.001542059937492 ], [ 259723.351566974684829, 360436.683677601104137 ] ] } },
{ "type": "Feature", "properties": { "max_voltage": 400000.0, "len": 2944.9499742927146, "id": 542 }, "geometry": { "type": "LineString", "coordinates": [ [ 331107.91074695478892, 370739.006946931884158 ], [ 330062.700426158378832, 370806.513489941891748 ], [ 329465.343952809053008, 370691.563231576990802 ], [ 329002.691324810497463, 370336.219246563676279 ], [ 328896.847110361733939, 370540.761790450313129 ], [ 328564.261645466787741, 370790.425460484577343 ], [ 328514.964649442583323, 370824.111232153489254 ] ] } },
{ "type": "Feature", "properties": { "max_voltage": 400000.0, "len": 8269.7445603517808, "id": 543 }, "geometry": { "type": "LineString", "coordinates": [ [ 341553.023929606308229, 160516.370592218736419 ], [ 341296.716067693836521, 160350.518019510782324 ], [ 341136.617829798429739, 159693.150990236346843 ], [ 341441.768652592611033, 159324.708902968355687 ], [ 341502.236012744251639, 158905.185278339718934 ], [ 340137.731344993051607, 158082.243973034899682 ], [ 339642.770346858655103, 157415.267058750469005 ], [ 338222.49032741348492, 156403.254290078417398 ], [ 337957.821888629521709, 155851.654425238550175 ], [ 338011.157177289598621, 155153.841554743412416 ], [ 337750.791532433649991, 154747.616576864471426 ], [ 337372.543559260608163, 154557.191344643448247 ] ] } },
{ "type": "Feature", "properties": { "max_voltage": 400000.0, "len": 2781.6554918151651, "id": 544 }, "geometry": { "type": "LineString", "coordinates": [ [ 344240.144890424737241, 845889.934989786939695 ], [ 343839.113971041108016, 847138.665890717529692 ], [ 343769.540409025794361, 848064.319753309013322 ], [ 343492.079422872920986, 848529.733911924529821 ] ] } },
{ "type": "Feature", "properties": { "max_voltage": 400000.0, "len": 3712.2808724097408, "id": 545 }, "geometry": { "type": "LineString", "coordinates": [ [ 357450.89785814168863, 190173.379429023363627 ], [ 354911.344764611276332, 190301.107416954881046 ], [ 353749.867576768214349, 190438.010606963885948 ] ] } },
{ "type": "Feature", "properties": { "max_voltage": 400000.0, "len": 2375.1241706716673, "id": 546 }, "geometry": { "type": "LineString", "coordinates": [ [ 358396.309858763008378, 221278.60924551676726 ], [ 357917.934388943423983, 221044.714850537362508 ], [ 357012.164758605125826, 220274.209327029035194 ], [ 356405.336425198765937, 220031.752886949514505 ] ] } },
{ "type": "Feature", "properties": { "max_voltage": 400000.0, "len": 8029.8014899369446, "id": 547 }, "geometry": { "type": "LineString", "coordinates": [ [ 360735.576361343788449, 91284.296630962446216 ], [ 361312.317621553200297, 90417.373667821273557 ], [ 361868.424907552776858, 90323.375363026279956 ], [ 362184.288819235283881, 90110.281916039879434 ], [ 362071.513279348087963, 89499.822547700925497 ], [ 362911.326386030588765, 88531.391323060757713 ], [ 362982.84792265802389, 88091.386437667300925 ], [ 363399.797518299194053, 87244.114402693667216 ], [ 363354.146832315134816, 86680.467348747479264 ], [ 363957.773573317739647, 85501.256352954806061 ], [ 364010.771586914255749, 84642.29887573493761 ] ] } },
{ "type": "Feature", "properties": { "max_voltage": 400000.0, "len": 1863.2926277888951, "id": 548 }, "geometry": { "type": "LineString", "coordinates": [ [ 373890.903809088282287, 673183.154964098357596 ], [ 374140.709293307212647, 673337.546828280086629 ], [ 374230.746552699012682, 674194.682700229575858 ], [ 374291.591275402344763, 674310.741018151165918 ], [ 374287.963002677075565, 674365.902134114527144 ], [ 374328.179189376649447, 674580.643094277125783 ], [ 374462.245542068674695, 674852.34694113326259 ] ] } },
{ "type": "Feature", "properties": { "max_voltage": 400000.0, "len": 1972.5566253776124, "id": 549 }, "geometry": { "type": "LineString", "coordinates": [ [ 374061.439413152111229, 672962.066254451405257 ], [ 374153.361674909305293, 673282.565135630895384 ], [ 374248.792205476667732, 674024.080943386303261 ], [ 374252.498548528878018, 674192.50435737404041 ], [ 374309.157739336427767, 674315.555551303783432 ], [ 374316.440222864795942, 674377.641244415775873 ], [ 374336.212689150474034, 674576.254296942730434 ], [ 374505.723139898094814, 674854.09219101537019 ] ] } },
{ "type": "Feature", "properties": { "max_voltage": 400000.0, "len": 1014.5899324076923, "id": 550 }, "geometry": { "type": "LineString", "coordinates": [ [ 378692.646020580956247, 381664.600263620784972 ], [ 379629.134469173848629, 381274.238743238558527 ] ] } },
{ "type": "Feature", "properties": { "max_voltage": 400000.0, "len": 6867.2185785109687, "id": 551 }, "geometry": { "type": "LineString", "coordinates": [ [ 411146.217294155329, 399871.579939729417674 ], [ 411391.751207877066918, 399901.107599592243787 ], [ 411531.310718573688064, 399957.348038837430067 ], [ 415529.626663322502282, 402214.171792106237262 ], [ 417359.391314666252583, 402637.860656577453483 ] ] } },
{ "type": "Feature", "properties": { "max_voltage": 400000.0, "len": 2956.6727855922782, "id": 552 }, "geometry": { "type": "LineString", "coordinates": [ [ 447448.722840115427971, 102731.391024433192797 ], [ 450031.994819299376104, 104169.660763607680565 ] ] } },
{ "type": "Feature", "properties": { "max_voltage": 400000.0, "len": 2041.9039037523214, "id": 553 }, "geometry": { "type": "LineString", "coordinates": [ [ 449871.188225677527953, 205764.481116730166832 ], [ 450197.144198508700356, 205399.205957219121046 ], [ 450549.955596334883012, 205093.038679854565999 ], [ 451248.508162678685039, 204262.559792786603794 ] ] } },
{ "type": "Feature", "properties": { "max_voltage": 400000.0, "len": 2063.6069271644874, "id": 554 }, "geometry": { "type": "LineString", "coordinates": [ [ 449883.43358133349102, 205799.695212614809861 ], [ 450200.746365768485703, 205402.890122671145946 ], [ 450574.994967667094897, 205079.819433195050806 ], [ 451282.556939282920212, 204289.033427678688895 ] ] } },
{ "type": "Feature", "properties": { "max_voltage": 400000.0, "len": 5569.9954965467632, "id": 555 }, "geometry": { "type": "LineString", "coordinates": [ [ 454423.389979333675001, 514687.035057320259511 ], [ 453802.567077789397445, 513974.547942133387551 ], [ 453078.174356524425093, 513532.11172011110466 ], [ 452346.161330683971755, 512454.395386288990267 ], [ 451581.981243908638135, 512492.083320560283028 ], [ 450519.826737908821087, 512694.353119943290949 ], [ 449986.584575538116042, 512364.53986680007074 ] ] } },
{ "type": "Feature", "properties": { "max_voltage": 400000.0, "len": 9211.2909305306293, "id": 556 }, "geometry": { "type": "LineString", "coordinates": [ [ 450479.982596889836714, 104260.422904523962643 ], [ 450949.976116152480245, 104275.602848334761802 ], [ 451841.611359021277167, 103851.838041218434228 ], [ 451623.345309098018333, 103402.186097946803784 ], [ 451389.353567832149565, 103028.303084071798366 ], [ 452704.292850289202761, 101989.101097364298766 ], [ 454970.913665364962071, 100947.892153347202111 ], [ 455415.977162542811129, 101436.833990064420504 ], [ 455595.514736079087015, 101828.359172009673784 ], [ 456352.906380801927298, 102591.595155565039022 ], [ 456803.655102269141935, 102440.327172574034194 ] ] } },
{ "type": "Feature", "properties": { "max_voltage": 400000.0, "len": 1779.1085672897289, "id": 557 }, "geometry": { "type": "LineString", "coordinates": [ [ 457502.998978289135266, 520453.112426520208828 ], [ 456967.711864769458771, 520214.138623979699332 ], [ 456401.211250670603476, 519681.734035994275473 ], [ 456414.080633978475817, 519443.493962261127308 ], [ 456308.158380935085006, 519301.817050832672976 ] ] } },
{ "type": "Feature", "properties": { "max_voltage": 400000.0, "len": 3198.0531800823983, "id": 558 }, "geometry": { "type": "LineString", "coordinates": [ [ 458144.560422072710935, 179501.394618940772489 ], [ 457796.751516512595117, 179797.894777435634751 ], [ 457720.319483226398006, 180464.24328359295032 ], [ 457990.263545178517234, 180654.432981014077086 ], [ 457928.508033183403313, 181157.696185069595231 ], [ 458089.618809578649234, 181276.290471025567967 ], [ 457997.449533522420097, 181966.582514210371301 ], [ 458301.023001518275123, 182111.926474437874276 ] ] } },
{ "type": "Feature", "properties": { "max_voltage": 400000.0, "len": 3266.4528558161096, "id": 559 }, "geometry": { "type": "LineString", "coordinates": [ [ 458295.418675790773705, 182138.49049580207793 ], [ 457980.331016249896493, 181970.035630357044283 ], [ 458072.760483188903891, 181276.798720079881605 ], [ 457913.841781847877428, 181169.78661195008317 ], [ 457973.398478812770918, 180665.096710940793855 ], [ 457702.871182786126155, 180471.26411604671739 ], [ 457780.92562077351613, 179790.785529032640625 ], [ 458148.986577746807598, 179463.894386459782254 ] ] } },
{ "type": "Feature", "properties": { "max_voltage": 400000.0, "len": 2750.4019194789503, "id": 560 }, "geometry": { "type": "LineString", "coordinates": [ [ 458175.295362966018729, 179496.317875851411372 ], [ 458042.926199860230554, 180095.708430144528393 ], [ 458014.073439336323645, 180999.213556965347379 ], [ 458414.982068188372068, 181961.005931899242569 ], [ 458337.605005082907155, 182135.192488090833649 ] ] } },
{ "type": "Feature", "properties": { "max_voltage": 400000.0, "len": 1185.3041277468669, "id": 561 }, "geometry": { "type": "LineString", "coordinates": [ [ 504455.32812626165105, 435101.740625221398659 ], [ 504583.091619804268703, 435278.326479786774144 ], [ 503990.382444676710293, 436042.8215143479174 ] ] } },
{ "type": "Feature", "properties": { "max_voltage": 400000.0, "len": 1413.4716589764221, "id": 562 }, "geometry": { "type": "LineString", "coordinates": [ [ 504100.473309703287669, 436008.985133684007451 ], [ 504759.000682259444147, 435040.433114077546634 ], [ 504552.645196886616759, 434913.530361532291863 ] ] } },
{ "type": "Feature", "properties": { "max_voltage": 400000.0, "len": 19918.162496944729, "id": 563 }, "geometry": { "type": "LineString", "coordinates": [ [ 514596.555975436698645, 196987.135092606127728 ], [ 514720.43311263906071, 196819.306233843555674 ], [ 514687.782336518110242, 196309.111456270708004 ], [ 515056.81383132567862, 195689.406104152556509 ], [ 515852.036535811377689, 195338.672978114627767 ], [ 517726.45384150929749, 194094.2368422493455 ], [ 520795.165690079855267, 189584.306740220228676 ], [ 521007.810391765320674, 189325.168621706252452 ], [ 521338.916169996547978, 188921.718046342430171 ], [ 523640.601611287507694, 185902.524497462960426 ], [ 525579.730023835552856, 183440.804294945904985 ], [ 526577.286746916593984, 182226.005807553534396 ], [ 526640.350973645923659, 182279.341932711715344 ], [ 527018.74900275899563, 182543.072072895709425 ] ] } },
{ "type": "Feature", "properties": { "max_voltage": 400000.0, "len": 2273.1115576728475, "id": 564 }, "geometry": { "type": "LineString", "coordinates": [ [ 518732.912614098109771, 337496.608307468472049 ], [ 519447.150655838195235, 337216.238276798976585 ], [ 519931.943899335106835, 338510.316741212271154 ], [ 519892.120992819545791, 338540.769610010669567 ], [ 519837.547982126066927, 338590.417327336559538 ] ] } },
{ "type": "Feature", "properties": { "max_voltage": 400000.0, "len": 1810.4080805362489, "id": 565 }, "geometry": { "type": "LineString", "coordinates": [ [ 519187.180380237288773, 340018.665596553648356 ], [ 519142.662768362613861, 339917.22110545495525 ], [ 519629.32602677680552, 339677.578967947512865 ], [ 519869.991527871228755, 339204.667371961055323 ], [ 519853.049088659812696, 338771.321137822524179 ], [ 519801.437418110261206, 338747.936841774557251 ], [ 519750.013037549098954, 338697.72392833000049 ], [ 519739.529028788092546, 338676.829424383642618 ], [ 519713.091749898856506, 338651.922310147841927 ], [ 519714.358581335982308, 338647.479553217475768 ] ] } },
{ "type": "Feature", "properties": { "max_voltage": 400000.0, "len": 1709.310507989506, "id": 566 }, "geometry": { "type": "LineString", "coordinates": [ [ 519837.547982126066927, 338590.417327336559538 ], [ 519850.104857695114333, 338631.981367977045011 ], [ 519854.147310156608, 338640.896456435963046 ], [ 519878.967962766706478, 339201.707100817235187 ], [ 519799.687878259341232, 339483.593145248829387 ], [ 519634.085523195506539, 339687.379795114917215 ], [ 519240.534219785360619, 339879.325637925241608 ], [ 519278.372952244943008, 339973.471903395606205 ] ] } },
{ "type": "Feature", "properties": { "max_voltage": 400000.0, "len": 2749.921353502546, "id": 567 }, "geometry": { "type": "LineString", "coordinates": [ [ 520830.12944205023814, 183171.90289912559092 ], [ 521199.30185554549098, 182980.237220892275218 ], [ 521290.71661660738755, 182885.014542212302331 ], [ 521454.17215581482742, 182658.30410302663222 ], [ 521542.613189072057139, 182569.456982671195874 ], [ 521971.936832728155423, 182430.07891059020767 ], [ 522154.490950963867363, 182258.759532205353025 ], [ 522288.848937312723137, 182269.513773037353531 ], [ 522474.877860338950995, 182281.82857554135262 ], [ 522535.496608655841555, 182285.371095598209649 ], [ 522996.202021286007948, 182310.802558519906597 ], [ 523248.221938220260199, 182311.124440336832777 ] ] } },
{ "type": "Feature", "properties": { "max_voltage": 400000.0, "len": 4405.8971362013135, "id": 568 }, "geometry": { "type": "LineString", "coordinates": [ [ 523251.041555831499863, 182314.775758878502529 ], [ 523519.378038361785002, 182444.20278498379048 ], [ 524555.064886432723142, 182256.740036211558618 ], [ 525112.364188557723537, 181834.626019169692881 ], [ 525644.076711764442734, 182002.949851143290289 ], [ 526151.060052457265556, 181812.88487784267636 ], [ 526423.913123435690068, 182071.48927337184432 ], [ 526536.539659905713052, 182171.746400305069983 ], [ 526580.57362181856297, 182207.193473139108391 ], [ 526780.375604025786743, 182368.04785335296765 ], [ 526844.767316773999482, 182401.98029897295055 ], [ 526984.0243827420054, 182441.43428645998938 ], [ 527043.400668731424958, 182479.884095146204345 ], [ 527129.224558197311126, 182576.424979289906332 ] ] } },
{ "type": "Feature", "properties": { "max_voltage": 400000.0, "len": 5490.1652707821368, "id": 569 }, "geometry": { "type": "LineString", "coordinates": [ [ 525649.831528664566576, 177804.826435407507233 ], [ 525498.733835469232872, 178240.875917335739359 ], [ 525098.325118501437828, 178565.772917635797057 ], [ 523966.397403290378861, 179806.231523781898431 ], [ 523425.697958629170898, 181184.679263021389488 ], [ 523002.796699539991096, 181975.626922647003084 ], [ 523307.845508454309311, 182314.763336007483304 ] ] } },
{ "type": "Feature", "properties": { "max_voltage": 400000.0, "len": 6722.5629024769769, "id": 570 }, "geometry": { "type": "LineString", "coordinates": [ [ 526019.920950650470331, 171680.049842847744003 ], [ 526052.117773320176639, 171803.26621459343005 ], [ 526020.829515310470015, 171926.882360720483121 ], [ 526011.852153175626881, 171941.43719257065095 ], [ 525984.492127136094496, 171989.764574478031136 ], [ 525914.056431011646055, 172117.621264088142198 ], [ 525892.091786457691342, 172262.098036637878977 ], [ 525939.844334187218919, 172711.46626205125358 ], [ 525700.322598916245624, 173182.214389146538451 ], [ 525427.791365249315277, 174300.568052559101488 ], [ 525617.399079115013592, 174918.033298543654382 ], [ 525545.752230596495792, 175331.663853294099681 ], [ 526123.109759973478504, 176064.648626619542483 ], [ 526286.994300336111337, 176667.13296658807667 ], [ 526215.984713624115102, 177127.706949218292721 ], [ 525649.831528664566576, 177804.826435407507233 ] ] } },
{ "type": "Feature", "properties": { "max_voltage": 400000.0, "len": 2433.2934469722413, "id": 571 }, "geometry": { "type": "LineString", "coordinates": [ [ 529147.054926834069192, 184110.984541066602105 ], [ 529125.446821024990641, 184060.913605769426795 ], [ 528352.676231042365544, 183138.876181540836114 ], [ 527886.067711934563704, 183158.295391410880256 ], [ 527597.683937155874446, 182930.25086233363254 ], [ 527288.610863672103733, 182786.083092617307557 ] ] } },
{ "type": "Feature", "properties": { "max_voltage": 400000.0, "len": 2604.8280022036593, "id": 572 }, "geometry": { "type": "LineString", "coordinates": [ [ 527288.610863672103733, 182786.083092617307557 ], [ 527289.781394375953823, 182789.051517798332497 ], [ 527292.052486542263068, 182802.283297542715445 ], [ 527292.849827659665607, 182837.209994837001432 ], [ 527293.593158808420412, 182893.1216567507945 ], [ 527298.706534238066524, 183002.843796294793719 ], [ 527302.852188748540357, 183039.02281499831588 ], [ 527426.349739405675791, 183285.321111084951553 ], [ 527643.093238680623472, 183441.418893944239244 ], [ 527859.67590973386541, 183533.383639892039355 ], [ 527948.000301883905195, 183570.659932966635097 ], [ 528008.575174185447395, 183596.544678118894808 ], [ 528264.04190981911961, 183666.484789339476265 ], [ 528472.290355146629736, 184017.126125567127019 ], [ 528890.870622953516431, 184184.111027673468925 ], [ 529028.866702578961849, 184094.099928213632666 ], [ 529135.021627967245877, 184118.787019671755843 ], [ 529147.054926834069192, 184110.984541066602105 ] ] } },
{ "type": "Feature", "properties": { "max_voltage": 400000.0, "len": 9356.0724126471559, "id": 573 }, "geometry": { "type": "LineString", "coordinates": [ [ 535779.023532362421975, 186309.818284474080428 ], [ 535541.261891565285623, 187085.676774360646959 ], [ 535298.13552027894184, 187344.293625144229736 ], [ 533110.408096939325333, 187949.056074320891639 ], [ 532437.844457059982233, 187936.642083041835576 ], [ 532251.748723469791003, 187869.457268619909883 ], [ 532136.519019564380869, 187809.311225666722748 ], [ 531848.800630923593417, 187630.418655278306687 ], [ 531634.55863387347199, 187428.946259244403336 ], [ 531574.589745004428551, 187302.724269887898117 ], [ 531533.144756418070756, 187122.067363210313488 ], [ 531508.598373822751455, 186806.02215222895029 ], [ 530877.686514449771494, 186428.262196503113955 ], [ 530426.353349260753021, 185980.196718017512467 ], [ 530178.359424016787671, 185498.707121115905466 ], [ 529304.469269258435816, 184378.957331931451336 ], [ 529158.963766079978086, 184138.580051964963786 ], [ 529147.054926834069192, 184110.984541066602105 ] ] } },
{ "type": "Feature", "properties": { "max_voltage": 400000.0, "len": 3473.9879273417837, "id": 574 }, "geometry": { "type": "LineString", "coordinates": [ [ 529147.054926834069192, 184110.984541066602105 ], [ 529168.329543577390723, 184097.189924659993267 ], [ 529200.402017339598387, 184079.97926124924561 ], [ 529329.965634742286056, 184082.988695045991335 ], [ 530103.036338690551929, 183427.623242300469428 ], [ 530279.571570822270587, 183525.098881548328791 ], [ 532022.060707133729011, 183252.369505323760677 ], [ 532141.88059139973484, 182988.750908206682652 ], [ 532155.796732487971894, 182991.683538182551274 ] ] } },
{ "type": "Feature", "properties": { "max_voltage": 400000.0, "len": 8575.3438058132415, "id": 575 }, "geometry": { "type": "LineString", "coordinates": [ [ 530521.549851715797558, 165395.890745222102851 ], [ 530546.793918336275965, 165334.400646402034909 ], [ 530519.907039959682152, 165279.478730069997255 ], [ 530467.147623671451584, 165267.281671806238592 ], [ 530456.274866151157767, 165175.959892311017029 ], [ 530475.023927368572913, 165124.162420702516101 ], [ 530465.724143889732659, 165081.140186326229014 ], [ 530527.541984321316704, 164363.446960965055041 ], [ 531196.086101031047292, 164543.352872543793637 ], [ 532052.659627239685506, 164156.997492000518832 ], [ 532932.254455619491637, 163964.097479569958523 ], [ 533069.156015951419249, 164240.48672409314895 ], [ 533741.525047338684089, 163984.891640529851429 ], [ 534441.093944549560547, 163442.035020813636947 ], [ 535019.03444833541289, 163143.468285235227086 ], [ 535604.878998473635875, 163319.484981767891441 ], [ 536371.434460177551955, 162949.47076750168344 ], [ 537044.347428867476992, 163412.151266676955856 ], [ 537061.951511963736266, 163407.871716082969215 ], [ 537147.119086759164929, 163384.706624660582747 ] ] } },
{ "type": "Feature", "properties": { "max_voltage": 400000.0, "len": 7415.9661021793554, "id": 576 }, "geometry": { "type": "LineString", "coordinates": [ [ 537147.119086759164929, 163384.706624660582747 ], [ 537138.480878454982303, 163393.021316969476175 ], [ 536980.310875269584358, 163466.819783013488632 ], [ 536412.641169563867152, 163565.251933427993208 ], [ 536253.823797372402623, 163564.93219105177559 ], [ 536156.834962583729066, 163575.144297095946968 ], [ 535989.353780837263912, 163626.557837987551466 ], [ 535907.666094973916188, 163665.902732018963434 ], [ 535380.693396134418435, 164004.977931687491946 ], [ 534703.940518396557309, 164362.765109417960048 ], [ 533392.293685460928828, 164597.908012069063261 ], [ 532279.486100383568555, 164906.772354729822837 ], [ 532190.959856582107022, 164936.783963856752962 ], [ 532094.434102160157636, 164994.175290722749196 ], [ 532009.333807406830601, 165074.730620609945618 ], [ 531929.247918716981076, 165193.428299301245715 ], [ 531904.747616006294265, 165280.992081204080023 ], [ 531903.778812764096074, 165316.619558732607402 ], [ 531899.244132353109308, 165353.323340111412108 ], [ 531883.921598920365795, 165402.689838810882065 ], [ 531847.257662087795325, 165459.695253274636343 ], [ 531640.868220747681335, 165625.122747906832956 ], [ 531294.033743839710951, 165706.850103365897667 ], [ 530672.691204692237079, 165470.603329784236848 ], [ 530545.860776674002409, 165352.380885325896088 ], [ 530563.280331909889355, 165392.116892266727518 ] ] } },
{ "type": "Feature", "properties": { "max_voltage": 400000.0, "len": 6941.8154273859354, "id": 577 }, "geometry": { "type": "LineString", "coordinates": [ [ 532154.127026650006883, 182996.369433574669529 ], [ 532140.045020407764241, 182993.143167713074945 ], [ 532023.573228006949648, 183255.057256564206909 ], [ 532945.196356624248438, 183814.45516014896566 ], [ 535031.698511861497536, 183610.197267273324542 ], [ 535802.477278225356713, 183224.640004323446192 ], [ 536863.582247151294723, 184077.968953308387427 ], [ 537317.084703755215742, 183853.414109133358579 ], [ 537352.084935354068875, 183852.580284287367249 ], [ 537671.049413355067372, 183227.690477042313432 ] ] } },
{ "type": "Feature", "properties": { "max_voltage": 400000.0, "len": 17719.818003661341, "id": 578 }, "geometry": { "type": "LineString", "coordinates": [ [ 549947.166441699839197, 172666.718531683203764 ], [ 549880.499678264837712, 173808.260460320976563 ], [ 548907.932682534097694, 174343.769637989345938 ], [ 548202.496249127900228, 174302.546980037004687 ], [ 546378.661408029263839, 174621.065204292419367 ], [ 545049.178607127163559, 175098.159464882628527 ], [ 544739.239495727350004, 175503.903014300507493 ], [ 544347.445275482488796, 175635.084047278971411 ], [ 543700.065595257445239, 175264.607690424891189 ], [ 542555.324512507184409, 174991.790121427562553 ], [ 542052.609357678098604, 175120.654351761739235 ], [ 540497.043874756782316, 175944.536785959964618 ], [ 540228.993059491389431, 176321.801786093215924 ], [ 538337.423128903610632, 177561.479510022385512 ], [ 537824.739905478316359, 177693.946439861902036 ], [ 537423.939418470254168, 177620.640993031207472 ], [ 537340.732372524216771, 177622.901009482971858 ], [ 537187.345894314465113, 177668.183014701295178 ], [ 537097.309193296823651, 177679.744055689428933 ], [ 536735.911115783383138, 177660.280617167241871 ], [ 536302.067773401620798, 177905.865879400575068 ], [ 536078.76333913160488, 177952.434612231445499 ], [ 535893.954415949410759, 177955.584383121458814 ], [ 535234.246424161596224, 177976.707044449809473 ], [ 534800.641498652985319, 177895.915328933682758 ] ] } },
{ "type": "Feature", "properties": { "max_voltage": 400000.0, "len": 5949.5204362897312, "id": 579 }, "geometry": { "type": "LineString", "coordinates": [ [ 535673.585213093319908, 186303.202755316684488 ], [ 536338.768981965957209, 186171.147776797006372 ], [ 537040.430745802354068, 185839.618995934957638 ], [ 537544.310505732195452, 185393.392923163308296 ], [ 537846.575411703670397, 184486.981107475352474 ], [ 538111.593655003001913, 184148.145342870324384 ], [ 538163.144636519951746, 184025.888620799523778 ], [ 538229.727030618232675, 183816.816702699230518 ], [ 538416.457718057441525, 183552.850780729146209 ], [ 538883.031120511121117, 183119.32632286840817 ], [ 538799.24098638119176, 182297.945283068867866 ], [ 538876.948860840639099, 182009.60450905491598 ] ] } },
{ "type": "Feature", "properties": { "max_voltage": 400000.0, "len": 2537.0969381735326, "id": 580 }, "geometry": { "type": "LineString", "coordinates": [ [ 539146.762845398276113, 163335.289061778108589 ], [ 538907.94868865958415, 163030.748490288213361 ], [ 538812.659325058804825, 162955.103784475417342 ], [ 538729.967475798912346, 162916.147217639838345 ], [ 538670.469257713295519, 162902.002530798694352 ], [ 538619.115967498160899, 162895.869079125230201 ], [ 538565.250507714110427, 162897.057089957175776 ], [ 538515.536249849479645, 162905.012742092891131 ], [ 538439.837551783304662, 162910.595841709116939 ], [ 538261.092977297026664, 162887.864022866124287 ], [ 538116.865866102976725, 162834.600995165237691 ], [ 538085.981592710362747, 162817.530810820637271 ], [ 538055.153014681767672, 162799.939309612498619 ], [ 537968.857606646372005, 162746.78778079681797 ], [ 537876.312963912147097, 162718.306944875977933 ], [ 537819.5874604616547, 162714.128815207222942 ], [ 537760.253315518610179, 162720.118772831570823 ], [ 537708.386526963557117, 162733.221050794003531 ], [ 537668.125640982179902, 162748.817475735442713 ], [ 537589.342145207105204, 162801.156681301596109 ], [ 537549.042709477478638, 162842.04685845709173 ], [ 537241.561030476819724, 163267.79455472913105 ], [ 537206.728888033656403, 163318.10357771004783 ], [ 537185.03118265606463, 163346.375910216243938 ], [ 537167.813968526665121, 163364.786802377260756 ], [ 537147.119086759164929, 163384.706624660582747 ] ] } },
{ "type": "Feature", "properties": { "max_voltage": 400000.0, "len": 2121.709684008239, "id": 581 }, "geometry": { "type": "LineString", "coordinates": [ [ 537147.119086759164929, 163384.706624660582747 ], [ 537280.724457298172638, 163348.366730863053817 ], [ 537697.791786021785811, 163113.824575179256499 ], [ 538401.941854277509265, 163465.928380271769129 ], [ 539102.450116304913536, 163310.791620852192864 ] ] } },
{ "type": "Feature", "properties": { "max_voltage": 400000.0, "len": 1859.3847361063185, "id": 582 }, "geometry": { "type": "LineString", "coordinates": [ [ 537671.049413355067372, 183227.690477042313432 ], [ 537866.118404253269546, 183126.127497441106243 ], [ 537956.666662874398753, 183048.372813641908579 ], [ 538243.771917412057519, 182806.991924581525382 ], [ 538260.392005704343319, 182811.506211508996785 ], [ 538310.916641535703093, 182465.418517061014427 ], [ 538356.053977047442459, 182465.913287290604785 ], [ 538467.374185533728451, 182379.651938853174215 ], [ 538490.166324394987896, 182322.828207279439084 ], [ 538874.062642105156556, 181956.197918403049698 ] ] } },
{ "type": "Feature", "properties": { "max_voltage": 400000.0, "len": 2359.575404483337, "id": 583 }, "geometry": { "type": "LineString", "coordinates": [ [ 557880.939377855625935, 177381.037725170666818 ], [ 557368.358953512040898, 177398.647934873937629 ], [ 557109.714473422151059, 177188.461472115654033 ], [ 556695.307617175742052, 176249.32469875109382 ], [ 556383.94733346789144, 175874.978793782589491 ] ] } },
{ "type": "Feature", "properties": { "max_voltage": 400000.0, "len": 1604.7763808408051, "id": 584 }, "geometry": { "type": "LineString", "coordinates": [ [ 567392.493010381003842, 174255.180972195754293 ], [ 566349.280176502768882, 175474.612895566737279 ] ] } },
{ "type": "Feature", "properties": { "max_voltage": 400000.0, "len": 12965.688799147862, "id": 586 }, "geometry": { "type": "LineString", "coordinates": [ [ 620175.588667643954977, 137944.17051359594916 ], [ 618782.592809112393297, 137815.122943364898674 ], [ 618459.538077011005953, 137741.763923917431384 ], [ 618196.328762127435766, 137587.652136871678522 ], [ 617556.400368360453285, 137717.050952913530637 ], [ 617307.840620519942604, 137487.069905319745885 ], [ 617153.257569808047265, 137432.529789623542456 ], [ 617082.168370467377827, 137396.512842451280449 ], [ 616998.230425795307383, 137352.828094037831761 ], [ 616076.482021917472593, 137236.806188766873674 ], [ 615868.158940030843951, 137369.159334678086452 ], [ 615697.810538083547726, 137484.34378027744242 ], [ 615298.23963671119418, 137512.649474113510223 ], [ 614268.525689841015264, 137333.917316392296925 ], [ 613809.472301646019332, 137399.634623336809454 ], [ 613623.450081711169332, 137612.904858617024729 ], [ 613466.900305667892098, 137605.292302862595534 ], [ 613464.866908120689914, 137463.772579903947189 ], [ 613069.315246498445049, 137513.79860232694773 ], [ 613116.476217930554412, 137628.685137163178297 ], [ 612936.891262990655378, 137850.852512712532189 ], [ 611668.351388731738552, 138047.671593114791904 ], [ 610691.259887118125334, 137843.696231423207792 ], [ 609084.769518716959283, 138447.809337336017052 ], [ 608617.363385408651084, 138455.864445789076854 ], [ 608372.928541821427643, 138622.999367848038673 ], [ 608312.82311533309985, 138476.678316276171245 ] ] } },
{ "type": "Feature", "properties": { "max_voltage": 600000.0, "len": 401591.12902351533, "id": 592 }, "geometry": { "type": "LineString", "coordinates": [ [ 218395.245495625684271, 651006.378470342839137 ], [ 218764.65882938427967, 650898.899390479782596 ], [ 218882.632659553113626, 650897.796105704270303 ], [ 218899.023882094450528, 650439.063966662040912 ], [ 219309.609606749290833, 650097.632581503479742 ], [ 219291.719322583288886, 649321.13246172957588 ], [ 218944.098317364812829, 648609.87564011302311 ], [ 218462.768346670171013, 648347.832853555562906 ], [ 209857.266890750790481, 621306.919993759365752 ], [ 181403.633293892111396, 585549.513686408055946 ], [ 194620.454892182227923, 515138.972965729888529 ], [ 191867.311324011243414, 437722.061306062852964 ], [ 296191.111308425548486, 404273.136906323139556 ], [ 297138.254985114152078, 404729.836994025623426 ], [ 297863.961793988593854, 404906.328558910347056 ], [ 298776.233320960425772, 404946.102484805509448 ], [ 300401.820652784314007, 405343.309914363839198 ], [ 301318.905037895543501, 405340.577398995694239 ], [ 304195.634278498589993, 404565.473770796612371 ], [ 305611.047965417266823, 404063.597789504565299 ], [ 306730.838453897449654, 403759.295581960817799 ], [ 307136.911778590176255, 403354.853604021831416 ], [ 307703.845145893632434, 401562.192661944020074 ], [ 308037.058760011103004, 401138.340571531094611 ], [ 312877.625584865745623, 396296.360907851660158 ], [ 313395.697905245702714, 396085.756167211977299 ], [ 321963.13758995156968, 396100.813234877074137 ], [ 322372.359777156380005, 395942.573131267912686 ], [ 324304.665636020887177, 394248.608028546790592 ], [ 324744.625635715201497, 393546.942762478662189 ], [ 324850.970456793729682, 391444.696476676617749 ], [ 324929.447585232555866, 391135.410361665301025 ], [ 324480.041474350320641, 390899.543302445672452 ], [ 323691.688754146976862, 390002.29524755757302 ], [ 324052.547006846754812, 388952.962125880294479 ], [ 324733.545642621873412, 388029.315259837312624 ], [ 324606.727625403669663, 387337.714910002425313 ], [ 324872.525220820098184, 386585.658134939847514 ], [ 325058.301109545398504, 386447.387850530678406 ], [ 326280.158549654996023, 386186.041079363203607 ], [ 326794.663428655592725, 385190.929410030134022 ], [ 327753.868118458078243, 385415.927684351278003 ], [ 328470.882790064206347, 384819.774549277906772 ], [ 329140.312805948546156, 384767.613764993904624 ], [ 328919.66280378040392, 384118.031124718778301 ], [ 328899.86158260301454, 383625.107998783118092 ], [ 328635.718840515357442, 382628.745780377939809 ], [ 329143.363853665417992, 381035.438490569067653 ], [ 329193.978228555410169, 380606.259870634821709 ], [ 329618.457601211790461, 380156.753520163358189 ], [ 330252.674117338727228, 380107.256173234374728 ], [ 330785.920066932856571, 379363.691346361709293 ], [ 331350.616313987062313, 378781.654905636212789 ], [ 331317.542091281502508, 378174.872376740851905 ], [ 330854.503148451331072, 377677.735702535894234 ], [ 330757.686439888435416, 377319.768220685480628 ], [ 331929.156992514675949, 376654.052919185603969 ], [ 332147.736028306244407, 376698.130074505694211 ], [ 333667.778466178104281, 375460.808628237224184 ], [ 333126.703057625156362, 374350.93634812021628 ], [ 332085.009268102236092, 373767.453350420866627 ], [ 331879.417183794837911, 373206.719833624258172 ], [ 331952.321292775915936, 372554.551769975281786 ], [ 331008.092741566360928, 372013.920085816294886 ], [ 331331.21588870906271, 371094.577411798120011 ], [ 331143.581631016102619, 371038.735695403127465 ] ] } }
]
}
