{
"type": "FeatureCollection",
"name": "power",
"crs": { "type": "name", "properties": { "name": "urn:ogc:def:crs:EPSG::27700" } },
"features": [
{ "type": "Feature", "properties": { "location": null, "name": "National Grid Chessington-West Weybridge", "phases": null, "osm_id": "2800252", "source": null, "brand": null, "cables": "6", "circuits": "2", "voltage": "275000", "max_voltage": 275000.0, "ref": "ZM", "owner": null, "operator": null, "len": 14930.801853103294 }, "geometry": { "type": "LineString", "coordinates": [ [ 505765.261978868511505, 162569.489863801165484 ], [ 505605.227773365098983, 162171.635593874729238 ], [ 505737.33140392228961, 160962.757686982833548 ], [ 505750.896746313548647, 160680.356652075133752 ], [ 506750.337595396384131, 159883.035038755100686 ], [ 507700.0431581097655, 160448.845404151448747 ], [ 508325.571295346249826, 160187.875649201450869 ], [ 508554.059433225134853, 160048.331862748513231 ], [ 508874.902448478213046, 160086.622193766932469 ], [ 509974.891565229510888, 160942.926411313761491 ], [ 511485.35430134186754, 162637.712097849696875 ], [ 512955.779699206235819, 162462.70162916945992 ], [ 514346.905928582767956, 162832.664578641415574 ], [ 514918.676697076065466, 162366.333636098483112 ], [ 516903.420708695077337, 161948.580236210807925 ] ] } },
{ "type": "Feature", "properties": { "location": null, "name": "National Grid East Claydon-Enderby", "phases": null, "osm_id": "3993385", "source": "Bing;survey", "brand": null, "cables": "6", "circuits": "2", "voltage": "400000", "max_voltage": 400000.0, "ref": "ZL", "owner": null, "operator": "National Grid", "len": 80832.875793338899 }, "geometry": { "type": "LineString", "coordinates": [ [ 449571.068687061255332, 296790.663350093236659 ], [ 449341.027637299674097, 296652.922952702851035 ], [ 451199.105877842812333, 293892.94646830012789 ], [ 452388.569733711075969, 291538.917944803950377 ], [ 454894.385597236512695, 289143.063268907892052 ], [ 454740.695008091861382, 286803.606865395209752 ], [ 456289.288597367703915, 283864.749945823510643 ], [ 457894.781333866587374, 282276.983868735202122 ], [ 457741.003743715758901, 278715.676006218942348 ], [ 459348.684573085862212, 277675.414966443378944 ], [ 460749.684483236982487, 276327.667145251238253 ], [ 461740.483364469546359, 274088.573729858384468 ], [ 461944.46419406827772, 270707.217211765237153 ], [ 464289.606616358505562, 267983.271149982872885 ], [ 464546.393192028219346, 266372.24495720595587 ], [ 465235.119036345684435, 261531.555787739343941 ], [ 465575.023416801064741, 258053.782574815850239 ], [ 468323.299285235698335, 254138.929021776770242 ], [ 469046.124688961426727, 251590.063938515027985 ], [ 472477.645287661871407, 249619.729432499967515 ], [ 472781.11014856986003, 245752.845673330302816 ], [ 472015.588802232698072, 243608.629674634314142 ], [ 472389.396997115574777, 238468.086785121762659 ], [ 472020.596091786050238, 233359.45165591762634 ], [ 472700.179360639769584, 230295.562290463130921 ], [ 473584.442112978431396, 227078.731771742925048 ], [ 475243.435070851468481, 226067.88116370717762 ], [ 475298.735259807552211, 225982.863951958075631 ] ] } },
{ "type": "Feature", "properties": { "location": null, "name": "Pelham-Burwell Main", "phases": null, "osm_id": "3997391", "source": null, "brand": null, "cables": "6", "circuits": "2", "voltage": "400000", "max_voltage": 400000.0, "ref": "4ZM", "owner": null, "operator": "National Grid", "len": 42288.879681980026 }, "geometry": { "type": "LineString", "coordinates": [ [ 558044.321638324530795, 266902.325239294033963 ], [ 558087.129862560657784, 265463.652101431391202 ], [ 557578.193488430930302, 262310.666915927897207 ], [ 555506.384024832164869, 255915.92774904856924 ], [ 556711.113151183933951, 253475.919606540119275 ], [ 556120.389100717380643, 250068.182309526193421 ], [ 555172.526061431039125, 247547.960288226837292 ], [ 554447.439621681813151, 244429.951122991857119 ], [ 553593.993943023728207, 241548.230852439184673 ], [ 550838.975943329744041, 239731.714770100603346 ], [ 550728.325866443687119, 237043.244561234954745 ], [ 548146.843824980664067, 230581.915660700469743 ], [ 546120.787718977546319, 228498.479437724105082 ] ] } },
{ "type": "Feature", "properties": { "location": null, "name": "National Grid Sundon-Grendon", "phases": null, "osm_id": "4672209", "source": null, "brand": null, "cables": "6", "circuits": "2", "voltage": "400000", "max_voltage": 400000.0, "ref": "ZA", "owner": null, "operator": "National Grid", "len": 39705.516866649683 }, "geometry": { "type": "LineString", "coordinates": [ [ 487003.210830703494139, 261327.693542278255336 ], [ 487657.469917458132841, 258917.966299146588426 ], [ 489986.257214107434265, 255789.887178063218016 ], [ 490727.421938583487645, 254532.19812192308018 ], [ 491777.431276108603925, 251399.920774754136801 ], [ 495744.914246755768545, 247566.251752581039909 ], [ 499052.331193712365348, 244988.590253781818319 ], [ 499149.688505326164886, 244714.772812962764874 ], [ 499511.024800668586977, 243523.706098916358314 ], [ 499224.966345878783613, 242625.470224451390095 ], [ 500682.508307120355312, 240442.503052849380765 ], [ 500953.818238234147429, 240300.1298285741359 ], [ 501574.395442498207558, 239974.287937126355246 ], [ 501950.325946609955281, 238559.343910257157404 ], [ 501799.451610816409811, 236173.492227379174437 ], [ 501498.423407452821266, 233696.731880937935784 ], [ 502397.995945559989195, 231800.628746589703951 ], [ 503186.903269800066482, 229508.815389450115617 ], [ 503065.811091840441804, 227659.94121815887047 ] ] } },
{ "type": "Feature", "properties": { "location": null, "name": "East Claydon - Mop End", "phases": null, "osm_id": "4702850", "source": null, "brand": null, "cables": "6", "circuits": "2", "voltage": "400000", "max_voltage": 400000.0, "ref": "ZL", "owner": null, "operator": "National Grid", "len": 35324.888787414631 }, "geometry": { "type": "LineString", "coordinates": [ [ 493017.153724156552926, 197229.781584513315465 ], [ 492244.072981489822268, 197648.372128730406985 ], [ 491257.161553766694851, 199022.639839912357274 ], [ 490641.011638660856988, 201849.725517189013772 ], [ 489811.675761513586622, 202287.168654524837621 ], [ 486564.252178459661081, 207654.776104255055543 ], [ 485911.216935003118124, 208152.551183369767386 ], [ 483614.097799685725477, 208845.953085301851388 ], [ 481956.584175203752238, 210001.875581119267736 ], [ 479792.448002239922062, 214557.833331757574342 ], [ 477288.418973649153486, 217459.466340193815995 ], [ 476177.332612493250053, 222544.704128802404739 ], [ 475434.747270196850877, 225342.135515587055124 ], [ 475275.281825488316827, 225743.412792876537424 ] ] } },
{ "type": "Feature", "properties": { "location": null, "name": "National Grid Canterbury North-Kemsley", "phases": null, "osm_id": "4784075", "source": "Bing", "brand": null, "cables": "6", "circuits": "2", "voltage": "400000", "max_voltage": 400000.0, "ref": "ZV", "owner": null, "operator": "National Grid", "len": 14716.206199545595 }, "geometry": { "type": "LineString", "coordinates": [ [ 591069.05029535968788, 166910.803824990347493 ], [ 591581.365977498004213, 165802.708911029389128 ], [ 592553.861190867726691, 165375.764794509275816 ], [ 593765.032468751072884, 165352.506618534156587 ], [ 596131.750794446095824, 164403.113934250781313 ], [ 601185.512029546662234, 163821.093455748865381 ], [ 604766.028067286475562, 163994.744114020257257 ] ] } },
{ "type": "Feature", "properties": { "location": null, "name": "National Grid Kelmsley - Littlebrook - Rowdown", "phases": null, "osm_id": "5044319", "source": "Bing", "brand": null, "cables": "6", "circuits": "2", "voltage": "400000", "max_voltage": 400000.0, "ref": "ZZT", "owner": null, "operator": "National Grid", "len": 22563.527843660249 }, "geometry": { "type": "LineString", "coordinates": [ [ 560873.077971022692509, 171920.660532863403205 ], [ 560158.49292553612031, 170406.780176785134245 ], [ 557834.354731337632984, 168877.132790650473908 ], [ 555282.011825496680103, 169143.332239049312193 ], [ 553853.236746740760282, 168932.169315006642137 ], [ 552510.973910319968127, 166577.723957355134189 ], [ 550513.971014110837132, 165208.936694043572061 ], [ 547272.222591711906716, 162790.420784483023454 ], [ 546580.96124534541741, 162384.51345854025567 ], [ 545027.346852784859948, 162311.592436093604192 ], [ 544049.119841984473169, 162004.65295720269205 ], [ 543692.730620344635099, 162743.288007708906662 ], [ 542979.174619051511399, 162827.843072131101508 ] ] } },
{ "type": "Feature", "properties": { "location": null, "name": "National Grid Beddington-Wimbledon", "phases": null, "osm_id": "13866532", "source": null, "brand": null, "cables": "6", "circuits": "2", "voltage": "275000", "max_voltage": 275000.0, "ref": "YYU", "owner": null, "operator": "National Grid", "len": 8316.8864105614175 }, "geometry": { "type": "LineString", "coordinates": [ [ 530424.694447366753593, 165653.329603166785091 ], [ 530179.459467939566821, 166199.100735695275944 ], [ 528075.465302847558632, 167208.029870210040826 ], [ 526285.896228919737041, 169018.556712228164542 ], [ 526667.160458397818729, 170595.618204586440697 ], [ 525980.183224224601872, 171600.143173996650148 ] ] } },
{ "type": "Feature", "properties": { "location": null, "name": "National Grid Capenhurst-Frodsham", "phases": null, "osm_id": "14366212", "source": null, "brand": null, "cables": "6", "circuits": "2", "voltage": "400000", "max_voltage": 400000.0, "ref": "4ZE", "owner": null, "operator": "National Grid Electricity Transmission", "len": 18269.586767448094 }, "geometry": { "type": "LineString", "coordinates": [ [ 336791.65396173944464, 374989.649381124472711 ], [ 337013.657949866726995, 374674.86283533583628 ], [ 337523.23118227510713, 374424.431680731941015 ], [ 337930.404628728283569, 373901.556817778793629 ], [ 338166.846701255417429, 373588.26329564047046 ], [ 338397.742801345419139, 373285.891163725231308 ], [ 338605.042450644366909, 373016.947324317821767 ], [ 338862.346907960891258, 372676.506799118942581 ], [ 340761.800482806866057, 373273.025969294307288 ], [ 344407.065795571426861, 374148.831173569720704 ], [ 347309.272938984737266, 375310.084867007448338 ], [ 349406.850136812194251, 376611.462185043550562 ], [ 352158.12671802053228, 379204.01614294142928 ] ] } },
{ "type": "Feature", "properties": { "location": null, "name": null, "phases": null, "osm_id": "15951445", "source": "Yahoo imagery", "brand": null, "cables": "6", "circuits": "2", "voltage": "400000", "max_voltage": 400000.0, "ref": "YD", "owner": null, "operator": null, "len": 1972.8527341337799 }, "geometry": { "type": "LineString", "coordinates": [ [ 439434.124091415549628, 111146.952529840898933 ], [ 437570.623699871764984, 111794.651689401332987 ] ] } },
{ "type": "Feature", "properties": { "location": null, "name": "National Grid Kelmsley - Littlebrook - Rowdown", "phases": null, "osm_id": "15978163", "source": "Bing", "brand": null, "cables": "6", "circuits": "2", "voltage": "400000", "max_voltage": 400000.0, "ref": "TP", "owner": null, "operator": "National Grid", "len": 32191.873429619474 }, "geometry": { "type": "LineString", "coordinates": [ [ 565109.668963579693809, 169441.217204492422752 ], [ 567214.384991818922572, 167595.122141074272804 ], [ 567578.262696352903731, 166737.372536252951249 ], [ 569226.273998495656997, 165072.712636252166703 ], [ 570421.763921259436756, 164731.262147944653407 ], [ 571487.081731552490965, 162922.713103344547562 ], [ 571605.640864869114012, 162662.827991151774768 ], [ 571694.942827915190719, 162463.019406768551562 ], [ 571992.037044868338853, 161873.143186263361713 ], [ 573331.641908146906644, 160923.498290127899963 ], [ 575127.364816837362014, 160178.247106314229313 ], [ 575924.202804158674553, 160151.541629808256403 ], [ 578195.187384543009102, 160918.281672472279752 ], [ 580660.982104004011489, 162140.394193355547031 ], [ 583109.991989586967975, 164277.856965820828918 ], [ 583922.312669048202224, 165572.035962091991678 ], [ 584816.103995066951029, 166103.345566988631617 ], [ 589216.170182093395852, 166382.132327395724133 ], [ 590470.330817781854421, 167078.732422406552359 ], [ 590869.265262577799149, 166959.512528674677014 ] ] } },
{ "type": "Feature", "properties": { "location": null, "name": "National Grid Kingsnorth - Northfleet East", "phases": null, "osm_id": "16581860", "source": "Bing", "brand": null, "cables": "6", "circuits": "2", "voltage": "400000", "max_voltage": 400000.0, "ref": "YN", "owner": null, "operator": "National Grid", "len": 4512.6714839810866 }, "geometry": { "type": "LineString", "coordinates": [ [ 565289.712924637831748, 169602.014947752584703 ], [ 563793.03635876509361, 170716.272740577231161 ], [ 562599.725986079894938, 171247.21416767622577 ], [ 562174.562734992126934, 172518.679801179096103 ] ] } },
{ "type": "Feature", "properties": { "location": null, "name": "National Grid Elstree-Waltham Cross", "phases": null, "osm_id": "18089891", "source": null, "brand": null, "cables": "6", "circuits": "2", "voltage": "275000", "max_voltage": 275000.0, "ref": "ZB", "owner": null, "operator": null, "len": 25880.170518321898 }, "geometry": { "type": "LineString", "coordinates": [ [ 514858.247407100687269, 197150.592445149319246 ], [ 515005.586560167605057, 197008.427314944157843 ], [ 515707.673184017534368, 197058.748342176084407 ], [ 519301.005541393067688, 199016.881123915838543 ], [ 520131.504768935206812, 200067.451661994156893 ], [ 521972.024293205176946, 199821.426704286888707 ], [ 523969.325483795371838, 200213.985911913157906 ], [ 525503.795468668104149, 200074.83004356501624 ], [ 526966.676705296849832, 199628.302351793157868 ], [ 528708.061047502560541, 200504.634584088285919 ], [ 530955.256478376802988, 202213.617113771906588 ], [ 531518.074812397127971, 203685.376702408306301 ], [ 533132.985855735139921, 204779.955012978694867 ], [ 534558.332185111939907, 204744.245987036672886 ], [ 535427.219459788640961, 204071.098228801740333 ], [ 537140.096333439345472, 203697.064816941041499 ] ] } },
{ "type": "Feature", "properties": { "location": null, "name": "National Grid Stocking Pelham-Wymondley", "phases": null, "osm_id": "19828135", "source": "Bing", "brand": null, "cables": "6", "circuits": "2", "voltage": "400000", "max_voltage": 400000.0, "ref": "4TB", "owner": null, "operator": "National Grid", "len": 26555.037304848815 }, "geometry": { "type": "LineString", "coordinates": [ [ 520521.013413761276752, 226934.070293053751811 ], [ 524064.437478601292241, 226884.499860067095142 ], [ 524334.190185293438844, 227008.946834464557469 ], [ 524674.891248863656074, 227139.82645156304352 ], [ 525054.185644881799817, 227281.074707350402605 ], [ 526034.649735107901506, 227651.533524486876559 ], [ 526726.257123863673769, 227909.562775595404673 ], [ 527104.234210837748833, 228055.12206006445922 ], [ 527816.567178415250964, 228318.785059951478615 ], [ 529126.815232970868237, 229601.365637383947615 ], [ 533946.319044451229274, 231061.416884229227435 ], [ 534340.167888165800832, 231173.389490045374259 ], [ 534713.363124285126105, 231283.056760208448395 ], [ 541149.377246905816719, 230890.213389141194057 ], [ 544715.347090394818224, 228921.028596100397408 ], [ 545358.721570582245477, 228438.378316880494822 ] ] } },
{ "type": "Feature", "properties": { "location": null, "name": "National Grid Bolney-Ninfield", "phases": null, "osm_id": "20909519", "source": "Bing", "brand": null, "cables": "6", "circuits": "2", "voltage": "400000", "max_voltage": 400000.0, "ref": "4VM", "owner": null, "operator": "National Grid", "len": 51337.963797738958 }, "geometry": { "type": "LineString", "coordinates": [ [ 572150.893643101910129, 112004.66243713136646 ], [ 570865.334321722621098, 111456.265956506278599 ], [ 569707.358048064401373, 111557.547305855609011 ], [ 565713.98352835397236, 112652.878905236662831 ], [ 564904.770453593111597, 113159.887407796981279 ], [ 563308.366967610432766, 113404.256430969195208 ], [ 561579.124212621594779, 114103.350612785230624 ], [ 560363.764721501851454, 115222.520261685858713 ], [ 556637.744576108641922, 116109.559906228707405 ], [ 553694.992099603521638, 117536.337210206489544 ], [ 550684.465803595026955, 118082.480353925668169 ], [ 548336.320039253914729, 118081.167932122625643 ], [ 544847.047862455132417, 119650.865920395444846 ], [ 542252.27936989418231, 122053.577350278879749 ], [ 540321.70792337867897, 122743.02126168817631 ], [ 537088.927756183082238, 121839.94682667919551 ], [ 536474.878930365899578, 121357.65136191615602 ], [ 533832.83765540109016, 121319.319244347250788 ], [ 532348.451412013731897, 121534.971821030747378 ], [ 530473.299054814036936, 121500.74256920197513 ], [ 528811.797551338095218, 121871.78190431339317 ], [ 526704.994274611119181, 121157.563726024673088 ], [ 524158.633478343486786, 121107.474575122469105 ] ] } },
{ "type": "Feature", "properties": { "location": null, "name": "National Grid Chilling-Botley Wood", "phases": null, "osm_id": "22769940", "source": null, "brand": null, "cables": "6", "circuits": "2", "voltage": "400000", "max_voltage": 400000.0, "ref": "4YE", "owner": null, "operator": "National Grid", "len": 7470.8910728161736 }, "geometry": { "type": "LineString", "coordinates": [ [ 450436.627876890124753, 104282.401665595010854 ], [ 450864.273281681234948, 105057.070231163117569 ], [ 452727.134157904831227, 105607.855565873614978 ], [ 452899.891467106237542, 105958.294130733207567 ], [ 452639.874530055152718, 108129.146351200848585 ], [ 454050.625644779298455, 109638.998765715397894 ] ] } },
{ "type": "Feature", "properties": { "location": null, "name": null, "phases": null, "osm_id": "22892075", "source": null, "brand": null, "cables": "6", "circuits": "2", "voltage": "400000;275000", "max_voltage": 400000.0, "ref": "ZZC", "owner": null, "operator": "National Grid", "len": 13132.876486466426 }, "geometry": { "type": "LineString", "coordinates": [ [ 397174.360992901318241, 399335.986597333918326 ], [ 398013.580411331669893, 398405.198264869046398 ], [ 398631.295944870042149, 397361.768579846422654 ], [ 398595.482460991770495, 394330.43962409440428 ], [ 397148.725640812830534, 392608.745287226396613 ], [ 396029.009926224709488, 390688.861328634549864 ], [ 394689.16598475666251, 389855.307746012113057 ], [ 393109.560506173293106, 389711.480178155528847 ] ] } },
{ "type": "Feature", "properties": { "location": null, "name": "National Grid Cowley-Seven Springs", "phases": null, "osm_id": "22939423", "source": null, "brand": null, "cables": "6", "circuits": "2", "voltage": "400000", "max_voltage": 400000.0, "ref": "4TE", "owner": null, "operator": "National Grid", "len": 6846.1475117814025 }, "geometry": { "type": "LineString", "coordinates": [ [ 455895.800656319828704, 201816.383352678676601 ], [ 453307.957989157526754, 200929.790284533344675 ], [ 452877.095172983943485, 201133.132787017442752 ], [ 452302.407726483535953, 203222.968529200355988 ], [ 451271.932719891949091, 204266.812959203496575 ] ] } },
{ "type": "Feature", "properties": { "location": null, "name": "National Grid Rye House-Waltham Cross", "phases": null, "osm_id": "22968513", "source": null, "brand": null, "cables": "6", "circuits": "2", "voltage": "400000", "max_voltage": 400000.0, "ref": "4ZM", "owner": null, "operator": null, "len": 5302.0505697486678 }, "geometry": { "type": "LineString", "coordinates": [ [ 538943.267566393595189, 208588.229642949765548 ], [ 538985.099628402735107, 208434.534548950963654 ], [ 539003.176703905453905, 208091.024300518096425 ], [ 538669.924882611492649, 207105.684740899770986 ], [ 537662.905089030740783, 205503.287632697029039 ], [ 537310.857740747742355, 204229.880898188450374 ], [ 537513.007196094491519, 203723.886605918116402 ] ] } },
{ "type": "Feature", "properties": { "location": null, "name": "National Grid Waltham Cross-Brimsdown", "phases": null, "osm_id": "22968518", "source": null, "brand": null, "cables": "6", "circuits": "2", "voltage": "275000", "max_voltage": 275000.0, "ref": "ZBD", "owner": null, "operator": null, "len": 5730.3478286242416 }, "geometry": { "type": "LineString", "coordinates": [ [ 537413.357497273012996, 203489.136512079334352 ], [ 537275.013778431108221, 201512.791197524522431 ], [ 537585.406158749014139, 200590.366466190258507 ], [ 537535.551080652046949, 198658.223023690341506 ], [ 536902.788003220921382, 198101.01301930565387 ] ] } },
{ "type": "Feature", "properties": { "location": null, "name": "National Grid Waltham Cross-Brimsdown", "phases": null, "osm_id": "22968522", "source": null, "brand": null, "cables": "6", "circuits": "2", "voltage": "275000", "max_voltage": 275000.0, "ref": "ZBC", "owner": null, "operator": null, "len": 5845.6154497119169 }, "geometry": { "type": "LineString", "coordinates": [ [ 536922.304100632434711, 197944.917622017208487 ], [ 537580.86509066587314, 198651.755524198815692 ], [ 537626.068014452466741, 200615.902012657374144 ], [ 537310.31478229095228, 201524.401382562937215 ], [ 537486.689112280146219, 203469.477710423525423 ] ] } },
{ "type": "Feature", "properties": { "location": null, "name": "Fawley-Nursling", "phases": null, "osm_id": "22978843", "source": "Yahoo imagery", "brand": null, "cables": "6", "circuits": "2", "voltage": "400000", "max_voltage": 400000.0, "ref": "4YD", "owner": null, "operator": "National Grid", "len": 20395.063699498583 }, "geometry": { "type": "LineString", "coordinates": [ [ 447303.716149066458456, 102613.703225602803286 ], [ 445866.800500615150668, 102602.468007229705108 ], [ 444844.58842717501102, 102239.947454066306818 ], [ 444227.049451180966571, 102677.507192917633802 ], [ 442661.277879394532647, 102943.256704340950819 ], [ 442497.165690431953408, 105056.809570590936346 ], [ 440804.444237859686837, 105953.591009772615507 ], [ 439920.925477683427744, 107091.279468017659383 ], [ 438895.382755881000776, 107953.443298321886687 ], [ 437933.412330547173042, 109753.176844131958205 ], [ 437077.189374010718893, 110692.339787403674563 ], [ 437023.669623290770687, 111004.436156268435298 ], [ 437024.200394560699351, 111268.118270384031348 ], [ 437036.118293103005271, 111735.161950363573851 ], [ 436765.540399873047136, 113277.739227575919358 ], [ 436241.757479962601792, 114086.777411859482527 ], [ 436199.407217722269706, 115909.985605478956131 ] ] } },
{ "type": "Feature", "properties": { "location": null, "name": "National Grid Daines-Macclesfield", "phases": null, "osm_id": "22978922", "source": null, "brand": null, "cables": "6", "circuits": "2", "voltage": "400000", "max_voltage": 400000.0, "ref": "ZE", "owner": null, "operator": "National Grid", "len": 12586.438501074941 }, "geometry": { "type": "LineString", "coordinates": [ [ 379629.134469173848629, 381274.238743238558527 ], [ 380582.953343631932512, 381029.91057119553443 ], [ 381974.165641804109327, 378906.783223239239305 ], [ 382945.509049845451955, 377836.120541251613759 ], [ 383660.041897869377863, 375153.90724772028625 ], [ 384980.619722116331104, 373812.017540679837111 ], [ 387575.619744748168159, 373463.339224582596216 ], [ 387821.484353368752636, 373226.937258076563012 ] ] } },
{ "type": "Feature", "properties": { "location": null, "name": null, "phases": null, "osm_id": "22997371", "source": "Bing", "brand": null, "cables": "6", "circuits": "2", "voltage": "400000", "max_voltage": 400000.0, "ref": "4ZO", "owner": null, "operator": "National Grid Electricity Transmission", "len": 15980.596514770177 }, "geometry": { "type": "LineString", "coordinates": [ [ 397413.682746843609493, 399674.657773854385596 ], [ 398177.197591964446474, 399899.30636346526444 ], [ 398586.090900574170519, 399284.420761303394102 ], [ 401068.133660720312037, 399442.206314335402567 ], [ 402039.41847472905647, 397685.698662668641191 ], [ 403160.503712108358741, 397179.425377501174808 ], [ 404761.691046354186255, 398125.229065228544641 ], [ 406684.523476152855437, 398137.788053496333305 ], [ 407449.459432897798251, 398936.750213483173866 ], [ 408556.855035334592685, 399404.73106414283393 ], [ 411146.217294155329, 399871.579939729417674 ] ] } },
{ "type": "Feature", "properties": { "location": null, "name": "National Grid Cowley-Seven Springs", "phases": null, "osm_id": "23004415", "source": "Bing", "brand": null, "cables": "6", "circuits": "2", "voltage": "400000", "max_voltage": 400000.0, "ref": "4TE", "owner": null, "operator": "National Grid", "len": 63105.355685805502 }, "geometry": { "type": "LineString", "coordinates": [ [ 449872.346223988221027, 205782.845530318794772 ], [ 448573.950120973051526, 206520.66432376235025 ], [ 444612.402892088925, 204870.152817273628898 ], [ 443639.899232632073108, 202404.437006112828385 ], [ 439413.787685546034481, 202088.714328157133423 ], [ 436912.637249431980308, 201711.540583223220892 ], [ 432940.346225769666489, 199837.864399470970966 ], [ 428367.775418189703487, 198766.185543408209924 ], [ 425796.019721191900317, 200679.802391202421859 ], [ 422054.000045610766392, 203794.177387273637578 ], [ 420909.991353051678743, 207577.011701152310707 ], [ 419407.043046711129136, 209000.544614678248763 ], [ 417729.84938603208866, 209397.921598845510744 ], [ 415984.603845889214426, 209289.499193116324022 ], [ 415114.007061233802233, 209546.511273124953732 ], [ 411208.183214042859618, 213319.469081467890646 ], [ 410050.228785246727057, 213536.577921614400111 ], [ 408159.832750121015124, 215205.656648691161536 ], [ 404992.671753494651057, 215365.06806124310242 ], [ 403658.090370456455275, 214760.541866849525832 ], [ 401766.193132011860143, 214984.011371841712389 ], [ 400917.396644453518093, 216361.880141029309016 ], [ 399480.171155137184542, 216641.905084737518337 ], [ 398496.584909678145777, 216295.476473105372861 ], [ 398198.667415343341418, 216746.591566981747746 ] ] } },
{ "type": "Feature", "properties": { "location": null, "name": "West Thurrock - Barking", "phases": null, "osm_id": "23081866", "source": "Bing", "brand": null, "cables": "6", "circuits": "2", "voltage": "400000", "max_voltage": 400000.0, "ref": null, "owner": null, "operator": "National Grid", "len": 2171.7128634526321 }, "geometry": { "type": "LineString", "coordinates": [ [ 559070.211788800428621, 177221.563307542353868 ], [ 559036.248273462289944, 179393.010576280765235 ] ] } },
{ "type": "Feature", "properties": { "location": null, "name": "Brimsdown-Tottenham", "phases": null, "osm_id": "23132796", "source": null, "brand": null, "cables": "6", "circuits": "2", "voltage": "275000", "max_voltage": 275000.0, "ref": "ZBD", "owner": null, "operator": null, "len": 6946.4219570129553 }, "geometry": { "type": "LineString", "coordinates": [ [ 536902.788003220921382, 198101.01301930565387 ], [ 536865.838181372615509, 197971.743951341544744 ], [ 537020.134703062707558, 196659.911099250370171 ], [ 536505.231840558117256, 195638.429112828278448 ], [ 535916.429844018537551, 192357.913057775062043 ], [ 535428.711409989278764, 191468.632182308763731 ] ] } },
{ "type": "Feature", "properties": { "location": null, "name": "Brimsdown-Tottenham", "phases": null, "osm_id": "23132798", "source": null, "brand": null, "cables": "6", "circuits": "2", "voltage": "275000", "max_voltage": 275000.0, "ref": "ZBC", "owner": null, "operator": null, "len": 7321.1898847762586 }, "geometry": { "type": "LineString", "coordinates": [ [ 535415.007808602647856, 191410.988232924195472 ], [ 536221.3353012627922, 191741.846541775332298 ], [ 535951.925561975454912, 192364.797424899297766 ], [ 536427.176513985265046, 194367.695959234319162 ], [ 536551.345435325987637, 195647.374759016034659 ], [ 537062.305375347146764, 196660.464214510109741 ], [ 536922.304100632434711, 197944.917622017208487 ] ] } },
{ "type": "Feature", "properties": { "location": null, "name": "Iver - Mop End", "phases": null, "osm_id": "23234622", "source": null, "brand": null, "cables": "6", "circuits": "2", "voltage": "400000", "max_voltage": 400000.0, "ref": "ZL", "owner": null, "operator": "National Grid", "len": 20139.56310182438 }, "geometry": { "type": "LineString", "coordinates": [ [ 504179.168522035004571, 183924.474563193449285 ], [ 503984.499636949971318, 184795.654493171197828 ], [ 503759.542080442479346, 184878.776792511518579 ], [ 503581.728574856359046, 184923.742015126161277 ], [ 502933.443411745189223, 185083.635308717319276 ], [ 502606.470661706873216, 185165.47445809119381 ], [ 502184.559604449663311, 185869.103954281541519 ], [ 500875.67381522548385, 186347.74399591551628 ], [ 498656.191293343727011, 186342.112012295925524 ], [ 497739.082244926830754, 188793.430985785496887 ], [ 498205.318737766938284, 191435.776381064439192 ], [ 497974.406218271004036, 192118.713761732389685 ], [ 495659.220662567473482, 193098.484697290055919 ], [ 494706.704431198420934, 194437.473377045360394 ], [ 493968.757925428915769, 195031.169657303253189 ], [ 492961.730124552035704, 196600.954883361875545 ], [ 493027.908263038552832, 196990.001262648380361 ] ] } },
{ "type": "Feature", "properties": { "location": null, "name": "National Grid Elstree-Watford", "phases": null, "osm_id": "23235289", "source": null, "brand": null, "cables": "6", "circuits": "2", "voltage": "275000", "max_voltage": 275000.0, "ref": "ZC", "owner": null, "operator": null, "len": 5225.7289847177071 }, "geometry": { "type": "LineString", "coordinates": [ [ 510585.874765821907204, 195072.144632301002275 ], [ 511912.020219702506438, 196127.054327406862285 ], [ 511910.048327340802643, 197047.396790192287881 ], [ 512713.677543148689438, 197354.924238629639149 ], [ 514449.26115184900118, 197127.855154621065594 ] ] } },
{ "type": "Feature", "properties": { "location": null, "name": "National Grid Elstree-Mill Hill", "phases": null, "osm_id": "23236290", "source": null, "brand": null, "cables": "6", "circuits": "2", "voltage": "275000", "max_voltage": 275000.0, "ref": "XP", "owner": null, "operator": null, "len": 6256.2210216097428 }, "geometry": { "type": "LineString", "coordinates": [ [ 519886.83906813734211, 194232.009326047380455 ], [ 518267.810722833499312, 194288.760325667215511 ], [ 517333.277187120227609, 194891.731768357101828 ], [ 516518.450531599053647, 195027.585982255463023 ], [ 515149.562106822791975, 195909.442764576990157 ], [ 514850.711122103384696, 196936.444965516857337 ] ] } },
{ "type": "Feature", "properties": { "location": null, "name": "National Grid Beddington-Chessington", "phases": null, "osm_id": "23248491", "source": null, "brand": null, "cables": "6", "circuits": "2", "voltage": "275000", "max_voltage": 275000.0, "ref": "ZZU", "owner": null, "operator": "National Grid", "len": 17441.640846927261 }, "geometry": { "type": "LineString", "coordinates": [ [ 530384.086597067653202, 165605.034841109649278 ], [ 529985.30991580337286, 166242.436373983917292 ], [ 528269.099123756284826, 167011.155558069294784 ], [ 527236.833489145967178, 167195.403354855021462 ], [ 526201.699388535111211, 166235.472829751903191 ], [ 524986.068190143676475, 165771.636485011607874 ], [ 522453.610596049868036, 167025.385164269944653 ], [ 521048.512787501094863, 166537.444776505231857 ], [ 520495.004226304707117, 166049.384284359810408 ], [ 520458.848377919290215, 165254.800411403004546 ], [ 519019.801080924517009, 163660.986635431530885 ], [ 518338.643379855784588, 162133.354403286415618 ], [ 516974.037064254516736, 161919.24215561550227 ] ] } },
{ "type": "Feature", "properties": { "location": null, "name": "National Grid Bramley-West Weybridge", "phases": null, "osm_id": "23298525", "source": "Bing", "brand": null, "cables": "6", "circuits": "2", "voltage": "400000", "max_voltage": 400000.0, "ref": "ZH", "owner": null, "operator": "National Grid", "len": 49165.30481001013 }, "geometry": { "type": "LineString", "coordinates": [ [ 506002.810702303133439, 162772.261474103492219 ], [ 505892.613509824324865, 163043.382141968933865 ], [ 506619.171522467629984, 164961.322335327626206 ], [ 506313.362583721231204, 165730.944657246873248 ], [ 504828.993602542730514, 165438.16549516748637 ], [ 503254.345667664136272, 166184.834566191071644 ], [ 502381.762360737193376, 166857.303143820143305 ], [ 501269.473362608521711, 166735.219837068580091 ], [ 499544.568114033492748, 164826.514133807213511 ], [ 496572.215559449687134, 163298.738186389382463 ], [ 495940.939023633720353, 163124.677968246571254 ], [ 494050.635974531061947, 161713.715463656029897 ], [ 492687.265115487040021, 161221.684190543659497 ], [ 490688.534478255081922, 160781.754355610435596 ], [ 489356.103182437713258, 162521.946944860916119 ], [ 488252.094324865087401, 162485.16698455659207 ], [ 486436.01355339132715, 162812.677493676135782 ], [ 483391.79774332215311, 163078.20240700955037 ], [ 482433.725691533647478, 162184.469872806803323 ], [ 478811.078358837927226, 161333.731440641218796 ], [ 476710.588175646204036, 161351.821835608861875 ], [ 476378.721773778088391, 161317.814307443244616 ], [ 476139.615496000682469, 161291.158805198792834 ], [ 476004.587057460099459, 161277.305065274384106 ], [ 475689.008553980034776, 161243.184053603268694 ], [ 474628.80416973948013, 160890.621160099195549 ], [ 474282.622784679697361, 160776.565690065093804 ], [ 473441.463685518596321, 160095.286649844783824 ], [ 472154.008878630877007, 159576.971308976819273 ], [ 467795.113705159223173, 159269.542995981872082 ], [ 465713.943108142062556, 159948.316869795758976 ], [ 464489.2893411545665, 159986.381209250743268 ] ] } },
{ "type": "Feature", "properties": { "location": null, "name": "National Grid Barking - Northfleet East - West Thurrock", "phases": null, "osm_id": "23300073", "source": null, "brand": null, "cables": "6", "circuits": "2", "voltage": "400000", "max_voltage": 400000.0, "ref": "ZR", "owner": null, "operator": "National Grid", "len": 2823.4855762801999 }, "geometry": { "type": "LineString", "coordinates": [ [ 560862.304225533967838, 175797.740249635302462 ], [ 561407.611272723530419, 174937.779791296285111 ], [ 560944.623252647696063, 173192.955012753023766 ] ] } },
{ "type": "Feature", "properties": { "location": null, "name": "National Grid Lower Shelf-Monk Fryston", "phases": null, "osm_id": "23361109", "source": null, "brand": null, "cables": "6", "circuits": null, "voltage": "400000;275000", "max_voltage": 400000.0, "ref": "4ZZ", "owner": null, "operator": "National Grid Electricity Transmission", "len": 39564.408027175014 }, "geometry": { "type": "LineString", "coordinates": [ [ 448331.633154374256264, 429174.521407940075733 ], [ 445833.965687884076033, 428717.156775278621353 ], [ 444909.310442036367022, 428374.044307568576187 ], [ 444228.031907833705191, 428128.701417893869802 ], [ 443816.310388190089725, 427975.067203739192337 ], [ 443489.862946473294869, 427855.67145888437517 ], [ 443131.233102561673149, 427726.111599964671768 ], [ 442892.184334538469557, 427567.950382940471172 ], [ 442572.401464536320418, 427366.966449709609151 ], [ 441639.664363938558381, 426760.634213992161676 ], [ 441371.85304950090358, 426591.115256773075089 ], [ 439060.175791941292118, 426237.022695009596646 ], [ 438128.877545769442804, 425549.175403334200382 ], [ 437557.485043214517646, 425706.089151494204998 ], [ 435724.17867891403148, 425569.685318691539578 ], [ 434346.838524084945675, 425281.59291404671967 ], [ 434011.871799618646037, 425245.180050302413292 ], [ 433682.80273049796233, 425209.278431131038815 ], [ 433366.805864519963507, 425224.907211878919043 ], [ 432427.729842688364442, 425694.413719884352759 ], [ 430785.339228040829767, 424242.715551973786205 ], [ 427139.774862368009053, 424013.251968907250557 ], [ 426062.785878451715689, 424857.929798681056127 ], [ 424864.545444574730936, 425199.700681040878408 ], [ 424040.179174541321117, 426867.5415989785688 ], [ 423616.585392320819665, 427280.146451416774653 ], [ 422482.428186088975053, 427388.8166657933034 ], [ 421410.245820874581113, 427257.897013514651917 ], [ 420326.666323648823891, 427277.208757335669361 ], [ 420086.787330445833504, 427211.44899979152251 ], [ 419910.917578872118611, 427160.835895857075229 ], [ 418913.193749996135011, 427738.508307872689329 ], [ 417841.311668687558267, 427174.88105814519804 ], [ 416717.440244029567111, 427384.61792181385681 ], [ 414894.666222607600503, 428350.77068111510016 ], [ 414174.809856358682737, 428493.682442183373496 ], [ 413379.631456485250965, 427476.50741567381192 ], [ 412937.862104170257226, 427501.212395373848267 ] ] } },
{ "type": "Feature", "properties": { "location": null, "name": "National Grid Didcot-Cowley", "phases": null, "osm_id": "23603520", "source": null, "brand": null, "cables": "6", "circuits": "2", "voltage": "400000", "max_voltage": 400000.0, "ref": "4VY", "owner": null, "operator": "National Grid", "len": 11354.213521639411 }, "geometry": { "type": "LineString", "coordinates": [ [ 456105.843592470046133, 201859.622009002720006 ], [ 456274.750130214553792, 201871.766830344102345 ], [ 456323.305994341091719, 201557.365919541625772 ], [ 456219.436658240971155, 201233.214640453632455 ], [ 455998.898469009960536, 200528.049846184381749 ], [ 455887.216812322032638, 200146.936426279484294 ], [ 455531.933684176416136, 199013.013435972388834 ], [ 454389.402394065575209, 197543.802397761086468 ], [ 453265.060464452602901, 196584.021045520843472 ], [ 451744.797484481998254, 194450.120363208116032 ], [ 451290.923049588280264, 192253.959324948373251 ] ] } },
{ "type": "Feature", "properties": { "location": null, "name": null, "phases": null, "osm_id": "25385539", "source": null, "brand": null, "cables": "6", "circuits": "2", "voltage": "275000", "max_voltage": 275000.0, "ref": "4ZS", "owner": null, "operator": "National Grid Electricity Transmission", "len": 4102.1444770485268 }, "geometry": { "type": "LineString", "coordinates": [ [ 448275.757200950058177, 428784.563245607423596 ], [ 448380.274050685111433, 427377.718642120948061 ], [ 447988.896673221024685, 425937.960770592209883 ], [ 447528.67003824171843, 425493.154776491690427 ], [ 447439.771330735587981, 424940.893900293856859 ] ] } },
{ "type": "Feature", "properties": { "location": null, "name": null, "phases": null, "osm_id": "25385902", "source": null, "brand": null, "cables": "6", "circuits": "2", "voltage": "400000", "max_voltage": 400000.0, "ref": "4YS", "owner": null, "operator": "National Grid Electricity Transmission", "len": 10349.015748235326 }, "geometry": { "type": "LineString", "coordinates": [ [ 448497.734977013547905, 429120.644625361775979 ], [ 454312.140672985406127, 427376.959943876951002 ], [ 456683.269399516982958, 425770.239199082716368 ], [ 457468.537028505699709, 424593.670256178709678 ] ] } },
{ "type": "Feature", "properties": { "location": null, "name": "Drax to Eggborough Line", "phases": null, "osm_id": "25391816", "source": null, "brand": null, "cables": "6", "circuits": "2", "voltage": "400000", "max_voltage": 400000.0, "ref": "4VJ", "owner": null, "operator": "National Grid Electricity Transmission", "len": 10999.360934194072 }, "geometry": { "type": "LineString", "coordinates": [ [ 457499.120740853890311, 424649.012313673621975 ], [ 459012.140047525230329, 425174.198410649900325 ], [ 461293.551742707088124, 426555.852549685398117 ], [ 462725.857741604850162, 427181.541671657352708 ], [ 464209.649658666749019, 427525.953745169914328 ], [ 465703.964564637106378, 427516.908113535726443 ], [ 466232.279849709593691, 428265.93128341936972 ], [ 466794.502086196269374, 427586.456189545686357 ], [ 466715.562750598764978, 427243.927116802660748 ] ] } },
{ "type": "Feature", "properties": { "location": null, "name": "Drax to Thornton Line", "phases": null, "osm_id": "25391817", "source": null, "brand": null, "cables": "6", "circuits": "2", "voltage": "400000", "max_voltage": 400000.0, "ref": "4VC", "owner": null, "operator": "National Grid", "len": 22570.024916052014 }, "geometry": { "type": "LineString", "coordinates": [ [ 466689.323681777983438, 427102.823377862805501 ], [ 467314.757419070287142, 427716.403206733637489 ], [ 469420.758161159930751, 427976.343103190301917 ], [ 471542.873864298162516, 430071.137182006961666 ], [ 473247.755375652108341, 433075.665458733681589 ], [ 473907.576621946936939, 435604.591646295390092 ], [ 474693.020144153444562, 437486.899671223014593 ], [ 476151.884917944204062, 442944.447548433206975 ], [ 477404.054197729215957, 445485.833701319643296 ] ] } },
{ "type": "Feature", "properties": { "location": null, "name": null, "phases": null, "osm_id": "25391818", "source": null, "brand": null, "cables": "6", "circuits": "2", "voltage": "400000", "max_voltage": 400000.0, "ref": "4ZR", "owner": null, "operator": "National Grid", "len": 29659.325839439756 }, "geometry": { "type": "LineString", "coordinates": [ [ 477535.825628920574673, 445455.938052301178686 ], [ 477490.169945536646992, 445199.356665590545163 ], [ 481644.04621642397251, 443675.092267019092105 ], [ 486380.73534836206818, 441501.899675630615093 ], [ 487069.508920619322453, 440643.68126733484678 ], [ 488950.853240725584328, 440037.097928850562312 ], [ 493219.2546147677931, 439194.90102533926256 ], [ 498249.334129961032886, 437987.320961641380563 ], [ 500289.299626166699454, 437881.377058538957499 ], [ 502856.839088621200062, 436697.49424110527616 ], [ 504341.710439164773561, 434951.941726248827763 ] ] } },
{ "type": "Feature", "properties": { "location": null, "name": "National Grid Bramford-Stocking Pelham", "phases": null, "osm_id": "25422088", "source": null, "brand": null, "cables": "6", "circuits": "2", "voltage": "400000", "max_voltage": 400000.0, "ref": "4YL", "owner": null, "operator": "UK Power Networks", "len": 43247.684523256394 }, "geometry": { "type": "LineString", "coordinates": [ [ 546038.091696506831795, 228310.35935322009027 ], [ 547762.05266392766498, 227995.129199549555779 ], [ 551073.063314249389805, 229335.729426300909836 ], [ 555694.981975101982243, 230377.197631881164853 ], [ 557478.609367550467141, 231899.461747967696283 ], [ 561662.930818009306677, 233304.332550583290868 ], [ 562904.576829273952171, 234585.143924959586002 ], [ 564711.844605204416439, 235239.942467212153133 ], [ 567344.323299813782796, 235611.409153031650931 ], [ 570868.882136374362744, 236776.686541970586404 ], [ 576380.125153134693392, 236528.396659566904418 ], [ 577520.973687748424709, 236600.79596138431225 ], [ 577883.029076259583235, 236631.099719459132757 ], [ 578284.224717544508167, 236659.554475357173942 ], [ 578654.0528941830853, 236688.78932746098144 ], [ 579023.607389319688082, 236719.856828670017421 ], [ 579423.47258355061058, 236747.710265862289816 ], [ 581389.621137879556045, 236901.052691521879751 ], [ 584604.005886886967346, 237083.3439358654432 ], [ 587193.628649696009234, 237057.379592846380547 ] ] } },
{ "type": "Feature", "properties": { "location": null, "name": null, "phases": null, "osm_id": "25492634", "source": null, "brand": null, "cables": "6", "circuits": "2", "voltage": "275000", "max_voltage": 275000.0, "ref": "VR", "owner": null, "operator": "National Grid Electricity Transmission", "len": 12871.579337289064 }, "geometry": { "type": "LineString", "coordinates": [ [ 426482.997623960021883, 434572.785065428819507 ], [ 425905.249728603288531, 435701.439591174013913 ], [ 425106.041346660873387, 436335.568477125139907 ], [ 423828.071922283386812, 436438.891287770005874 ], [ 422101.941672768152785, 437064.03381767612882 ], [ 421053.349681140680332, 437910.228790762717836 ], [ 418999.516769124311395, 438052.054402326932177 ], [ 417690.141824514837936, 439662.435580732533708 ], [ 417468.120667625335045, 439470.445258295512758 ], [ 417049.003397709282581, 439094.030549079296179 ], [ 416854.594390528160147, 438911.427106401184574 ], [ 416579.984607235644944, 438669.078866551513784 ], [ 416237.622334494546521, 438313.058888932690024 ] ] } },
{ "type": "Feature", "properties": { "location": null, "name": null, "phases": null, "osm_id": "25510978", "source": null, "brand": null, "cables": "6", "circuits": "2", "voltage": "400000", "max_voltage": 400000.0, "ref": "2KN", "owner": null, "operator": "National Grid", "len": 28587.249802521063 }, "geometry": { "type": "LineString", "coordinates": [ [ 484353.304267272993457, 417108.549662975710817 ], [ 484588.641528367414139, 417175.91431771958014 ], [ 485667.845465011778288, 418861.07161816424923 ], [ 486167.545255238539539, 419933.201107462402433 ], [ 487787.271547102951445, 420040.515001548861619 ], [ 490287.899341751588508, 420447.734061405353714 ], [ 493850.508307344745845, 420325.76410631579347 ], [ 500843.604742168798111, 419212.300318377150688 ], [ 502232.769030428607948, 419228.826066039153375 ], [ 509051.616027396987192, 416938.443621019949205 ], [ 510703.453986143227667, 416293.520580859971233 ] ] } },
{ "type": "Feature", "properties": { "location": null, "name": null, "phases": null, "osm_id": "25510979", "source": null, "brand": null, "cables": "6", "circuits": "2", "voltage": "400000", "max_voltage": 400000.0, "ref": "2AD", "owner": null, "operator": "National Grid", "len": 4601.1911829196306 }, "geometry": { "type": "LineString", "coordinates": [ [ 515203.726930947741494, 419141.613886231032666 ], [ 514461.08740337472409, 417915.203761940763798 ], [ 513077.920841664017644, 417625.928354690491688 ], [ 512897.062982495466713, 415880.911492973624263 ] ] } },
{ "type": "Feature", "properties": { "location": null, "name": null, "phases": null, "osm_id": "25510980", "source": null, "brand": null, "cables": "6", "circuits": "2", "voltage": "400000", "max_voltage": 400000.0, "ref": "4KG", "owner": null, "operator": "National Grid", "len": 6706.7948757753511 }, "geometry": { "type": "LineString", "coordinates": [ [ 522539.231716372945812, 409139.894073795294389 ], [ 519546.238015207112767, 409178.674067779502366 ], [ 517806.088024955242872, 411414.490578507247847 ], [ 517061.757235713885166, 411884.592069437261671 ] ] } },
{ "type": "Feature", "properties": { "location": null, "name": null, "phases": null, "osm_id": "25510982", "source": null, "brand": null, "cables": "6", "circuits": "2", "voltage": "400000", "max_voltage": 400000.0, "ref": "2AH", "owner": null, "operator": "National Grid", "len": 5886.5879406503709 }, "geometry": { "type": "LineString", "coordinates": [ [ 517061.757235713885166, 411884.592069437261671 ], [ 520527.349439967249054, 412845.33701862412272 ], [ 521307.525639851402957, 412960.533834528760053 ], [ 521599.245837845373899, 413132.627437426708639 ], [ 521972.278276935743634, 413310.806381678557955 ], [ 522721.786703952588141, 413302.512309876736253 ] ] } },
{ "type": "Feature", "properties": { "location": null, "name": "National Grid Padiham-Lower Shelf", "phases": null, "osm_id": "25623607", "source": null, "brand": null, "cables": "6", "circuits": "2", "voltage": "400000", "max_voltage": 400000.0, "ref": "4ZP", "owner": null, "operator": "National Grid Electricity Transmission", "len": 25627.149301816276 }, "geometry": { "type": "LineString", "coordinates": [ [ 397743.852732711995486, 418150.569884055526927 ], [ 397007.842778110003565, 419353.359316001995467 ], [ 394831.720948189322371, 419701.725505722628441 ], [ 391994.293054632376879, 421192.42565056058811 ], [ 391072.331275710486807, 423544.12275774218142 ], [ 390564.686945792112965, 423806.497474140836857 ], [ 389968.289938870701008, 424097.66752397705568 ], [ 389424.657393217552453, 424373.662009408813901 ], [ 389177.716068229521625, 424493.422971838386729 ], [ 388939.076108243898489, 424613.154962987289764 ], [ 388725.305884416738991, 424721.267765337252058 ], [ 388531.575959545851219, 424875.669109927956015 ], [ 388347.786584297893569, 425023.433671763632447 ], [ 387993.499454951495863, 425309.003688165685162 ], [ 387457.198327913880348, 425747.313551405561157 ], [ 384622.682349755836185, 426178.085945172118954 ], [ 383047.089673355570994, 428573.068418087088503 ], [ 382219.859669945668429, 430270.264468424255028 ], [ 380756.766988719988149, 431218.933224281878211 ], [ 378943.897974278777838, 433164.668848580680788 ] ] } },
{ "type": "Feature", "properties": { "location": null, "name": null, "phases": null, "osm_id": "25629763", "source": null, "brand": null, "cables": "6", "circuits": "2", "voltage": "400000", "max_voltage": 400000.0, "ref": "4ZR", "owner": null, "operator": "National Grid Electricity Transmission", "len": 16756.595553232171 }, "geometry": { "type": "LineString", "coordinates": [ [ 477413.93555853102589, 445665.06699289707467 ], [ 476813.565356773557141, 445484.92209472914692 ], [ 474892.562793194898404, 446040.870911598554812 ], [ 474341.462475689593703, 446497.055202863644809 ], [ 474222.678692192188464, 448678.441865136497654 ], [ 473958.024051710264757, 449689.000494226114824 ], [ 473025.64211816736497, 450406.118228166713379 ], [ 471441.961246090533677, 450813.429118895553984 ], [ 467478.964877841761336, 450596.095651022158563 ], [ 465294.906184771389235, 450945.79539304820355 ], [ 464372.987392482173163, 451702.91689999261871 ] ] } },
{ "type": "Feature", "properties": { "location": null, "name": null, "phases": null, "osm_id": "27122443", "source": "Bing", "brand": null, "cables": "6", "circuits": "2", "voltage": "275000", "max_voltage": 275000.0, "ref": "4ZF", "owner": null, "operator": null, "len": 7746.8942133152268 }, "geometry": { "type": "LineString", "coordinates": [ [ 354155.328217133414, 386277.56760245654732 ], [ 353839.903600573423319, 387606.408283322467469 ], [ 353013.899433776387013, 388781.634734744788148 ], [ 350808.598048515268601, 389468.399339364201296 ], [ 350287.80694405263057, 390746.801365513529163 ], [ 350965.595644189685117, 391802.427560328040272 ] ] } },
{ "type": "Feature", "properties": { "location": null, "name": null, "phases": null, "osm_id": "27122824", "source": "Bing", "brand": null, "cables": "6", "circuits": "2", "voltage": "275000", "max_voltage": 275000.0, "ref": "4ZG", "owner": null, "operator": "National Grid Electricity Transmission", "len": 10743.084804075223 }, "geometry": { "type": "LineString", "coordinates": [ [ 351000.236626837518997, 391967.971714787418023 ], [ 349870.23796960269101, 391618.063951822405215 ], [ 348617.207079556479584, 392489.679832752211951 ], [ 348598.439442179806065, 393281.333179220440798 ], [ 347226.157615556963719, 394545.087675647751894 ], [ 346467.161103790276684, 396546.238609641382936 ], [ 345510.629889727104455, 397761.210240878921468 ], [ 343914.388047549466137, 397206.755614769121166 ] ] } },
{ "type": "Feature", "properties": { "location": null, "name": null, "phases": null, "osm_id": "27161288", "source": "OS_OpenData_VectorMap_District", "brand": null, "cables": "6", "circuits": "2", "voltage": "275000", "max_voltage": 275000.0, "ref": null, "owner": null, "operator": null, "len": 9305.4738476519651 }, "geometry": { "type": "LineString", "coordinates": [ [ 318319.253534303570632, 668530.593865573755465 ], [ 319225.495652930170763, 668523.759660766692832 ], [ 319650.865754915867001, 667824.340923063689843 ], [ 323000.307255221123341, 668011.540900375228375 ], [ 327127.114433526585344, 667101.649077141424641 ] ] } },
{ "type": "Feature", "properties": { "location": null, "name": null, "phases": null, "osm_id": "27163143", "source": "OS_OpenData_VectorMap_District", "brand": null, "cables": "6", "circuits": "2", "voltage": "400000", "max_voltage": 400000.0, "ref": "XJ", "owner": null, "operator": "SP Energy Networks", "len": 52896.689178998669 }, "geometry": { "type": "LineString", "coordinates": [ [ 327088.851325646974146, 667071.068863013410009 ], [ 325040.530254809069447, 667397.842019032221287 ], [ 323011.379150867112912, 667945.62866373884026 ], [ 321850.407169040176086, 667728.128683787537739 ], [ 319982.857448467402719, 667057.562877376913093 ], [ 317288.578907247108873, 665475.229901930084452 ], [ 316228.380466737726238, 665167.710673223249614 ], [ 315301.358000725391321, 664310.619412179919891 ], [ 314128.404817238915712, 664442.80458803975489 ], [ 311930.755282711063046, 663242.958969628554769 ], [ 308477.916432204656303, 662758.813857459463179 ], [ 306337.781316250679083, 662064.434362408122979 ], [ 304554.192007574019954, 661899.272105846903287 ], [ 303799.991637043654919, 662154.882975881802849 ], [ 301134.75958512944635, 659617.841641684179194 ], [ 298181.309742110606749, 659701.739661728730425 ], [ 294942.13591088046087, 659383.080861434456892 ], [ 292561.418388594291173, 658288.688182218233123 ], [ 291440.204405503522139, 658014.929682799382135 ], [ 289261.903255039534997, 655918.308118784800172 ], [ 286710.40186960430583, 654791.277691441471688 ], [ 284736.287177640013397, 654378.408243844634853 ], [ 283427.101626946532633, 654732.905077393515967 ], [ 282660.59413982660044, 654418.762868049205281 ], [ 281873.019698140618857, 654445.71951186156366 ], [ 281192.796093406155705, 653444.045939306379296 ], [ 279248.840254839742556, 653526.819680826971307 ], [ 279025.781969437957741, 653898.586407130234875 ] ] } },
{ "type": "Feature", "properties": { "location": null, "name": "National Grid Abham-Landulph", "phases": null, "osm_id": "27171286", "source": null, "brand": null, "cables": "6", "circuits": "2", "voltage": "400000", "max_voltage": 400000.0, "ref": "4YF", "owner": null, "operator": "National Grid", "len": 25109.349884015421 }, "geometry": { "type": "LineString", "coordinates": [ [ 277245.53435876860749, 64836.102744341391372 ], [ 277076.239863235852681, 64063.097982078179484 ], [ 274353.760841018694919, 63061.92849213158479 ], [ 273147.421881384914741, 61992.570264964044327 ], [ 272906.4167899772292, 61049.230219150340417 ], [ 271091.347459077078383, 59602.768559302407084 ], [ 269893.969206043228041, 58258.01950783803477 ], [ 268223.893768232897855, 57077.515764614188811 ], [ 266847.847173369606026, 56567.29731290412019 ], [ 265890.232884040568024, 55888.843681496829959 ], [ 263788.380537898279727, 55499.890713219123427 ], [ 262143.33875429991167, 54742.987866583018331 ], [ 259934.334835126501275, 55157.162471245625056 ], [ 259145.168111729202792, 54721.840432046912611 ], [ 257632.212959070631769, 55019.479830690455856 ], [ 257099.886756981926737, 56297.698994762409711 ] ] } },
{ "type": "Feature", "properties": { "location": "overground", "name": "National Grid Abham - Exeter - Langage", "phases": null, "osm_id": "27265348", "source": null, "brand": null, "cables": "6", "circuits": "2", "voltage": "400000", "max_voltage": 400000.0, "ref": "4YF", "owner": null, "operator": "National Grid", "len": 48524.791945509249 }, "geometry": { "type": "LineString", "coordinates": [ [ 277253.015374378068373, 65044.606821962341201 ], [ 278373.212210287281778, 66108.217073469422758 ], [ 278535.800145279383287, 68112.972830884391442 ], [ 278815.130030559550505, 69129.702902954042656 ], [ 279456.170991435763426, 69846.270163678505924 ], [ 280413.931107614305802, 70360.834301296359627 ], [ 281832.602096448943485, 71738.111274151247926 ], [ 282308.049409938161261, 73337.299358963558916 ], [ 282371.322551000339445, 74658.321436379366787 ], [ 283793.419317097170278, 75785.207949659554288 ], [ 283340.325374788488261, 77362.483685701678041 ], [ 283974.539858591509983, 78578.646836016821908 ], [ 285428.498840525862761, 80350.230366257106652 ], [ 285046.802435542980675, 81411.95546886959346 ], [ 286612.984121772169601, 82519.681616248155478 ], [ 287142.34710597875528, 84847.347752117842901 ], [ 286979.065605365321971, 86281.303200681228191 ], [ 286144.460262622917071, 86993.188297750923084 ], [ 286800.894415232702158, 88261.0471386371064 ], [ 286753.617051423352677, 89733.795236062986078 ], [ 287561.42305652750656, 90122.306325196172111 ], [ 288733.469451739627402, 91442.56056728339172 ], [ 289003.557994259579573, 93328.654077004146529 ], [ 289622.825623254349921, 94434.346447157411603 ], [ 290628.464188364217989, 94754.629599405452609 ], [ 290819.407551560609136, 95497.890766939643072 ], [ 292500.773585649789311, 96404.231330613751197 ], [ 294553.037088262150064, 98124.64152906803065 ], [ 297877.979462044080719, 97607.839431445521768 ], [ 299288.050302439194638, 97780.847237143840175 ], [ 299881.973127568198834, 97274.115361126983771 ], [ 300952.745214297203347, 97487.865791224670829 ] ] } },
{ "type": "Feature", "properties": { "location": null, "name": null, "phases": null, "osm_id": "27654406", "source": "OS_OpenData_VectorMap_District", "brand": null, "cables": "6", "circuits": "2", "voltage": "275000", "max_voltage": 275000.0, "ref": null, "owner": null, "operator": null, "len": 8513.5613538142497 }, "geometry": { "type": "LineString", "coordinates": [ [ 335242.329300872108433, 668912.651631907327101 ], [ 333718.351462523802184, 669350.195902114384808 ], [ 332212.527716281532776, 668627.309195664944127 ], [ 331207.499756755540147, 668553.614628316601738 ], [ 329241.332591609214433, 667352.065166621236131 ], [ 327317.288274859194644, 667062.600104741868563 ] ] } },
{ "type": "Feature", "properties": { "location": null, "name": null, "phases": null, "osm_id": "27931654", "source": null, "brand": null, "cables": "6", "circuits": "2", "voltage": "275000", "max_voltage": 275000.0, "ref": null, "owner": null, "operator": "SP Energy Networks", "len": 1535.0278910727279 }, "geometry": { "type": "LineString", "coordinates": [ [ 318228.347906806506217, 668600.602495046448894 ], [ 318107.673003424075432, 669208.012693954748102 ], [ 318626.784904075495433, 669962.409326228080317 ] ] } },
{ "type": "Feature", "properties": { "location": null, "name": null, "phases": null, "osm_id": "27931710", "source": null, "brand": null, "cables": "6", "circuits": null, "voltage": "132000", "max_voltage": 132000.0, "ref": null, "owner": null, "operator": null, "len": 1503.9912031107847 }, "geometry": { "type": "LineString", "coordinates": [ [ 318318.469916368660051, 668627.063164954772219 ], [ 318303.775093744392507, 669301.888364520506002 ], [ 319019.804429907351732, 669719.683748396113515 ] ] } },
{ "type": "Feature", "properties": { "location": null, "name": "National Grid - Oldbury to Kitwell", "phases": null, "osm_id": "28194762", "source": "visual survey;survey", "brand": null, "cables": "6", "circuits": "2", "voltage": "275000", "max_voltage": 275000.0, "ref": "YJ", "owner": null, "operator": "National Grid Electricity Transmission", "len": 7420.9731981488785 }, "geometry": { "type": "LineString", "coordinates": [ [ 399079.094531751354225, 281583.979075957962777 ], [ 398966.673021749651525, 282830.43038053100463 ], [ 399328.166433771781158, 284169.891349878511392 ], [ 399122.195054664625786, 285830.243153601768427 ], [ 398371.27968184708152, 287445.787735413992777 ], [ 398167.919483339646831, 288757.585987764468882 ] ] } },
{ "type": "Feature", "properties": { "location": null, "name": null, "phases": null, "osm_id": "28321450", "source": "OS_OpenData_VectorMap_District", "brand": null, "cables": "6", "circuits": "2", "voltage": "132000", "max_voltage": 132000.0, "ref": null, "owner": null, "operator": "SP Energy Networks", "len": 8142.8541978304493 }, "geometry": { "type": "LineString", "coordinates": [ [ 250656.436957950965734, 662801.211854018853046 ], [ 250914.645673404680565, 662250.58487022225745 ], [ 250434.413118150376249, 661056.138650520355441 ], [ 248497.324927001813194, 660727.837073257192969 ], [ 247561.93418678099988, 659499.936947968439199 ], [ 245982.082884765026392, 659514.930106539977714 ], [ 245074.510951983917039, 660235.900339073035866 ] ] } },
{ "type": "Feature", "properties": { "location": null, "name": "Littlebrook-Hurst", "phases": null, "osm_id": "28658956", "source": null, "brand": null, "cables": "6", "circuits": "2", "voltage": "275000", "max_voltage": 275000.0, "ref": "VN", "owner": null, "operator": null, "len": 4918.7237973121155 }, "geometry": { "type": "LineString", "coordinates": [ [ 551280.430222610011697, 174348.619904766790569 ], [ 551662.254762551980093, 174881.244295290263835 ], [ 552598.588705733651295, 174867.717387307959143 ], [ 554304.700330084073357, 176325.670488286181353 ], [ 555386.936593997874297, 176292.530259016144555 ] ] } },
{ "type": "Feature", "properties": { "location": null, "name": "Dungeness-Ninfield", "phases": null, "osm_id": "28691439", "source": null, "brand": null, "cables": "6", "circuits": "2", "voltage": "400000", "max_voltage": 400000.0, "ref": "4ZJ", "owner": null, "operator": "National Grid", "len": 38341.012708526949 }, "geometry": { "type": "LineString", "coordinates": [ [ 603184.685783448396251, 119747.018268611805979 ], [ 592442.993594313040376, 125303.686008140386548 ], [ 591777.438355605234392, 125275.719182733620983 ], [ 591548.080973525880836, 125261.96679002410383 ], [ 591540.90948271472007, 125261.534258316358319 ], [ 590898.025745937600732, 125208.490891357010696 ], [ 589499.467589609557763, 124708.065924421593081 ], [ 587256.193687119055539, 123616.276895931223407 ], [ 585469.626162892905995, 121840.599365733272862 ], [ 581804.695229545934126, 121306.880212380434386 ], [ 581625.978193765156902, 120077.319835853093537 ], [ 581486.644547331146896, 119685.637121746782213 ], [ 581203.225474920938723, 118929.160651268379297 ], [ 581075.0256717040902, 118576.376547616411699 ], [ 580924.849368563853204, 118169.074413441034267 ], [ 580802.715848654741421, 117860.214799311477691 ], [ 580570.994603414554149, 117238.847533978783758 ], [ 579202.145734437508509, 116223.125531205907464 ], [ 577457.59299812070094, 114120.230479925841792 ], [ 576547.760161968879402, 113697.260296737367753 ], [ 574708.128714668098837, 113645.200618342962116 ], [ 572206.624995770282112, 112091.157911889487877 ] ] } },
{ "type": "Feature", "properties": { "location": null, "name": null, "phases": null, "osm_id": "28759119", "source": null, "brand": null, "cables": "6", "circuits": "2", "voltage": "400000", "max_voltage": 400000.0, "ref": "ZO", "owner": null, "operator": "National Grid Electricity Transmission", "len": 59574.482234726929 }, "geometry": { "type": "LineString", "coordinates": [ [ 328484.45436767290812, 370789.118631549878046 ], [ 328610.666884227306582, 370677.738163379195612 ], [ 328963.128475756209809, 370438.886385646299459 ], [ 329540.836005268618464, 370329.036260679014958 ], [ 330667.721707141434308, 369773.578179178584833 ], [ 331670.786712822504342, 369914.637757205520757 ], [ 332717.476764132210519, 371429.667544388328679 ], [ 336256.235587574075907, 371687.147397126595024 ], [ 336605.691771707264706, 371568.204428202821873 ], [ 336949.607898478396237, 371732.529406245390419 ], [ 337300.990200362051837, 371900.507804652967025 ], [ 337666.180500620161183, 372073.87186420452781 ], [ 339010.191133472253568, 371716.117601950769313 ], [ 339272.475403842632659, 371641.6026141953771 ], [ 339567.882544119493105, 371561.797449044999667 ], [ 340170.316649097541813, 371394.486220937047619 ], [ 343177.433964431169443, 371056.850370715779718 ], [ 347103.970865030423738, 372275.282355767674744 ], [ 349186.335064488113858, 373253.250316287623718 ], [ 350657.248808659031056, 373339.086011600797065 ], [ 351021.349116389057599, 373642.210710360261146 ], [ 353907.700261714926455, 373908.520873065572232 ], [ 354263.97900903824484, 374123.381632410280872 ], [ 356347.984147554205265, 374280.666094865067862 ], [ 357602.768716235994361, 373931.338697400991805 ], [ 359534.908975539379753, 373849.222167800064199 ], [ 359763.790082526858896, 373835.65395856735995 ], [ 360126.636455160623882, 373820.393123624671716 ], [ 361939.581384661607444, 375770.189850607013796 ], [ 364138.517796287254896, 377775.084768435219303 ], [ 364912.108124869526364, 377955.012132934760302 ], [ 365654.743754719151184, 377668.561845181859098 ], [ 366098.415674632182345, 377926.655250342213549 ], [ 366420.595339390914887, 377954.64879071014002 ], [ 366764.276367908983957, 377988.85500568151474 ], [ 367047.558192434371449, 378019.110357038618531 ], [ 367381.42040951224044, 378050.725694951601326 ], [ 367741.308150465367362, 378088.706937779847067 ], [ 369841.030730256054085, 378871.433179196028505 ], [ 370842.907787658099551, 380628.737131824716926 ], [ 371012.717067312507425, 380933.077724459522869 ], [ 371214.995548170350958, 381286.835312666895334 ], [ 371398.885695053206291, 381613.521791676874273 ], [ 371543.87838253803784, 381855.862037257349584 ], [ 371976.765930808207486, 384198.538323990942445 ], [ 372205.379897474718746, 386554.95954460214125 ], [ 372110.743658862658776, 388303.826104899402708 ], [ 374301.319685630442109, 391026.093835783016402 ], [ 374566.877048351452686, 391487.133426057815086 ], [ 374853.182431067398284, 391735.913059825368691 ] ] } },
{ "type": "Feature", "properties": { "location": null, "name": "National Grid Axminster- Exeter (Circuit 1);Chickerell - Exeter (Circuit 2)", "phases": null, "osm_id": "28891188", "source": null, "brand": null, "cables": "6", "circuits": "2", "voltage": "400000", "max_voltage": 400000.0, "ref": "4YA", "owner": null, "operator": "National Grid", "len": 35937.048015292297 }, "geometry": { "type": "LineString", "coordinates": [ [ 301129.262082526227459, 97466.358735897665611 ], [ 302222.076110580412205, 97553.262567592581036 ], [ 303514.091666658874601, 98401.660116348852171 ], [ 303675.784843636443838, 98513.482934198458679 ], [ 303902.814160773879848, 98688.876146451220848 ], [ 304501.90699650318129, 99162.867718521971256 ], [ 305518.123035716998857, 99949.923321237263735 ], [ 307191.112088014720939, 100872.006239830720006 ], [ 312237.635392235824838, 100869.847398770914879 ], [ 314038.397619952098466, 100672.672212014673278 ], [ 315549.900286977528594, 101267.078079477098072 ], [ 317165.792093779076822, 101322.067594290740089 ], [ 320488.524080449482426, 100459.271641443832777 ], [ 323728.823907924350351, 100862.868254873959813 ], [ 324665.720612716686446, 101173.996033054485451 ], [ 327636.788597813341767, 100435.841614490724169 ], [ 328583.94912627490703, 100812.34650556978886 ], [ 329593.921492483234033, 100781.148199582297821 ], [ 330859.444884898955934, 100148.603503257094417 ], [ 332174.803144699602854, 100577.697040753409965 ], [ 333747.545995114254765, 99190.220065345900366 ], [ 334794.758343488909304, 98922.880984030780382 ] ] } },
{ "type": "Feature", "properties": { "location": null, "name": null, "phases": null, "osm_id": "30073263", "source": null, "brand": null, "cables": "6", "circuits": "2", "voltage": "275000", "max_voltage": 275000.0, "ref": "ZPA", "owner": null, "operator": "National Grid Electricity Transmission", "len": 18958.829665832614 }, "geometry": { "type": "LineString", "coordinates": [ [ 395568.893573201145045, 417722.816402616095729 ], [ 395434.860537727479823, 413155.255931989406236 ], [ 397058.320422582793981, 407782.373832727025729 ], [ 396879.894264151400421, 406601.903733121289406 ], [ 396945.473403242998756, 403889.566287736757658 ], [ 396146.720710954803508, 403064.079087820544373 ], [ 396565.03193921095226, 401518.272257561038714 ], [ 396758.511304093175568, 400166.721728967677336 ], [ 397115.177040792652406, 399502.304460953688249 ] ] } },
{ "type": "Feature", "properties": { "location": null, "name": "National Grid - Ocker Hill to Oldbury", "phases": null, "osm_id": "31568502", "source": "survey;Bing", "brand": null, "cables": "6", "circuits": "2", "voltage": "400000;275000", "max_voltage": 400000.0, "ref": "VT", "owner": null, "operator": "National Grid Electricity Transmission", "len": 4739.0604855635684 }, "geometry": { "type": "LineString", "coordinates": [ [ 397932.822671186877415, 293313.153030453657266 ], [ 397334.881145205756184, 291785.960309664194938 ], [ 398431.50196333299391, 290454.622580777504481 ], [ 398504.849454050476197, 289082.42739800788695 ] ] } },
{ "type": "Feature", "properties": { "location": null, "name": "East Claydon-Cowley", "phases": null, "osm_id": "31865610", "source": null, "brand": null, "cables": "6", "circuits": "2", "voltage": "400000", "max_voltage": 400000.0, "ref": "4YH", "owner": null, "operator": "National Grid", "len": 28122.856600058694 }, "geometry": { "type": "LineString", "coordinates": [ [ 456008.094158757070545, 201839.339089224115014 ], [ 456427.358753015578259, 202795.548532314656768 ], [ 458698.608477849455085, 204566.29946778313024 ], [ 460781.987661829392891, 205288.058363785617985 ], [ 462910.121187606768217, 208212.534246164490469 ], [ 463562.811447743326426, 210228.534532588382717 ], [ 461912.476552402018569, 213301.480458983045537 ], [ 461433.243039649154525, 215432.300990751071367 ], [ 462841.792629751202185, 216968.298575404216535 ], [ 462838.970204864337575, 217945.194422066560946 ], [ 464851.705803883203771, 219138.955131055146921 ], [ 468065.551262558496092, 219705.80112869705772 ], [ 469986.610882490989752, 219744.53936894540675 ] ] } },
{ "type": "Feature", "properties": { "location": null, "name": null, "phases": null, "osm_id": "32063839", "source": "OS_OpenData_VectorMap_District", "brand": null, "cables": "6", "circuits": "2", "voltage": "132000", "max_voltage": 132000.0, "ref": null, "owner": null, "operator": null, "len": 8381.0473180700519 }, "geometry": { "type": "LineString", "coordinates": [ [ 307464.80974356509978, 666794.005877176998183 ], [ 308214.862366415676661, 666824.941851939889602 ], [ 311186.321992491488345, 667981.793503303313628 ], [ 313744.141651675920002, 667442.619674946530722 ], [ 315549.907446334022097, 667724.385679707629606 ] ] } },
{ "type": "Feature", "properties": { "location": null, "name": null, "phases": null, "osm_id": "32063994", "source": "OS_OpenData_VectorMap_District", "brand": null, "cables": "6", "circuits": "2", "voltage": "132000", "max_voltage": 132000.0, "ref": null, "owner": null, "operator": null, "len": 10332.576563420482 }, "geometry": { "type": "LineString", "coordinates": [ [ 318227.565980294661131, 668422.203144968720153 ], [ 317972.282275643723551, 668406.492402505478822 ], [ 317689.407851034309715, 668386.201235491316766 ], [ 317400.377853847690858, 668366.035054429550655 ], [ 317166.375657558150124, 668349.975906831678003 ], [ 314616.549870558432303, 667742.640573233016767 ], [ 312983.915508934413083, 668023.225833420292474 ], [ 311820.945764945994597, 667894.335510649718344 ], [ 311061.517048236215487, 668140.06021213484928 ], [ 309205.419843194133136, 670526.040544312447309 ] ] } },
{ "type": "Feature", "properties": { "location": null, "name": null, "phases": null, "osm_id": "32196252", "source": "OS_OpenData_VectorMap_District", "brand": null, "cables": "6", "circuits": "2", "voltage": "275000", "max_voltage": 275000.0, "ref": null, "owner": null, "operator": null, "len": 1469.1608428429618 }, "geometry": { "type": "LineString", "coordinates": [ [ 327136.396547703712713, 667133.096769304946065 ], [ 326406.007044549798593, 668407.837823725654744 ] ] } },
{ "type": "Feature", "properties": { "location": null, "name": null, "phases": null, "osm_id": "32342622", "source": "OS_OpenData_VectorMap_District", "brand": null, "cables": "6", "circuits": "2", "voltage": "275000", "max_voltage": 275000.0, "ref": "YH", "owner": null, "operator": null, "len": 7701.6595810787658 }, "geometry": { "type": "LineString", "coordinates": [ [ 329929.742597234610002, 673876.777848315192387 ], [ 331004.891686955001205, 673423.013123844168149 ], [ 331419.318408129154705, 672405.001334738451988 ], [ 332406.727300560858566, 671952.716306081507355 ], [ 332945.13266932265833, 670619.950422538910061 ], [ 334285.871005737339146, 669354.242389628663659 ], [ 335298.967204053886235, 669015.371918000280857 ] ] } },
{ "type": "Feature", "properties": { "location": null, "name": "National Grid Indian Queens-Alverdiscott", "phases": null, "osm_id": "37260256", "source": null, "brand": null, "cables": "6", "circuits": "2", "voltage": "400000", "max_voltage": 400000.0, "ref": "4VW", "owner": null, "operator": "National Grid", "len": 96812.764408382907 }, "geometry": { "type": "LineString", "coordinates": [ [ 194118.931694167433307, 59110.791771212912863 ], [ 197637.236592482484411, 60601.828782215248793 ], [ 198422.92977615588461, 62265.952929700637469 ], [ 198534.843682353035547, 62518.79841195512563 ], [ 198715.833610988775035, 62942.553016459627543 ], [ 198968.499844217294594, 63565.924593571951846 ], [ 201157.609452329430496, 64369.851791791414144 ], [ 201234.935663080163067, 65570.118648483097786 ], [ 202423.838810889079468, 67239.353157816949533 ], [ 202076.643619697802933, 71442.339218198118033 ], [ 201661.020402368420037, 72216.054198336059926 ], [ 201897.13787814535317, 72835.453694794414332 ], [ 203288.587872131669428, 74394.899098061519908 ], [ 204124.922562496940373, 75591.823690771445399 ], [ 203715.120054046215955, 76893.089700497250305 ], [ 204745.167153280810453, 79618.614892848709133 ], [ 205901.527647398703266, 80799.919665295165032 ], [ 207611.486226268141763, 81943.268061913957354 ], [ 208511.716654475720134, 84195.316403637320036 ], [ 210597.500597538222792, 85197.67290167149622 ], [ 211222.816902354999911, 86641.983403571182862 ], [ 213344.288255264022155, 88972.919008690747432 ], [ 217171.744857959187357, 92087.385214225418167 ], [ 218543.867346650920808, 92044.422979577124352 ], [ 221150.793278398516122, 91936.788234523439314 ], [ 221384.273257330525666, 91933.33844387010322 ], [ 221684.172077924828045, 91920.061604089016328 ], [ 221906.891416489408584, 91912.461200603778707 ], [ 222149.59485393911018, 92092.480054746381938 ], [ 223139.043306213861797, 92865.911993454123149 ], [ 224933.997368107840884, 93705.252131469314918 ], [ 225212.727264625747921, 94671.394338974438142 ], [ 227192.343195641471539, 96972.349373431148706 ], [ 229110.166527693014359, 98823.695311896997737 ], [ 230047.384941927244654, 100232.233089892251883 ], [ 230096.940897424618015, 101384.234398049738957 ], [ 230107.773896169383079, 101714.213146325782873 ], [ 230593.432693510869285, 103934.252023720851867 ], [ 233378.750262506713625, 105977.63740743463859 ], [ 236334.838865116122179, 110390.088614928798052 ], [ 236644.257777356542647, 112020.871340766956564 ], [ 239607.012517806113465, 113190.261586635722779 ], [ 240094.303251474921126, 114437.543389277096139 ], [ 241339.971771421842277, 114939.590300347015727 ], [ 241965.192998447251739, 116084.26250912976684 ], [ 242995.882294716866454, 117353.111038490518695 ], [ 243536.205422938422998, 121815.388210029166657 ], [ 245752.995093067991547, 123390.704281712591182 ], [ 246838.044524986820761, 123101.08559953578515 ], [ 249494.046929940406699, 123099.046870227582986 ], [ 250239.011686013633152, 124741.567055441613775 ] ] } },
{ "type": "Feature", "properties": { "location": null, "name": null, "phases": null, "osm_id": "37575461", "source": "OS_OpenData_VectorMap_District", "brand": null, "cables": "6", "circuits": "2", "voltage": "132000", "max_voltage": 132000.0, "ref": null, "owner": null, "operator": null, "len": 24427.943069404035 }, "geometry": { "type": "LineString", "coordinates": [ [ 320105.695002935884986, 717167.445588787319139 ], [ 318595.520799058256671, 718968.733123851125129 ], [ 319098.660478886566125, 719845.164620944065973 ], [ 321447.331144378811587, 721285.210877854377031 ], [ 323301.30755211901851, 723318.769336535711773 ], [ 324204.397727375617251, 723773.011150392121635 ], [ 325608.711679331841879, 725736.49030406633392 ], [ 327450.05325275415089, 726169.027241595555097 ], [ 329918.86924344295403, 728051.308088821941055 ], [ 332763.928254938859027, 730974.529433690709993 ], [ 335724.125897061021533, 731749.324981489568017 ] ] } },
{ "type": "Feature", "properties": { "location": null, "name": "National Grid Walpole-Norwich Main VV", "phases": null, "osm_id": "38528317", "source": "image;survey", "brand": null, "cables": "6", "circuits": "2", "voltage": "400000", "max_voltage": 400000.0, "ref": "4VV", "owner": null, "operator": "National Grid", "len": 43447.709406205373 }, "geometry": { "type": "LineString", "coordinates": [ [ 548581.158549209008925, 316445.407160828646738 ], [ 549614.731327034533024, 315471.17593912454322 ], [ 554327.088271650718525, 316420.264501000114251 ], [ 557616.498235208913684, 314859.776138819754124 ], [ 559676.925873860018328, 315079.58710160292685 ], [ 563729.036963422433473, 314427.190536406473257 ], [ 569629.525312780402601, 312892.716369978152215 ], [ 571327.913975069648586, 313982.927724355540704 ], [ 573371.530130783095956, 314530.198670565383509 ], [ 574540.992694273008965, 314627.965367254044395 ], [ 575926.926340004429221, 315152.172174973762594 ], [ 577486.238857093267143, 315250.370081472909078 ], [ 577951.933278842247091, 314617.021268660027999 ], [ 580034.037346218014136, 314328.341305202397052 ], [ 582044.404861174873076, 312862.436221429379657 ], [ 582750.505818357225507, 312881.190157477511093 ], [ 583748.553082020487636, 312901.377114665228873 ], [ 584176.561274616979063, 312912.090315277222544 ], [ 584492.85465086705517, 312918.607135468744673 ], [ 584821.613425752846524, 312780.39665034232894 ], [ 585500.827535987365991, 312496.624148336821236 ], [ 587533.820079776691273, 311631.857369096542243 ], [ 589142.978337689535692, 310765.45740647817729 ] ] } },
{ "type": "Feature", "properties": { "location": null, "name": "National Grid - Perry Barr-Nechells", "phases": null, "osm_id": "38774523", "source": "survey;visual estimate", "brand": null, "cables": "6", "circuits": "2", "voltage": "275000", "max_voltage": 275000.0, "ref": "YYF", "owner": null, "operator": "National Grid", "len": 2579.1697318096494 }, "geometry": { "type": "LineString", "coordinates": [ [ 409116.002524250245187, 290516.593758079921827 ], [ 407836.981827864306979, 291888.333925578743219 ], [ 407177.15014539915137, 292132.769885002286173 ] ] } },
{ "type": "Feature", "properties": { "location": null, "name": null, "phases": null, "osm_id": "39483845", "source": "Bing", "brand": null, "cables": "6", "circuits": "2", "voltage": "275000", "max_voltage": 275000.0, "ref": "4ZF", "owner": null, "operator": "National Grid Electricity Transmission", "len": 9141.0691434344735 }, "geometry": { "type": "LineString", "coordinates": [ [ 352396.395915940054692, 379471.20396791951498 ], [ 352672.811617762548849, 379455.535214519477449 ], [ 354020.317949865304399, 380259.061274189618416 ], [ 355910.884527801012155, 381698.135984238004312 ], [ 355972.160256698261946, 382371.338956455001608 ], [ 355064.119506550661754, 385000.712290987430606 ], [ 354261.832898679655045, 385968.826359581085853 ], [ 354241.237091467250139, 386172.063671885873191 ] ] } },
{ "type": "Feature", "properties": { "location": null, "name": "National Grid Sundon-Elstree", "phases": null, "osm_id": "39483846", "source": null, "brand": null, "cables": "6", "circuits": "2", "voltage": "400000", "max_voltage": 400000.0, "ref": "ZA", "owner": null, "operator": "National Grid", "len": 34328.448184280816 }, "geometry": { "type": "LineString", "coordinates": [ [ 514496.801623923354782, 197194.723095325054601 ], [ 514806.715666971926112, 197889.777525569777936 ], [ 514239.194311015598942, 198783.85000917018624 ], [ 513991.827472249104176, 201467.624485390202608 ], [ 513331.675028174824547, 202113.417031626566313 ], [ 511140.354396237700712, 205268.407394017965999 ], [ 510611.065362079651095, 206674.972195131354965 ], [ 510449.273463364865165, 206968.156392639153637 ], [ 508233.987167843442876, 211135.236119589942973 ], [ 508068.215393670194317, 211431.018257471034303 ], [ 508052.228892255516257, 211520.998911883565597 ], [ 507969.930414793896489, 212049.037120845750906 ], [ 507870.836147740599699, 212661.977858691185247 ], [ 507012.656229150423314, 214658.329912201152183 ], [ 505225.518489029142074, 216442.243368618364912 ], [ 504891.657920375349931, 217365.717108692449983 ], [ 505117.284484426490963, 218224.329532481555361 ], [ 504042.128818032855634, 220461.487062305794097 ], [ 502810.834298809466418, 221663.706247916503344 ], [ 502374.930067251960281, 222769.910270412452519 ], [ 503583.655074657232035, 224259.925104513589758 ], [ 502774.752560333930887, 226600.857459787803236 ], [ 502680.001458712154999, 226890.043750149488915 ], [ 502779.689797696541063, 227115.092230523528997 ] ] } },
{ "type": "Feature", "properties": { "location": null, "name": "Cottam - Eaton Socon - Wymondley", "phases": null, "osm_id": "40059125", "source": "Bing;survey", "brand": null, "cables": "6", "circuits": "2", "voltage": "400000", "max_voltage": 400000.0, "ref": "4VK", "owner": null, "operator": "National Grid Electricity Transmission", "len": 134820.79341739035 }, "geometry": { "type": "LineString", "coordinates": [ [ 516038.405527599388734, 259169.432305880822241 ], [ 515433.046620749810245, 260600.205488799663726 ], [ 515226.147907687700354, 263551.94900843303185 ], [ 514114.766198485915083, 266405.654388922383077 ], [ 512787.247621764196083, 268016.955819048045669 ], [ 512969.766255383030511, 269127.977257137186825 ], [ 513492.717706695606466, 269731.177780628204346 ], [ 513720.944324330659583, 269979.895158251922112 ], [ 513896.324134103895631, 270255.859045830380637 ], [ 514150.068521839391906, 270653.010742297861725 ], [ 515748.199511707702186, 273116.437877337564714 ], [ 515621.8134409354534, 280237.999259325501043 ], [ 513381.093182722805068, 283780.338260617805645 ], [ 511801.80722602235619, 287691.097351910662837 ], [ 510900.948059014684986, 295287.442124542896636 ], [ 510181.56794923072448, 297315.635331577796023 ], [ 510110.68034135363996, 299833.213094283244573 ], [ 511414.5814624443301, 302720.394527591532096 ], [ 511338.93917441170197, 304572.133079431194346 ], [ 510722.744312148308381, 306303.293768775474746 ], [ 510401.984780935221352, 306499.097969929629471 ], [ 510129.379755924688652, 307076.553099502983969 ], [ 506973.058405071729794, 308312.133967727422714 ], [ 504674.739659044949804, 311111.429338151763659 ], [ 503008.422273317934014, 312814.420316160598304 ], [ 502523.950029217579868, 314665.066415419860277 ], [ 501423.267318362835795, 316199.224240436509717 ], [ 499823.810105000215117, 319871.472156995441765 ], [ 498480.200323498633225, 322298.718275744875427 ], [ 497171.31725625868421, 325882.585533076431602 ], [ 495038.860780302609783, 328291.725383937649895 ], [ 493284.429148296825588, 329534.841781157127116 ], [ 493001.455161164165474, 330610.602371621469501 ], [ 490271.474636485567316, 333301.27958994434448 ], [ 490015.441958550014533, 333854.957673034048639 ], [ 488947.63549584307475, 335443.223980648210272 ], [ 488605.959384502959438, 336778.445697131101042 ], [ 484883.480110826785676, 339844.466284721565899 ], [ 482513.477569913724437, 343955.453375092998613 ], [ 482740.849230850464664, 345468.456545470515266 ], [ 482801.848317033669446, 345874.45187093532877 ], [ 482860.469166027905885, 346264.67390452575637 ], [ 482914.088211412192322, 346621.618923595524393 ], [ 483298.407978908158839, 349597.974355171609204 ], [ 484069.690183083410375, 354661.75343604083173 ], [ 483267.098707037279382, 357713.853783370403107 ], [ 482248.715754719742108, 360401.634329142514616 ], [ 482142.913202422379982, 364223.23188339866465 ], [ 482422.148617328202818, 365259.749018628790509 ], [ 482546.931938621157315, 367502.830931610020343 ], [ 481644.485104113002308, 370312.305414989357814 ], [ 481771.208510719123296, 372327.777020948706195 ], [ 482722.725241024221759, 375733.039095899031963 ], [ 481706.760669234325178, 378641.103936265397351 ], [ 481499.559488908038475, 378835.540536952845287 ] ] } },
{ "type": "Feature", "properties": { "location": null, "name": "Sundon-East Claydon", "phases": null, "osm_id": "41988836", "source": null, "brand": null, "cables": "6", "circuits": "2", "voltage": "400000", "max_voltage": 400000.0, "ref": "4YJ", "owner": null, "operator": "National Grid", "len": 15983.02372372856 }, "geometry": { "type": "LineString", "coordinates": [ [ 475360.95638643624261, 225761.98771358281374 ], [ 477474.054780732782092, 226193.090508465887979 ], [ 483424.92504136817297, 225341.797644729842432 ], [ 485639.751742024847772, 224798.835611075744964 ], [ 487935.260534124798141, 224444.935660984949209 ], [ 491067.000748489284888, 223731.804958663880825 ] ] } },
{ "type": "Feature", "properties": { "location": null, "name": null, "phases": null, "osm_id": "42436743", "source": null, "brand": null, "cables": "6", "circuits": "2", "voltage": "400000", "max_voltage": 400000.0, "ref": "4YX", "owner": null, "operator": null, "len": 18682.180529821224 }, "geometry": { "type": "LineString", "coordinates": [ [ 353749.867576768214349, 190438.010606963885948 ], [ 352875.039159564475995, 190509.254255663312506 ], [ 352329.346831221366301, 189964.249227885738946 ], [ 352070.231544036825653, 189701.47039411572041 ], [ 351810.937631655018777, 189439.484805589891039 ], [ 351531.642708953295369, 189157.594234671094455 ], [ 351147.485214293235913, 189017.511502816923894 ], [ 350984.988501404062845, 188853.991223385382909 ], [ 350775.100844068045262, 188273.458187504729722 ], [ 349190.275251699204091, 187467.42917607317213 ], [ 347161.549385519407224, 187494.789254440111108 ], [ 343436.590559826523531, 185844.782791406789329 ], [ 342752.761621878598817, 185824.912190554314293 ], [ 342122.254105024156161, 185811.94245380081702 ], [ 341800.614782034303062, 185807.634854685340542 ], [ 341418.896237092325464, 185799.193314713367727 ], [ 341013.788283720379695, 185792.031951363373082 ], [ 340641.49885049671866, 185792.960177260800265 ], [ 339944.55251860327553, 185775.390445915865712 ], [ 338506.837636242737062, 185094.88382202986395 ], [ 337247.075007690174971, 185606.507589910470415 ], [ 336929.566716547531541, 185592.068336334836204 ] ] } },
{ "type": "Feature", "properties": { "location": null, "name": null, "phases": null, "osm_id": "42436888", "source": null, "brand": null, "cables": "6", "circuits": "2", "voltage": "275000", "max_voltage": 275000.0, "ref": "XM", "owner": null, "operator": "National Grid Electricity Transmission", "len": 8364.5098602478174 }, "geometry": { "type": "LineString", "coordinates": [ [ 325677.637716402183287, 181242.346644266333897 ], [ 329768.7093633931363, 184346.304455837060232 ], [ 330103.868083140288945, 184336.605531755427364 ], [ 330298.157280107203405, 184249.522244349413086 ], [ 331303.986852449539583, 183792.618762469501235 ], [ 332478.044787604128942, 183261.961082310590427 ], [ 332740.563457589538302, 183143.93099607777549 ] ] } },
{ "type": "Feature", "properties": { "location": null, "name": null, "phases": null, "osm_id": "42793837", "source": null, "brand": null, "cables": "6", "circuits": "2", "voltage": "275000", "max_voltage": 275000.0, "ref": "XR", "owner": null, "operator": "National Grid Electricity Transmission", "len": 5608.7643017039845 }, "geometry": { "type": "LineString", "coordinates": [ [ 337052.59994232817553, 185419.094704826071393 ], [ 336316.240364626864903, 184572.943725171906408 ], [ 333742.879271795332897, 182857.309314720740076 ], [ 332444.911828068899922, 183366.41744486609241 ] ] } },
{ "type": "Feature", "properties": { "location": null, "name": "Lambhill - Denny", "phases": null, "osm_id": "43312288", "source": "OS_OpenData_VectorMap_District", "brand": null, "cables": "6", "circuits": "2", "voltage": "275000", "max_voltage": 275000.0, "ref": "XD", "owner": null, "operator": "SP Energy Networks", "len": 31917.808432524849 }, "geometry": { "type": "LineString", "coordinates": [ [ 282298.424976881186012, 684735.825275514274836 ], [ 281874.858957609394565, 684296.250186642864719 ], [ 280159.694519181095529, 684375.064835576456971 ], [ 278589.843121333105955, 682932.910837822360918 ], [ 277810.289543366990983, 680444.306410057353787 ], [ 276289.244965382036753, 679696.344858903554268 ], [ 274432.109299122355878, 679798.888678961899132 ], [ 269659.200962177070323, 678646.824930542265065 ], [ 267384.918290923815221, 677642.663856534170918 ], [ 266656.802032646373846, 675834.534238616703078 ], [ 265498.388141021481715, 675233.498807774973102 ], [ 262284.328202413162217, 675744.164529851870611 ], [ 261008.661922495870385, 674501.276720930472948 ], [ 260871.511618537741015, 673467.411474310443737 ], [ 258853.186159301723819, 672456.982203255523928 ], [ 259044.975952578301076, 670154.914864944759756 ] ] } },
{ "type": "Feature", "properties": { "location": null, "name": "Lambhill - Windyhill", "phases": null, "osm_id": "43312400", "source": "OS_OpenData_VectorMap_District", "brand": null, "cables": "6", "circuits": "2", "voltage": "275000", "max_voltage": 275000.0, "ref": "XE", "owner": null, "operator": "SP Energy Networks", "len": 17672.558698755292 }, "geometry": { "type": "LineString", "coordinates": [ [ 258964.408322824485367, 670154.002434540307149 ], [ 258805.528300977632171, 671463.374292934080586 ], [ 258375.823895631911, 672000.261116717942059 ], [ 258775.820156568253879, 673338.438668733113445 ], [ 258624.34630707258475, 674976.136920053977519 ], [ 258089.39855195619748, 675835.160434473655187 ], [ 256401.141388490010286, 676337.474107718560845 ], [ 256008.077816067583626, 677426.115106149227358 ], [ 253282.543996012769639, 678705.9871723348042 ], [ 252494.270499634323642, 678244.874474055483006 ], [ 252273.959632727812277, 676793.278692205552943 ], [ 252470.676778867200483, 676192.027314309962094 ], [ 251622.444411099102581, 673661.834620958426967 ] ] } },
{ "type": "Feature", "properties": { "location": null, "name": null, "phases": null, "osm_id": "44005164", "source": null, "brand": null, "cables": "6", "circuits": "2", "voltage": "400000", "max_voltage": 400000.0, "ref": "ZNA", "owner": null, "operator": "National Grid Electricity Transmission", "len": 24190.054625608173 }, "geometry": { "type": "LineString", "coordinates": [ [ 365171.059407282096799, 303828.424713921325747 ], [ 366392.80988149123732, 301887.096185106202029 ], [ 367628.212149318074808, 300861.004023772431538 ], [ 368706.091619533777703, 300920.620253280503675 ], [ 369873.616599425906315, 301549.249795842682943 ], [ 371347.972863831731956, 300994.249573728069663 ], [ 377106.612142928352114, 300935.470221944560762 ], [ 378312.039245974097867, 299712.615602372330613 ], [ 380733.932380249898415, 299052.217932884348556 ], [ 382762.964658345386852, 297839.814716921828222 ], [ 384306.47910072572995, 297329.57074355497025 ], [ 385248.089003319502808, 295631.254948617017362 ], [ 385601.834950052492786, 295462.658016344998032 ] ] } },
{ "type": "Feature", "properties": { "location": null, "name": "Hams Hall-Coventry", "phases": null, "osm_id": "44045899", "source": "visual survey;OOC 1:25K;Bing;visual survey;estimate", "brand": null, "cables": "6", "circuits": "2", "voltage": "400000;275000", "max_voltage": 400000.0, "ref": "4ZWW", "owner": null, "operator": "National Grid", "len": 19420.500460655301 }, "geometry": { "type": "LineString", "coordinates": [ [ 419674.796425995533355, 292932.31657054706011 ], [ 420219.95106785336975, 292864.088835284579545 ], [ 420999.502710613596719, 291201.021931726310868 ], [ 422500.968208361184224, 289752.719136562431231 ], [ 424796.221280576079153, 289317.152126349334139 ], [ 427899.456086457474157, 288364.793492878612597 ], [ 431474.622776512987912, 287431.510715803713538 ], [ 432676.375646302010864, 286381.70139376539737 ], [ 433864.912487654190045, 286028.493574934720527 ], [ 434590.420896133931819, 285219.909629677713383 ], [ 436154.527541837305762, 284437.259734411200043 ] ] } },
{ "type": "Feature", "properties": { "location": null, "name": "Lambhill - Port Dundas", "phases": null, "osm_id": "45054235", "source": "OS_OpenData_VectorMap_District", "brand": null, "cables": "6", "circuits": "2", "voltage": "275000", "max_voltage": 275000.0, "ref": "YK", "owner": null, "operator": "SP Energy Networks", "len": 3780.5529606231275 }, "geometry": { "type": "LineString", "coordinates": [ [ 258940.620279942726484, 666817.54882860253565 ], [ 258428.807640872342745, 667341.254633781383745 ], [ 258139.802392727084225, 669393.033862470998429 ], [ 258887.40519380196929, 670020.849631158984266 ] ] } },
{ "type": "Feature", "properties": { "location": null, "name": "National Grid Coventry-Castle Donington", "phases": null, "osm_id": "45083560", "source": "bing;visual survey;estimate", "brand": null, "cables": "6", "circuits": "2", "voltage": "400000;275000", "max_voltage": 400000.0, "ref": "ZL", "owner": null, "operator": "National Grid", "len": 34081.136348679262 }, "geometry": { "type": "LineString", "coordinates": [ [ 449109.579550844151527, 296531.877491169434506 ], [ 448438.405768399243243, 298093.684996542404406 ], [ 445713.579545071464963, 300984.787656936328858 ], [ 444651.169274771120399, 301590.680477948568296 ], [ 444284.850482585374266, 302569.290418778429739 ], [ 443779.870818832598161, 303923.193622710707132 ], [ 443686.476853460771963, 304175.530414418666624 ], [ 443903.639956908707973, 305222.624472947965842 ], [ 443804.561126259563025, 309672.534379179647658 ], [ 441344.74373624479631, 312434.153759863751475 ], [ 441290.866421256156173, 313521.159887761343271 ], [ 440428.869783217436634, 314480.476460117672104 ], [ 440797.149250087852124, 316526.547127854195423 ], [ 440481.67790799960494, 317096.846047843282577 ], [ 440925.852941906196065, 318105.380803492560517 ], [ 440520.043296641146298, 320418.92452064313693 ], [ 439794.394445707031991, 322511.210475609579589 ], [ 440019.570498854445759, 323880.732427331386134 ], [ 440016.570060936035588, 326014.626011332322378 ], [ 440207.641442131367512, 326906.131388185662217 ] ] } },
{ "type": "Feature", "properties": { "location": null, "name": null, "phases": null, "osm_id": "45467840", "source": "OS_OpenData_VectorMap_District", "brand": null, "cables": "6", "circuits": "2", "voltage": "132000", "max_voltage": 132000.0, "ref": null, "owner": null, "operator": null, "len": 5389.0529654053098 }, "geometry": { "type": "LineString", "coordinates": [ [ 231603.442480050900485, 717858.67630884621758 ], [ 231462.760642237990396, 717042.278875946183689 ], [ 229086.433802804182051, 715806.705860634683631 ], [ 227947.562552018993301, 714835.94226191251073 ], [ 228013.672825345449382, 714455.84346795512829 ] ] } },
{ "type": "Feature", "properties": { "location": null, "name": null, "phases": null, "osm_id": "45467841", "source": "OS_OpenData_VectorMap_District", "brand": null, "cables": "6", "circuits": "2", "voltage": "132000", "max_voltage": 132000.0, "ref": null, "owner": null, "operator": "SSEN Transmission", "len": 4301.5624604375453 }, "geometry": { "type": "LineString", "coordinates": [ [ 229868.657591076276731, 709415.695315515273251 ], [ 227297.931303453166038, 712864.580056292936206 ] ] } },
{ "type": "Feature", "properties": { "location": null, "name": null, "phases": null, "osm_id": "45467843", "source": null, "brand": null, "cables": "6", "circuits": "2", "voltage": "132000", "max_voltage": 132000.0, "ref": null, "owner": null, "operator": "SSEN Transmission", "len": 14181.150016429845 }, "geometry": { "type": "LineString", "coordinates": [ [ 226121.994329760374967, 696560.623013683944009 ], [ 228165.045500062638894, 701465.019908431917429 ], [ 228864.509468821634073, 702666.562062218086794 ], [ 230070.38286269173841, 703441.710710355546325 ], [ 230365.936194297217298, 705165.542966120992787 ], [ 230123.751822444755817, 705676.470352280535735 ], [ 230885.831099115690449, 706759.20988008833956 ], [ 230910.379695639683632, 709165.032482487848029 ] ] } },
{ "type": "Feature", "properties": { "location": null, "name": null, "phases": null, "osm_id": "45467844", "source": "OS7;OS_OpenData_VectorMap_District", "brand": null, "cables": "6", "circuits": "2", "voltage": "132000", "max_voltage": 132000.0, "ref": "CL", "owner": null, "operator": "SP Energy Networks", "len": 12805.296130217272 }, "geometry": { "type": "LineString", "coordinates": [ [ 251441.009399554051924, 673431.328438340569846 ], [ 249533.184942288236925, 673541.06304636830464 ], [ 249383.921035166888032, 673707.218348216614686 ], [ 249171.326295504288282, 673943.902351023862138 ], [ 248617.432046188099775, 674560.679321907227859 ], [ 247424.334870755032171, 675668.531990316347219 ], [ 245727.851275732595241, 675497.105001251678914 ], [ 244671.341515693522524, 675124.268335621221922 ], [ 243376.734206612105481, 675565.164049785467796 ], [ 240688.09927248916938, 677297.450904752011411 ], [ 240183.9469877401134, 677305.642574130091816 ] ] } },
{ "type": "Feature", "properties": { "location": null, "name": null, "phases": null, "osm_id": "46892344", "source": "Bing", "brand": null, "cables": "6", "circuits": "2", "voltage": "400000", "max_voltage": 400000.0, "ref": "ZS", "owner": null, "operator": "National Grid", "len": 12389.310682715004 }, "geometry": { "type": "LineString", "coordinates": [ [ 423687.102975283691194, 319424.572785654629115 ], [ 423974.865210249496158, 319259.258898284693714 ], [ 424300.057500683586113, 319071.443593402975239 ], [ 424530.739169975975528, 318938.149993829836603 ], [ 424916.497024059295654, 319074.764725704910234 ], [ 425198.341905060806312, 319175.063193230773322 ], [ 425451.336392019409686, 319262.935120334790554 ], [ 426421.859913868422154, 319588.622374215745367 ], [ 426984.02052512409864, 319960.10644041292835 ], [ 427661.40837764099706, 321257.412685852032155 ], [ 427650.805386128369719, 321907.506554477848113 ], [ 429068.822285131143872, 324363.298064307717141 ], [ 431035.14129839441739, 325207.902230635285378 ], [ 432672.59778731840197, 325428.38150230498286 ] ] } },
{ "type": "Feature", "properties": { "location": null, "name": "National Grid Seven Springs - Minety", "phases": null, "osm_id": "47044776", "source": "Bing", "brand": null, "cables": "6", "circuits": "2", "voltage": "400000", "max_voltage": 400000.0, "ref": "ZF", "owner": null, "operator": "National Grid", "len": 29789.53361550111 }, "geometry": { "type": "LineString", "coordinates": [ [ 398124.547284415049944, 216654.227252364973538 ], [ 397989.423108977498487, 214291.760414755903184 ], [ 400738.690449002780952, 208891.26953430834692 ], [ 401109.010323438618798, 207463.719510164111853 ], [ 402661.854950176435523, 205911.4903825444635 ], [ 403775.282527051691432, 202853.115646650374401 ], [ 403738.877008131763432, 201137.653463168302551 ], [ 403457.461044261581264, 200456.889382858935278 ], [ 401869.222734221897554, 199954.204960290517192 ], [ 400925.431028289429378, 197569.649194576253649 ], [ 399727.431646512704901, 190241.245276060362812 ], [ 399941.386336964089423, 189990.746673804067541 ] ] } },
{ "type": "Feature", "properties": { "location": null, "name": null, "phases": null, "osm_id": "50006264", "source": null, "brand": null, "cables": "6", "circuits": "2", "voltage": "275000", "max_voltage": 275000.0, "ref": "YK", "owner": null, "operator": "National Grid Electricity Transmission", "len": 12011.986497057425 }, "geometry": { "type": "LineString", "coordinates": [ [ 390385.107905354117975, 273860.512843411590438 ], [ 393026.514210872875992, 275047.691360460768919 ], [ 393585.51219921966549, 275622.963025418866891 ], [ 397453.496393542911392, 278181.317771992064081 ], [ 398317.250812225334812, 279309.427144464571029 ], [ 399222.62307604518719, 281375.353222542675212 ] ] } },
{ "type": "Feature", "properties": { "location": null, "name": "National Grid Melksham-Iron Acton", "phases": null, "osm_id": "51155383", "source": "Bing", "brand": null, "cables": "6", "circuits": "2", "voltage": "275000", "max_voltage": 275000.0, "ref": "XL", "owner": null, "operator": "National Grid", "len": 5326.7857772291363 }, "geometry": { "type": "LineString", "coordinates": [ [ 379546.988081290968694, 177726.91229760996066 ], [ 380442.210332487942651, 176749.555898318300024 ], [ 383563.380396705586463, 174245.659631152870134 ] ] } },
{ "type": "Feature", "properties": { "location": null, "name": null, "phases": null, "osm_id": "51677940", "source": "OS_OpenData_VectorMap_District", "brand": null, "cables": "3", "circuits": null, "voltage": "132000", "max_voltage": 132000.0, "ref": null, "owner": null, "operator": null, "len": 20076.00540788838 }, "geometry": { "type": "LineString", "coordinates": [ [ 162639.853639309410937, 824324.166277102893218 ], [ 163680.025406405271497, 822748.130892492947169 ], [ 165995.839277547755046, 822185.842053058673628 ], [ 167710.321165633446071, 822061.716763481148519 ], [ 170917.37920355933602, 823055.599458282929845 ], [ 173443.810638085677056, 824875.291728961397894 ], [ 176703.340752715681447, 825112.77365813346114 ], [ 179057.563046675844816, 825086.005847195745446 ], [ 179443.818049273249926, 824572.109280224889517 ], [ 179308.384781082771951, 823229.820145935285836 ] ] } },
{ "type": "Feature", "properties": { "location": null, "name": null, "phases": null, "osm_id": "55008279", "source": "Bing", "brand": null, "cables": "6", "circuits": "2", "voltage": "275000", "max_voltage": 275000.0, "ref": "ZBB", "owner": null, "operator": "National Grid", "len": 13181.770455357946 }, "geometry": { "type": "LineString", "coordinates": [ [ 436903.244540412444621, 382369.557811175938696 ], [ 438557.315842592041008, 382070.663978659198619 ], [ 442935.818173210835084, 383110.271326484100427 ], [ 444418.550099280546419, 385849.773586431751028 ], [ 443887.403441825124901, 387465.644043053034693 ], [ 443714.167859281180426, 388687.872653786034789 ], [ 443214.507303137623239, 389496.19419331086101 ] ] } },
{ "type": "Feature", "properties": { "location": null, "name": null, "phases": null, "osm_id": "55125495", "source": null, "brand": null, "cables": "6", "circuits": "2", "voltage": "400000", "max_voltage": 400000.0, "ref": "ZQ", "owner": null, "operator": "National Grid Electricity Transmission", "len": 22383.942069287063 }, "geometry": { "type": "LineString", "coordinates": [ [ 370165.14462215534877, 423843.980275846493896 ], [ 370546.455933514807839, 423667.403693640429992 ], [ 371127.020239418721758, 422260.150545433396474 ], [ 371400.567681136541069, 421593.6610536420485 ], [ 371549.291582534322515, 421228.329153423022944 ], [ 372404.783458751859143, 419462.189797129656654 ], [ 373792.076140459568705, 417903.857775581651367 ], [ 376002.580077531514689, 415951.623700913216453 ], [ 376810.138195441686548, 414866.782978907052893 ], [ 376640.875665158149786, 414145.075321544718463 ], [ 376505.698427024763077, 413724.269436543807387 ], [ 376439.908153000986204, 413483.86912408011267 ], [ 376249.279514393943828, 412873.620326783857308 ], [ 375912.414506803150289, 411756.121616085642017 ], [ 375670.922732410836034, 411092.998965910752304 ], [ 375609.173536385118496, 410294.172242650354747 ], [ 376276.65236026304774, 409321.133345883106813 ], [ 376600.753090879123192, 407429.567419470404275 ], [ 376609.784163918695413, 407132.364142388221808 ], [ 376484.971288596978411, 406895.541463499306701 ], [ 376385.921531853091437, 406703.173387876129709 ], [ 376430.771561293629929, 405723.714448783895932 ], [ 376199.283266516053118, 404374.216587662871461 ] ] } },
{ "type": "Feature", "properties": { "location": null, "name": "Scottish-Hydro Invergarry-Stornoway", "phases": null, "osm_id": "58389286", "source": "OS_OpenData_VectorMap_District", "brand": null, "cables": "3", "circuits": null, "voltage": "132000", "max_voltage": 132000.0, "ref": null, "owner": null, "operator": null, "len": 8479.2709373466369 }, "geometry": { "type": "LineString", "coordinates": [ [ 235164.836491395079065, 808738.057511158520356 ], [ 234530.837087554013124, 808118.032297418336384 ], [ 233291.709372769080801, 807529.882516727317125 ], [ 232025.575913648732239, 805720.649218734004535 ], [ 230904.092840246215928, 805215.981773631297983 ], [ 229811.834019129484659, 802656.503476853133179 ] ] } },
{ "type": "Feature", "properties": { "location": null, "name": "National Grid Ratcliffe-Castle Donington", "phases": null, "osm_id": "59646914", "source": "OS OpenData VectorMap District", "brand": null, "cables": "6", "circuits": "2", "voltage": "400000;275000", "max_voltage": 400000.0, "ref": "4VA", "owner": null, "operator": "National Grid", "len": 5078.5652670653762 }, "geometry": { "type": "LineString", "coordinates": [ [ 450153.717462248168886, 329687.302743712090887 ], [ 449371.08337031287374, 328098.301022639148869 ], [ 446932.214024654123932, 328912.528723370691296 ], [ 446289.919983099855017, 328552.971672755666077 ] ] } },
{ "type": "Feature", "properties": { "location": null, "name": "Staythorpe - Ratcliffe-on-Soar", "phases": null, "osm_id": "59710184", "source": "OS OpenData VectoMap District", "brand": null, "cables": "6", "circuits": "2", "voltage": "400000", "max_voltage": 400000.0, "ref": "ZD", "owner": null, "operator": "National Grid", "len": 24468.444499201909 }, "geometry": { "type": "LineString", "coordinates": [ [ 464021.453896068735048, 340598.371860244835261 ], [ 463655.614995562471449, 338513.311081266903784 ], [ 465997.981983283883892, 336855.566633367794566 ], [ 465888.39196544123115, 335147.693011277238838 ], [ 465576.664608966442756, 333641.480024954827968 ], [ 464112.795991027611308, 332981.13463778240839 ], [ 460912.602744854521006, 332339.613630702078808 ], [ 457417.636431371793151, 331388.771519728645217 ], [ 453655.224409972026478, 330978.416640813753475 ], [ 452341.742821886902675, 329821.310845905565657 ], [ 451521.3050374952727, 329396.718803767638747 ], [ 450279.799229027528781, 329714.852595920558088 ] ] } },
{ "type": "Feature", "properties": { "location": null, "name": "Staythorpe - Ratcliffe-on-Soar", "phases": null, "osm_id": "59733859", "source": null, "brand": null, "cables": "6", "circuits": "2", "voltage": "400000", "max_voltage": 400000.0, "ref": "ZD", "owner": null, "operator": null, "len": 18858.230136551283 }, "geometry": { "type": "LineString", "coordinates": [ [ 475550.854549463605508, 354155.843568525335286 ], [ 475199.464876861311495, 354230.591872427321505 ], [ 472580.737663974869065, 353036.334380901942495 ], [ 472516.01422074571019, 352752.230278145580087 ], [ 472458.1926768712583, 352448.54834981035674 ], [ 472381.183688563876785, 352071.076456098118797 ], [ 472323.502670558053069, 351796.072190606617369 ], [ 472260.34827892051544, 351494.906005607568659 ], [ 470792.214594500197563, 350145.038170454325154 ], [ 469630.601019687601365, 348773.147080759401433 ], [ 468495.256169821659569, 345765.617710021557286 ], [ 467330.488345353398472, 344960.207674090401269 ], [ 464334.976913359598257, 341909.184942460327875 ], [ 464021.453896068735048, 340598.371860244835261 ] ] } },
{ "type": "Feature", "properties": { "location": null, "name": "National Grid Pembroke-?", "phases": null, "osm_id": "67170687", "source": null, "brand": null, "cables": "6", "circuits": "2", "voltage": "400000", "max_voltage": 400000.0, "ref": "4YU", "owner": null, "operator": null, "len": 34043.128453079422 }, "geometry": { "type": "LineString", "coordinates": [ [ 293229.795287739078049, 206616.027657001221087 ], [ 292195.584060194436461, 206407.18204461352434 ], [ 291437.528141484071966, 206613.165601566026453 ], [ 291053.85799292800948, 206721.352879101177678 ], [ 290674.040393173694611, 206825.62536300602369 ], [ 290430.777595744933933, 206928.36360259715002 ], [ 290180.0782941209618, 207042.113466920738574 ], [ 289770.01991313387407, 207517.327330661879387 ], [ 289418.913174193468876, 208666.705429432156961 ], [ 287612.47323944454547, 209204.851426202920265 ], [ 285640.009172301506624, 209186.474937046237756 ], [ 284359.790383819781709, 209611.672609132190701 ], [ 283499.25001681339927, 210494.236406961106695 ], [ 281820.564386111742351, 210222.601710364106111 ], [ 280616.725634508300573, 209102.668095495551825 ], [ 279127.124794255883899, 208532.301248958974611 ], [ 276815.581045411818195, 206682.942250840715133 ], [ 274891.823707520787138, 205679.680139350297395 ], [ 273661.866149912879337, 206232.933955661312211 ], [ 271637.263973446155433, 206613.017076422576793 ], [ 270407.246530990931205, 205882.929530041175894 ], [ 269291.516279099043459, 204659.662380722525995 ], [ 267088.919928370625712, 203848.813416627293918 ], [ 265652.927709689247422, 201682.153162554197479 ], [ 264823.205914730788209, 200973.440527821599972 ] ] } },
{ "type": "Feature", "properties": { "location": null, "name": "Swansea North - Pembroke", "phases": null, "osm_id": "67182852", "source": null, "brand": null, "cables": "6", "circuits": "2", "voltage": "400000", "max_voltage": 400000.0, "ref": "4YW", "owner": null, "operator": "National Grid Electricity Transmission", "len": 84585.345176918097 }, "geometry": { "type": "LineString", "coordinates": [ [ 264733.360314024379477, 200729.298073733167257 ], [ 264373.676187541626859, 201057.183286321756896 ], [ 263764.553994894959033, 201379.513006245484576 ], [ 263539.914890425221529, 201496.475858317338862 ], [ 263237.484280447242782, 201653.207897806481924 ], [ 262537.582244717050344, 202019.833988127007615 ], [ 261572.032778741646325, 202909.876469767768867 ], [ 260023.471928868500981, 204804.227453455794603 ], [ 258135.356512348953402, 205911.138341129175387 ], [ 256615.267742358642863, 208217.466182449250482 ], [ 255277.417908160423394, 208472.534441454336047 ], [ 253957.62490838568192, 209225.89738604723243 ], [ 253014.187153323786333, 208987.80854077951517 ], [ 250503.484783652500482, 209780.734060088463593 ], [ 246691.222845986252651, 210568.625159702729434 ], [ 246166.589016176701989, 210882.277470057248138 ], [ 242784.804111384903081, 211124.246146133285947 ], [ 242415.35745860580937, 211822.949405440711416 ], [ 241922.282776303240098, 212774.122224281192757 ], [ 241796.697069399553584, 213019.388790051219985 ], [ 241589.057111175527098, 213424.096540478058159 ], [ 240827.457586837001145, 214475.119338687276468 ], [ 240488.726594658975955, 214605.433130009798333 ], [ 240143.335999824281316, 214740.635651160730049 ], [ 239012.47165951426723, 214813.946180069178808 ], [ 237477.315715530334273, 215819.097131411195733 ], [ 236547.281518502597464, 215468.843077642610297 ], [ 233839.384214498830261, 215250.458172564045526 ], [ 230974.558921632240526, 213907.085947028535884 ], [ 228600.836955181875965, 213650.421105180459563 ], [ 226103.29096214150195, 213653.025235731038265 ], [ 224455.730357348016696, 214146.660509066830855 ], [ 220337.84758517035516, 212694.060152184625622 ], [ 217985.40148634542129, 211574.746141700947192 ], [ 215168.081854127114639, 209903.151008145825472 ], [ 211402.556721640576143, 209393.45273245224962 ], [ 209961.694494390947511, 207226.618208527739625 ], [ 208404.120607758843107, 205430.857740516017657 ], [ 206778.024679188791197, 202690.60578317969339 ], [ 205988.360418730153469, 202122.0343490804662 ], [ 204100.614479666604893, 202495.770117480307817 ], [ 202930.991875916661229, 202444.359066697012167 ], [ 201397.202578353375429, 201588.919771892717108 ], [ 200955.893874856788898, 201044.707152952556498 ], [ 199442.631190786865773, 200023.385744182160124 ], [ 197773.209917498345021, 199997.465597205969971 ], [ 196778.953981911705341, 200177.284946800384205 ], [ 195936.887073385354597, 201253.012842383643147 ], [ 193891.086793244729051, 201281.943340118334163 ], [ 193643.322452425956726, 201541.514286243356764 ], [ 193492.86779815753107, 201705.108617246849462 ], [ 193306.303617500059772, 201909.981491761980578 ], [ 193293.484884494362632, 202256.261236261692829 ] ] } },
{ "type": "Feature", "properties": { "location": null, "name": null, "phases": null, "osm_id": "67959646", "source": "OS_OpenData_VectorMap_District", "brand": null, "cables": "6", "circuits": "2", "voltage": "132000", "max_voltage": 132000.0, "ref": "EG", "owner": null, "operator": null, "len": 47558.834951445766 }, "geometry": { "type": "LineString", "coordinates": [ [ 276854.473210982454475, 751706.289444070891477 ], [ 277039.77224069746444, 750401.308871464338154 ], [ 278374.848582856939174, 749178.787698668427765 ], [ 278780.2778075003298, 749012.843996072886512 ], [ 279173.04698439972708, 748853.875658507575281 ], [ 279736.548635891405866, 748625.872837974107824 ], [ 280293.381175803253427, 748400.654833539272659 ], [ 282176.856614622694906, 747631.456559577491134 ], [ 285392.125318387232255, 747517.076989371911623 ], [ 287790.597128584748134, 746886.191171961952932 ], [ 291441.532500589848496, 742111.637811373570003 ], [ 291548.292890023731161, 738522.132667664554901 ], [ 291251.405120409966912, 736021.053805701085366 ], [ 289950.484392998507246, 734494.020661584218033 ], [ 289969.911517135507893, 732815.331872309558094 ], [ 291940.891745962377172, 730182.875018526101485 ], [ 291957.218522069044411, 729822.817773502902128 ], [ 293161.339282141707372, 728359.406059046392329 ], [ 302203.124537037976552, 723773.071103800786659 ], [ 304979.024108188285027, 722303.854543063207529 ] ] } },
{ "type": "Feature", "properties": { "location": null, "name": null, "phases": null, "osm_id": "67959648", "source": "OS_OpenData_VectorMap_District", "brand": null, "cables": "3", "circuits": null, "voltage": "132000", "max_voltage": 132000.0, "ref": null, "owner": null, "operator": null, "len": 36832.385606155738 }, "geometry": { "type": "LineString", "coordinates": [ [ 276940.038127954991069, 759102.056705676717684 ], [ 276939.809353435761295, 759093.431310809333809 ], [ 276938.718775696237572, 759052.953666830784641 ], [ 276943.561502725991886, 759044.079110881197266 ], [ 276962.521614901721478, 758817.817857534973882 ], [ 276948.336638813489117, 758575.889317100401968 ], [ 276931.633448889711872, 758357.781423538690433 ], [ 276915.2561, 758147.67240136640612 ], [ 276877.588612051971722, 757587.580665204091929 ], [ 276830.933106145879719, 755546.432780631119385 ], [ 277285.820705793972593, 753855.920146929216571 ], [ 276168.827279826567974, 751934.859375001513399 ], [ 276225.065390010306146, 750009.368324598763138 ], [ 276824.03356679395074, 748923.125384939368814 ], [ 276269.066954054054804, 747672.483395134098828 ], [ 274753.097763424389996, 746223.003709541633725 ], [ 272784.552035844069906, 746103.577727888943627 ], [ 270095.171358552179299, 743271.1130639933981 ], [ 269384.290440300130285, 741795.462012696778402 ], [ 266048.838671224657446, 738590.461193989962339 ], [ 259735.566598012665054, 735557.655679903225973 ], [ 256862.972816253342899, 734424.904762156424113 ], [ 256599.335503093519947, 734140.353504817350768 ], [ 256600.425802622485207, 734095.800514778471552 ] ] } },
{ "type": "Feature", "properties": { "location": null, "name": null, "phases": null, "osm_id": "67959649", "source": "OS_OpenData_VectorMap_District", "brand": null, "cables": "3", "circuits": null, "voltage": "132000", "max_voltage": 132000.0, "ref": null, "owner": null, "operator": null, "len": 2038.6164676775511 }, "geometry": { "type": "LineString", "coordinates": [ [ 256652.140360858495114, 734120.961157427635044 ], [ 257348.037413841462694, 734580.163797967252322 ], [ 258552.39124577655457, 734545.035105110146105 ] ] } },
{ "type": "Feature", "properties": { "location": null, "name": "St. Fillans", "phases": null, "osm_id": "67959650", "source": "OS_OpenData_VectorMap_District", "brand": null, "cables": "6", "circuits": null, "voltage": "132000;33000", "max_voltage": 132000.0, "ref": null, "owner": null, "operator": "SSEN Transmission", "len": 18184.308587231259 }, "geometry": { "type": "LineString", "coordinates": [ [ 269023.650588988850359, 724607.611091168131679 ], [ 268576.891940862522461, 725225.896960282814689 ], [ 267232.987793674110435, 725230.988470730022527 ], [ 266122.427261573495343, 724654.859512868453749 ], [ 263184.970999623765238, 724459.541496317717247 ], [ 261704.286075616604649, 724627.38111639872659 ], [ 260468.887926992581924, 724183.270510337431915 ], [ 259212.624928943812847, 724260.920110932551324 ], [ 257561.583936520095449, 726648.861432889476418 ], [ 256211.874835289898328, 727754.325725070899352 ], [ 255740.610288629046408, 730336.145417119842023 ], [ 255860.737888322153594, 730871.49318556021899 ] ] } },
{ "type": "Feature", "properties": { "location": null, "name": null, "phases": null, "osm_id": "67959662", "source": "OS_OpenData_VectorMap_District", "brand": null, "cables": "3", "circuits": "1", "voltage": "132000", "max_voltage": 132000.0, "ref": null, "owner": null, "operator": "SSEN Transmission", "len": 4174.4799257610448 }, "geometry": { "type": "LineString", "coordinates": [ [ 201626.375658891629428, 720802.995562099269591 ], [ 203085.110495366854593, 723468.542363075655885 ], [ 204109.303446908423211, 723959.732790844398551 ] ] } },
{ "type": "Feature", "properties": { "location": null, "name": null, "phases": null, "osm_id": "67959664", "source": "OS_OpenData_VectorMap_District", "brand": null, "cables": "6", "circuits": "2", "voltage": "132000", "max_voltage": 132000.0, "ref": null, "owner": null, "operator": "SSEN Transmission", "len": 15652.919666944397 }, "geometry": { "type": "LineString", "coordinates": [ [ 211628.07706715160748, 711890.282776928506792 ], [ 211479.286333014868433, 712333.118446249864064 ], [ 208484.668860279547516, 714711.910033994587138 ], [ 209244.25316629812005, 717890.223957630689256 ], [ 207250.375883545348188, 721309.269785037380643 ], [ 204775.659601393330377, 723627.56812510965392 ], [ 204109.303446908423211, 723959.732790844398551 ] ] } },
{ "type": "Feature", "properties": { "location": null, "name": null, "phases": null, "osm_id": "67959665", "source": "OS_OpenData_VectorMap_District", "brand": null, "cables": "6", "circuits": "2", "voltage": "132000", "max_voltage": 132000.0, "ref": null, "owner": null, "operator": "SSEN Transmission", "len": 8277.5565255832116 }, "geometry": { "type": "LineString", "coordinates": [ [ 211756.770812640665099, 711855.815416045836173 ], [ 212078.530732092622202, 711717.945106240222231 ], [ 216330.827516932884464, 711143.542613650904968 ], [ 217656.253319026407553, 711640.579270911635831 ], [ 219167.542656301520765, 713268.147559576318599 ] ] } },
{ "type": "Feature", "properties": { "location": null, "name": null, "phases": null, "osm_id": "67959674", "source": "OS7", "brand": null, "cables": "6", "circuits": "2", "voltage": "132000", "max_voltage": 132000.0, "ref": "CK", "owner": null, "operator": "SP Energy Networks", "len": 24702.821867239152 }, "geometry": { "type": "LineString", "coordinates": [ [ 251447.989148552005645, 673476.949681435362436 ], [ 249559.220478354603983, 673592.779696975951083 ], [ 249421.53622767017805, 673748.114317971980199 ], [ 249220.375855029269587, 673972.198752795578912 ], [ 248652.264687176677398, 674608.48395046137739 ], [ 247482.615298325632466, 675737.588782545179129 ], [ 245712.990873933100374, 675555.778084716876037 ], [ 244668.880551112262765, 675190.297445376054384 ], [ 243419.752678488846868, 675606.382019510492682 ], [ 240685.018795110692736, 677368.299402675009333 ], [ 239129.893198321573436, 677400.907302517211065 ], [ 234078.43729764316231, 680266.315354845835827 ], [ 232802.786935698153684, 682566.365201006643474 ], [ 231318.015886143490206, 684420.027623267611489 ] ] } },
{ "type": "Feature", "properties": { "location": null, "name": null, "phases": null, "osm_id": "68515952", "source": "OS_OpenData_VectorMap_District", "brand": null, "cables": "3", "circuits": null, "voltage": "132000", "max_voltage": 132000.0, "ref": null, "owner": null, "operator": "Scottish & Southern Energy", "len": 3679.2288441782835 }, "geometry": { "type": "LineString", "coordinates": [ [ 222452.323662839946337, 810869.696251108078286 ], [ 223303.592353911866667, 811047.39498516288586 ], [ 226049.149030428787228, 811643.911885020439513 ] ] } },
{ "type": "Feature", "properties": { "location": null, "name": null, "phases": null, "osm_id": "68515975", "source": "OS_OpenData_VectorMap_District", "brand": null, "cables": "6", "circuits": "2", "voltage": "132000", "max_voltage": 132000.0, "ref": null, "owner": null, "operator": "SSEN Transmission", "len": 22169.174642415186 }, "geometry": { "type": "LineString", "coordinates": [ [ 259266.00795496875071, 891676.966516065527685 ], [ 259970.305813978746301, 889416.705459702759981 ], [ 262462.975087532482576, 887924.358633941155858 ], [ 262927.926802128902636, 887123.338342324597761 ], [ 264219.701402312202845, 886642.796943219960667 ], [ 265274.247079398133792, 884330.41450995428022 ], [ 265969.579928817227483, 883247.022855586488731 ], [ 266069.328204138553701, 881259.871554297744296 ], [ 266460.006159163196571, 879604.537876701448113 ], [ 265077.498811052762903, 876898.362469874089584 ], [ 265420.209847267018631, 874716.613460153224878 ], [ 264393.566776182677131, 873207.313324760878459 ] ] } },
{ "type": "Feature", "properties": { "location": null, "name": null, "phases": null, "osm_id": "68515986", "source": "OS_OpenData_VectorMap_District", "brand": null, "cables": "6", "circuits": "2", "voltage": "132000", "max_voltage": 132000.0, "ref": null, "owner": null, "operator": "SSEN Transmission", "len": 13255.598382007896 }, "geometry": { "type": "LineString", "coordinates": [ [ 252566.680600618972676, 845327.398395780008286 ], [ 255268.775475754402578, 845294.892450009705499 ], [ 257916.830495454429183, 845416.99718478624709 ], [ 264430.164099393412471, 843190.902293594786897 ], [ 265270.054818108910695, 842613.539537444128655 ] ] } },
{ "type": "Feature", "properties": { "location": null, "name": null, "phases": null, "osm_id": "68515987", "source": null, "brand": null, "cables": "6", "circuits": "2", "voltage": "132000", "max_voltage": 132000.0, "ref": null, "owner": null, "operator": "SSEN Transmission", "len": 26180.69370054347 }, "geometry": { "type": "LineString", "coordinates": [ [ 268029.750852823199239, 841924.43698656198103 ], [ 270637.466738791146781, 842047.694436674704775 ], [ 272847.632769973075483, 842967.496864735381678 ], [ 274237.3184833144187, 843718.455048432108015 ], [ 278128.245760964171495, 846688.483680173638277 ], [ 279589.2957099043997, 848780.070093502872624 ], [ 283467.304163708002307, 851117.027907401090488 ], [ 284294.922327040112577, 851989.683322695083916 ], [ 287720.017186085635331, 854286.580474502989091 ], [ 289097.449577424267773, 854936.33904628676828 ], [ 289554.760418251564261, 855559.396146963932551 ] ] } },
{ "type": "Feature", "properties": { "location": null, "name": null, "phases": null, "osm_id": "68834667", "source": null, "brand": null, "cables": "3", "circuits": "1", "voltage": "132000", "max_voltage": 132000.0, "ref": null, "owner": null, "operator": "Scottish and Southern Electricity Networks", "len": 56584.367304523563 }, "geometry": { "type": "LineString", "coordinates": [ [ 140251.352505769580603, 932364.559870568453334 ], [ 139327.824529833218548, 932022.596044963807799 ], [ 139106.157058187905932, 931180.764480654266663 ], [ 136972.003469779912848, 929976.081549659487791 ], [ 136869.477490168588702, 929181.460933811846189 ], [ 135687.881325636873953, 928362.924966617487371 ], [ 134683.623483879258856, 926328.434176721959375 ], [ 134737.599503849749453, 924524.952227930887602 ], [ 133693.340140801505186, 922451.013919969904236 ], [ 132214.096028399537317, 922236.856938957353123 ], [ 126453.564075602276716, 920235.239761806558818 ], [ 124476.417222224990837, 917739.767975814291276 ], [ 122966.137821511540096, 917540.805855811224319 ], [ 121100.233153297274839, 914628.34952948987484 ], [ 120343.49576196068665, 913203.899315912974998 ], [ 120353.310822253639344, 912389.42906734533608 ], [ 118544.173096574610099, 911538.462337999255396 ], [ 118529.437104523938615, 910390.099509221152402 ], [ 118919.669290793361142, 910049.679780490580015 ], [ 119334.220607758848928, 908598.713694165227935 ], [ 119128.224227997474372, 906687.131327035836875 ], [ 118031.851231620588806, 906399.678368932683952 ], [ 116838.845046101661865, 905097.996462213923223 ], [ 115285.14691894891439, 905243.81323190650437 ], [ 114183.600161818030756, 904510.783265592064708 ], [ 113904.783938940032385, 903323.030999436741695 ], [ 113271.469478426442947, 903203.887106507201679 ], [ 113012.954932677326724, 902287.520101162372157 ], [ 113505.739279831992462, 901589.678308738395572 ], [ 115141.796689897601027, 900620.453663066844456 ], [ 114979.015455023210961, 898872.850435180473141 ], [ 114317.22056034830166, 897819.613304333412088 ], [ 113966.389446369023062, 896356.126294275047258 ], [ 114409.078946150722913, 895747.862400774727575 ], [ 113524.412504104082473, 894238.932693698327057 ] ] } },
{ "type": "Feature", "properties": { "location": null, "name": null, "phases": null, "osm_id": "68849418", "source": null, "brand": null, "cables": "3", "circuits": "1", "voltage": "132000", "max_voltage": 132000.0, "ref": null, "owner": null, "operator": "Scottish and Southern Electricity Networks", "len": 42431.772113100218 }, "geometry": { "type": "LineString", "coordinates": [ [ 162622.536578428756911, 824321.251836725044996 ], [ 161925.402509017614648, 824965.753969965619035 ], [ 160058.703064673871268, 825415.36611876275856 ], [ 159319.270069255464477, 826663.71539217827376 ], [ 158560.67719413008308, 827366.566870320937596 ], [ 157540.137266981677385, 827046.784409958985634 ], [ 156078.278694836975774, 827665.062273531570099 ], [ 154804.790390598587692, 826809.272596857859753 ], [ 154090.262621438567294, 826632.256251052604057 ], [ 153126.449521120637655, 828142.043397085741162 ], [ 153481.086865938006667, 831226.398007290787064 ], [ 152867.646902107953792, 831590.521807993063703 ], [ 151549.229819947562646, 831447.357901603449136 ], [ 149859.42408636061009, 830524.989097525482066 ], [ 148433.806757316284347, 830945.93410488741938 ], [ 148342.404945208749268, 831719.964982194127515 ], [ 147080.987851855927147, 833845.761464730720036 ], [ 146541.427430636715144, 834150.785915929940529 ], [ 146314.38495658498141, 836202.265246802591719 ], [ 144947.855575627530925, 837379.366283113020472 ], [ 144250.065272152685793, 839075.536712133325636 ], [ 143332.141252204455668, 840417.880187610862777 ], [ 143181.477329235785874, 841214.946419967222027 ], [ 142349.782922533137025, 842223.951484477031045 ], [ 140827.315474419097882, 842748.655105275451206 ], [ 139440.764921391470125, 842780.264501004829071 ], [ 138416.402679707738571, 842113.330999035621062 ], [ 136977.773262043658178, 842297.738625787431374 ], [ 135314.530320563761052, 844185.451379584963433 ], [ 135017.01716615119949, 844152.145227106637321 ] ] } },
{ "type": "Feature", "properties": { "location": null, "name": null, "phases": null, "osm_id": "68849725", "source": "OS_OpenData_VectorMap_District", "brand": null, "cables": "6", "circuits": "2", "voltage": "400000", "max_voltage": 400000.0, "ref": null, "owner": null, "operator": "SSEN Transmission", "len": 34064.99784147762 }, "geometry": { "type": "LineString", "coordinates": [ [ 343532.995984209585004, 848528.240368567057885 ], [ 344137.512850060593337, 849108.389620339381509 ], [ 344021.735963124898262, 849792.395139487693086 ], [ 345802.811589079035912, 851378.054351986618713 ], [ 346869.666893665445969, 851512.609522939659655 ], [ 351525.033843499433715, 850768.976966898189858 ], [ 352755.916466301190667, 850776.069694936042652 ], [ 354293.139222455967683, 848035.085206504329108 ], [ 357342.48484666942386, 844098.643938531517051 ], [ 359103.412534412927926, 843096.599555687396787 ], [ 361454.731876738893334, 841456.8431662482908 ], [ 366170.879723959020339, 839915.554216724354774 ], [ 368941.95381558011286, 835572.409017208381556 ] ] } },
{ "type": "Feature", "properties": { "location": null, "name": null, "phases": null, "osm_id": "68849732", "source": "OS_OpenData_VectorMap_District", "brand": null, "cables": "6", "circuits": "2", "voltage": "400000", "max_voltage": 400000.0, "ref": "VND", "owner": null, "operator": "SSEN Transmission", "len": 29997.330583281731 }, "geometry": { "type": "LineString", "coordinates": [ [ 382998.026235131837893, 844659.22331951581873 ], [ 383807.936796569614671, 845448.24889152997639 ], [ 386481.15087988396408, 845333.69374422961846 ], [ 391895.447825627401471, 844725.175517901778221 ], [ 394262.238885878585279, 843539.534606273286045 ], [ 397266.119544787623454, 843493.610869474476203 ], [ 400170.265233558660839, 843156.15129752876237 ], [ 402287.115135738335084, 843236.429191181319766 ], [ 404968.676504792005289, 844093.412621001014486 ], [ 407275.490431590995286, 843741.535008920356631 ], [ 408193.616758997261059, 843983.196615277789533 ], [ 410284.797193870006595, 843723.744318332057446 ], [ 411176.852316999225877, 843048.605821461067535 ], [ 411895.356124993064441, 842951.048058049520478 ] ] } },
{ "type": "Feature", "properties": { "location": null, "name": null, "phases": null, "osm_id": "68849746", "source": "OS7", "brand": null, "cables": "6", "circuits": null, "voltage": "132000", "max_voltage": 132000.0, "ref": null, "owner": null, "operator": null, "len": 6133.611134355624 }, "geometry": { "type": "LineString", "coordinates": [ [ 411521.058479434461333, 843062.223857847624458 ], [ 409847.247559606155846, 844253.185718025779352 ], [ 409767.695640323450789, 845222.573111787671223 ], [ 409991.886435781314503, 847222.797741196467541 ], [ 410717.001357509929221, 848041.895557296345942 ] ] } },
{ "type": "Feature", "properties": { "location": null, "name": null, "phases": null, "osm_id": "68849761", "source": null, "brand": null, "cables": "6", "circuits": "2", "voltage": "132000", "max_voltage": 132000.0, "ref": null, "owner": null, "operator": null, "len": 7891.1455802463861 }, "geometry": { "type": "LineString", "coordinates": [ [ 403159.532853344106115, 857561.699364038766362 ], [ 400720.268730092269834, 855787.225121638039127 ], [ 395897.675408451235853, 855076.185329802683555 ] ] } },
{ "type": "Feature", "properties": { "location": null, "name": null, "phases": null, "osm_id": "68849816", "source": "OS_OpenData_VectorMap_District", "brand": null, "cables": "6", "circuits": "2", "voltage": "275000", "max_voltage": 275000.0, "ref": "VX2;PX", "owner": null, "operator": "SSEN Transmission", "len": 15431.839917755378 }, "geometry": { "type": "LineString", "coordinates": [ [ 389452.343242478033062, 821260.34927519375924 ], [ 387414.342212967632804, 819818.196788667119108 ], [ 385507.279791493725497, 816179.148498292197473 ], [ 384262.242949799692724, 815205.978229543892667 ], [ 381852.407992774154991, 815169.235130206681788 ], [ 379396.448913013620768, 814455.845334429526702 ], [ 377682.211987526970915, 814436.333230578573421 ], [ 377165.046154654293787, 814209.966520073707215 ] ] } },
{ "type": "Feature", "properties": { "location": null, "name": null, "phases": null, "osm_id": "68849820", "source": null, "brand": null, "cables": "6", "circuits": "2", "voltage": "275000", "max_voltage": 275000.0, "ref": "VP;PX", "owner": null, "operator": "SSEN Transmission", "len": 12791.1074029416 }, "geometry": { "type": "LineString", "coordinates": [ [ 389452.343242478033062, 821260.34927519375924 ], [ 390721.163153885107022, 820134.993065731599927 ], [ 391466.987768042541575, 817990.073759428225458 ], [ 391780.85175405087648, 816411.483695741393603 ], [ 391693.587400143325794, 811365.887504298938438 ], [ 391988.324263343703933, 810416.562210880802013 ], [ 391664.410037940950133, 809287.738804166321643 ] ] } },
{ "type": "Feature", "properties": { "location": null, "name": null, "phases": null, "osm_id": "68849834", "source": "OS_OpenData_VectorMap_District", "brand": null, "cables": "6", "circuits": "2", "voltage": "132000", "max_voltage": 132000.0, "ref": null, "owner": null, "operator": null, "len": 38783.122682785681 }, "geometry": { "type": "LineString", "coordinates": [ [ 352489.504192109161522, 807226.706127839162946 ], [ 354311.345550461497623, 807723.110884943511337 ], [ 365170.211176350712776, 805904.063740977901034 ], [ 369737.445139337622095, 806437.520705789211206 ], [ 371119.809765143727418, 805930.498726973659359 ], [ 372539.636008669156581, 805410.289540318073705 ], [ 372809.693394407338928, 805311.408326491247863 ], [ 373101.827665883582085, 805204.462968718726188 ], [ 373365.112161697819829, 805108.100687535479665 ], [ 378306.225087298895232, 804112.547045534127392 ], [ 380324.510168287961278, 804014.404428302776068 ], [ 380687.135245593963191, 803995.505709169083275 ], [ 380960.916489970055409, 803983.662465154775418 ], [ 381957.461106663453393, 803935.723243563203141 ], [ 382264.966235177242197, 803920.979651332134381 ], [ 382500.075850527384318, 803909.717498164856806 ], [ 382772.087819265958387, 803896.710583380772732 ], [ 383427.057339547784068, 803866.916597150149755 ], [ 384012.215369348064996, 803836.073171211290173 ], [ 384676.649348115490284, 803810.192102254019119 ], [ 386510.134796633326914, 803714.933739422238432 ], [ 387169.384483237226959, 803684.283310004160739 ], [ 388684.445171724306419, 804154.231863647582941 ], [ 389444.654415327589959, 803934.809339687344618 ], [ 390492.30573799519334, 804361.83602354710456 ] ] } },
{ "type": "Feature", "properties": { "location": null, "name": null, "phases": null, "osm_id": "68849837", "source": "OS_OpenData_VectorMap_District", "brand": null, "cables": "6", "circuits": "2", "voltage": "132000", "max_voltage": 132000.0, "ref": null, "owner": null, "operator": "SSEN Transmission", "len": 6741.4664960217906 }, "geometry": { "type": "LineString", "coordinates": [ [ 390749.755981523019727, 804426.411712817731313 ], [ 390297.130887032253668, 803597.328455025213771 ], [ 390427.737955434655305, 802211.45004190003965 ], [ 391216.990010829700623, 801596.987242260947824 ], [ 392085.366747145657428, 801450.269557750085369 ], [ 393940.057130375993438, 801993.768108648830093 ], [ 394528.812912427238189, 801939.529910059645772 ] ] } },
{ "type": "Feature", "properties": { "location": null, "name": null, "phases": null, "osm_id": "68849841", "source": "OS_OpenData_VectorMap_District", "brand": null, "cables": "3", "circuits": null, "voltage": "132000", "max_voltage": 132000.0, "ref": null, "owner": null, "operator": null, "len": 40717.549491707774 }, "geometry": { "type": "LineString", "coordinates": [ [ 377086.125550196215045, 814158.852734502172098 ], [ 376989.154634924896527, 813107.431474994984455 ], [ 381159.692772387585137, 810220.755868755746633 ], [ 382265.419095244433265, 809662.196671490906738 ], [ 386702.649145978211891, 805542.320145940524526 ], [ 386510.134796633326914, 803714.933739422238432 ], [ 387821.388768905890174, 802475.02129620173946 ], [ 387938.792120827769395, 801721.418192404438742 ], [ 389788.220782553544268, 800066.597125785774551 ], [ 388509.174526997259818, 797335.373702172073536 ], [ 387559.961792290152516, 794279.673483547172509 ], [ 387270.770489881047979, 792926.463239624164999 ], [ 385108.804029285616707, 788962.789836272015236 ], [ 384855.822874898673035, 787736.592978740343824 ], [ 384259.935095480526797, 786553.207055998151191 ], [ 383304.714173355721869, 785298.920155800879002 ], [ 381835.822858475381508, 781666.130587997264229 ], [ 381725.93711473105941, 781490.897840682184324 ], [ 381737.151763790694531, 781502.314149089972489 ] ] } },
{ "type": "Feature", "properties": { "location": null, "name": null, "phases": null, "osm_id": "68978019", "source": "OS_OpenData_VectorMap_District", "brand": null, "cables": "3", "circuits": null, "voltage": "132000", "max_voltage": 132000.0, "ref": null, "owner": null, "operator": null, "len": 14535.796575129272 }, "geometry": { "type": "LineString", "coordinates": [ [ 228055.15005534584634, 598475.757763076457195 ], [ 230856.274627318343846, 599320.618251442792825 ], [ 231357.246104438236216, 600598.52943375101313 ], [ 233371.514401294552954, 601996.522871929686517 ], [ 233068.517517093394417, 603544.175054941908456 ], [ 232136.335223299654899, 604901.900866083102301 ], [ 232225.666415700979996, 605592.281593619845808 ], [ 231226.41949410457164, 606527.802453959127888 ], [ 231019.317071956465952, 607159.12556739570573 ], [ 229890.672797315841308, 608602.439551704679616 ] ] } },
{ "type": "Feature", "properties": { "location": null, "name": null, "phases": null, "osm_id": "68978979", "source": "OS_OpenData_VectorMap_District", "brand": null, "cables": "6", "circuits": "2", "voltage": "132000", "max_voltage": 132000.0, "ref": "GL", "owner": null, "operator": "SSEN Transmission", "len": 16349.818833696081 }, "geometry": { "type": "LineString", "coordinates": [ [ 216143.036420921504032, 679805.569859806797467 ], [ 214621.718698054493871, 680443.678038972662762 ], [ 214133.024999660206959, 681833.61097359796986 ], [ 214525.693121247953968, 683580.708788563264534 ], [ 215761.071145781432278, 684041.447037488338538 ], [ 215788.614896948449314, 685400.296597655513324 ], [ 217631.561724818166113, 687820.207689933129586 ], [ 218631.18112942649168, 689921.546347327181138 ], [ 219389.619074168382213, 690591.94890036561992 ], [ 219777.257119581947336, 691528.49229169357568 ], [ 221046.805359755002428, 692026.75444179342594 ] ] } },
{ "type": "Feature", "properties": { "location": null, "name": null, "phases": null, "osm_id": "68979177", "source": "OS_OpenData_VectorMap_District", "brand": null, "cables": "6", "circuits": "2", "voltage": "400000;275000", "max_voltage": 400000.0, "ref": "XF", "owner": null, "operator": "SP Energy Networks", "len": 12508.945149160147 }, "geometry": { "type": "LineString", "coordinates": [ [ 243144.279301816481166, 666736.511647165752947 ], [ 243373.062959237926407, 667233.196686967159621 ], [ 245198.365049659565557, 667558.998588972142898 ], [ 246357.017323974316241, 669648.744698170223273 ], [ 246652.741667606809642, 670937.388093938818201 ], [ 247606.266803554375656, 672108.810069379047491 ], [ 247588.37856359250145, 672682.629436894436367 ], [ 248263.620330667326925, 673505.822441708529368 ], [ 249008.24583992845146, 673590.568187466706149 ], [ 249401.368700793100288, 673633.242531723924913 ], [ 249715.76234332221793, 673671.207518914714456 ], [ 251492.390172817016719, 673492.810252139111981 ] ] } },
{ "type": "Feature", "properties": { "location": null, "name": null, "phases": null, "osm_id": "68979392", "source": "OS_OpenData_VectorMap_District", "brand": null, "cables": "6", "circuits": "2", "voltage": "275000", "max_voltage": 275000.0, "ref": "YJ", "owner": null, "operator": "SP Energy Networks", "len": 15443.369132735375 }, "geometry": { "type": "LineString", "coordinates": [ [ 295515.738038678537123, 685467.807108463137411 ], [ 296069.881227746082004, 686128.282729519647546 ], [ 298279.00783829530701, 686589.016920478898101 ], [ 300344.425035341293551, 687744.176767409429885 ], [ 303013.159366762498394, 688372.440883835894056 ], [ 304792.896216245542746, 688424.210609809029847 ], [ 306419.118673067714553, 689175.10423642245587 ], [ 310014.613803210901096, 689771.751181195024401 ] ] } },
{ "type": "Feature", "properties": { "location": null, "name": null, "phases": null, "osm_id": "68979401", "source": "OS_OpenData_VectorMap_District", "brand": null, "cables": "6", "circuits": "2", "voltage": "275000", "max_voltage": 275000.0, "ref": "YG", "owner": null, "operator": null, "len": 3945.7219990111134 }, "geometry": { "type": "LineString", "coordinates": [ [ 295230.707557275134604, 685529.577336528338492 ], [ 292851.233574343961664, 687274.614380166283809 ], [ 292590.358002807712182, 688234.755522743333131 ] ] } },
{ "type": "Feature", "properties": { "location": null, "name": null, "phases": null, "osm_id": "68979414", "source": "OS_OpenData_VectorMap_District", "brand": null, "cables": "6", "circuits": "2", "voltage": "275000", "max_voltage": 275000.0, "ref": "ZCS", "owner": null, "operator": "SP Energy Networks", "len": 21028.955676006753 }, "geometry": { "type": "LineString", "coordinates": [ [ 295354.139156641147565, 685577.143857997725718 ], [ 294784.416914199478924, 687646.173603158211336 ], [ 294825.563787436753046, 688500.504171444452368 ], [ 293690.596560350793879, 689753.693769306060858 ], [ 293211.867056394694373, 689683.528420173097402 ], [ 292817.607860250514932, 689625.312819226179272 ], [ 292517.950675614294596, 689581.052861368167214 ], [ 292395.057791710132733, 689562.864985891035758 ], [ 291678.844062966236379, 689459.212003925116733 ], [ 288915.959613260463811, 691730.862649295129813 ], [ 288061.920788555988111, 691565.471734329592437 ], [ 287555.233957420859952, 690016.400698861572891 ], [ 286810.982124553062022, 687021.250253897742368 ], [ 284267.114868499047589, 686223.540429959073663 ], [ 282806.32219090173021, 685335.703842631541193 ], [ 282582.239151276473422, 684603.860151057131588 ] ] } },
{ "type": "Feature", "properties": { "location": null, "name": null, "phases": null, "osm_id": "68979483", "source": "OS_OpenData_VectorMap_District", "brand": null, "cables": "6", "circuits": "2", "voltage": "275000", "max_voltage": 275000.0, "ref": "SY", "owner": null, "operator": "SSEN Transmission", "len": 66962.301913464631 }, "geometry": { "type": "LineString", "coordinates": [ [ 328988.338401390297804, 747001.285105194780044 ], [ 329492.071415190061089, 747288.778877623262815 ], [ 331008.83566699270159, 751905.736736505292356 ], [ 332799.308746404014528, 753566.78154610528145 ], [ 333444.577897276263684, 755373.570588790462352 ], [ 337372.900394955882803, 757831.831823239685036 ], [ 338963.246205890900455, 757875.808938077068888 ], [ 340379.00931627699174, 758330.525334756588563 ], [ 341054.22610252868617, 758172.87548155314289 ], [ 343592.33610511344159, 760229.859287131810561 ], [ 345863.595449699671008, 761523.224486541934311 ], [ 346452.985424810671248, 762388.619089048705064 ], [ 347528.893801632802933, 763146.871842921129428 ], [ 348731.283820877841208, 765055.914141429355368 ], [ 350420.609605952631682, 765825.997742394451052 ], [ 353339.805097725882661, 767502.409888642956503 ], [ 354906.282619479985442, 767818.45509964262601 ], [ 356350.168087057420053, 768740.085296898731031 ], [ 358465.125624568841886, 772196.243893559556454 ], [ 358680.252673542825505, 773059.789772036252543 ], [ 359670.678767414356116, 773358.731390867964365 ], [ 361045.87390128406696, 774215.198593919049017 ], [ 363404.399471367651131, 776007.591095532989129 ], [ 364844.795598470140249, 776694.529724872088991 ], [ 366048.800358157255687, 776663.0104695931077 ], [ 367231.555672794696875, 777592.243701313156635 ], [ 367858.206266053835861, 778922.436633524950594 ], [ 369808.437223428161815, 779528.786191000486724 ], [ 371229.876823578437325, 779639.8362378483871 ], [ 376072.553099217824638, 783615.003454565536231 ], [ 377377.653940435964614, 784461.867473326041363 ], [ 378871.427884180331603, 785937.305765683646314 ] ] } },
{ "type": "Feature", "properties": { "location": null, "name": null, "phases": null, "osm_id": "68979493", "source": "OS_OpenData_VectorMap_District", "brand": null, "cables": "6", "circuits": "2", "voltage": "275000", "max_voltage": 275000.0, "ref": "XM", "owner": null, "operator": "SP Energy Networks", "len": 9691.3931204353157 }, "geometry": { "type": "LineString", "coordinates": [ [ 288824.809221213159617, 685587.305545704439282 ], [ 288940.138641245779581, 684820.590892608044669 ], [ 289833.883561477763578, 683918.074762614793144 ], [ 290566.466706902545411, 682045.303709925967269 ], [ 290651.283940034511033, 680509.435407073004171 ], [ 291081.74706255691126, 679998.034137069014832 ], [ 292794.182603161665611, 679498.536692705471069 ], [ 294431.141722986358218, 679655.560001037782058 ] ] } },
{ "type": "Feature", "properties": { "location": null, "name": null, "phases": null, "osm_id": "68979509", "source": "OS_OpenData_VectorMap_District", "brand": null, "cables": "6", "circuits": "2", "voltage": "132000", "max_voltage": 132000.0, "ref": null, "owner": null, "operator": null, "len": 6872.5350392826886 }, "geometry": { "type": "LineString", "coordinates": [ [ 284186.301497333392035, 680882.102699137059972 ], [ 285644.569960096676368, 681813.733326210058294 ], [ 287587.50044456217438, 681711.834085325943306 ], [ 287995.224026068404783, 682291.585560729145072 ], [ 289480.589819188753609, 682473.320072558592074 ], [ 289849.81773559137946, 681553.383542880881578 ] ] } },
{ "type": "Feature", "properties": { "location": null, "name": null, "phases": null, "osm_id": "68979560", "source": "OS_OpenData_VectorMap_District", "brand": null, "cables": "6", "circuits": "2", "voltage": "132000", "max_voltage": 132000.0, "ref": null, "owner": null, "operator": null, "len": 18302.063878754288 }, "geometry": { "type": "LineString", "coordinates": [ [ 284150.77753337851027, 680881.009886133600958 ], [ 284458.17599333851831, 678248.907790268189274 ], [ 286092.461438015627209, 677018.657564864493906 ], [ 288757.463553178822622, 676526.808275961433537 ], [ 290959.363929558661766, 675550.898256703629158 ], [ 292354.006752615212463, 674425.191544727073051 ], [ 293069.19086127000628, 671806.366601047338918 ], [ 294350.401393759122584, 670464.3402381001506 ], [ 294877.872736271005124, 669676.26796442666091 ], [ 295027.335963522200473, 669453.001039383583702 ], [ 295191.302009860635735, 669208.098515375051647 ], [ 295363.520995264872909, 668950.87742471403908 ], [ 295532.856916768592782, 668697.998287508380599 ] ] } },
{ "type": "Feature", "properties": { "location": null, "name": null, "phases": null, "osm_id": "68979576", "source": "OS_OpenData_VectorMap_District", "brand": null, "cables": "6", "circuits": "2", "voltage": "132000", "max_voltage": 132000.0, "ref": null, "owner": null, "operator": null, "len": 4697.2386202127445 }, "geometry": { "type": "LineString", "coordinates": [ [ 295559.361382669361774, 668657.584627074305899 ], [ 295286.452421286667231, 667888.484471782576293 ], [ 295937.652499163639732, 667018.143601444782689 ], [ 298731.794960922095925, 667028.154672032920644 ] ] } },
{ "type": "Feature", "properties": { "location": null, "name": null, "phases": null, "osm_id": "68979595", "source": "OS_OpenData_VectorMap_District", "brand": null, "cables": "6", "circuits": null, "voltage": "132000", "max_voltage": 132000.0, "ref": null, "owner": null, "operator": null, "len": 10882.996404819205 }, "geometry": { "type": "LineString", "coordinates": [ [ 284024.884392865526024, 680872.006598856532946 ], [ 284410.478267614322249, 678295.833508619689383 ], [ 283232.853381155757234, 677295.327275156392716 ], [ 281399.908816913492046, 676358.896947346511297 ], [ 279444.228691160795279, 674805.649964051437564 ], [ 278026.543547093868256, 674107.558961260016076 ], [ 277508.13139546912862, 674403.390689775929786 ] ] } },
{ "type": "Feature", "properties": { "location": null, "name": null, "phases": null, "osm_id": "68979621", "source": "OS_OpenData_VectorMap_District", "brand": null, "cables": "6", "circuits": "2", "voltage": "275000", "max_voltage": 275000.0, "ref": "XR", "owner": null, "operator": "SP Energy Networks", "len": 15954.397651135823 }, "geometry": { "type": "LineString", "coordinates": [ [ 279187.063822044467088, 654056.469801895669661 ], [ 280328.17934829799924, 653532.04693404759746 ], [ 280886.834757270873524, 654098.934360687970184 ], [ 282205.007991143851541, 654590.394124621525407 ], [ 282953.560331837332342, 654552.043178257416002 ], [ 284359.098818473110441, 655375.1256781819975 ], [ 284823.5015571488766, 657177.90463454509154 ], [ 283177.445825162285473, 659811.765866168425418 ], [ 281774.105769719637465, 659872.792842856957577 ], [ 280056.710948007006664, 660271.655110968393274 ], [ 278598.559699376288336, 660855.022983480477706 ], [ 278230.630129347613547, 660670.387074585305527 ] ] } },
{ "type": "Feature", "properties": { "location": null, "name": null, "phases": null, "osm_id": "68979639", "source": "OS_OpenData_VectorMap_District", "brand": null, "cables": "6", "circuits": "2", "voltage": "275000;0", "max_voltage": 275000.0, "ref": "XX", "owner": null, "operator": "SP Energy Networks", "len": 14937.263414340428 }, "geometry": { "type": "LineString", "coordinates": [ [ 278184.104012900788803, 660804.237536477623507 ], [ 278462.422989736136515, 661395.702217097626999 ], [ 278524.866138193872757, 662909.704813850228675 ], [ 279138.421196668350603, 663853.948966955184005 ], [ 279299.104286953806877, 665485.128606857964769 ], [ 277269.300462523882743, 667042.320761561393738 ], [ 276403.332861188566312, 667426.941775222541764 ], [ 275475.508949531649705, 668415.045182820409536 ], [ 272742.17054656741675, 667607.266500848578289 ], [ 271606.432428071158938, 667684.95078942400869 ], [ 270608.776610683649778, 667106.409005559398793 ] ] } },
{ "type": "Feature", "properties": { "location": null, "name": null, "phases": null, "osm_id": "68979695", "source": "OS_OpenData_VectorMap_District", "brand": null, "cables": "6", "circuits": "2", "voltage": "275000", "max_voltage": 275000.0, "ref": "YQ", "owner": null, "operator": "SP Energy Networks", "len": 3017.31762967342 }, "geometry": { "type": "LineString", "coordinates": [ [ 278149.509952697379049, 660706.042654417455196 ], [ 276433.715438582003117, 661366.77731672115624 ], [ 275258.213952398858964, 661280.025405800435692 ] ] } },
{ "type": "Feature", "properties": { "location": null, "name": null, "phases": null, "osm_id": "68979755", "source": "OS_OpenData_VectorMap_District", "brand": null, "cables": "6", "circuits": "2", "voltage": "275000", "max_voltage": 275000.0, "ref": "YD", "owner": null, "operator": "SP Energy Networks", "len": 2455.9245685781748 }, "geometry": { "type": "LineString", "coordinates": [ [ 253256.339526484487578, 671747.591002303524874 ], [ 253032.974735902069369, 671795.601500571123324 ], [ 252362.438409119524295, 672162.707285646116361 ], [ 251731.974802802142221, 672634.260022619389929 ], [ 251479.586781210324261, 673261.058269679429941 ] ] } },
{ "type": "Feature", "properties": { "location": null, "name": null, "phases": null, "osm_id": "68979760", "source": "OS_OpenData_VectorMap_District", "brand": null, "cables": "6", "circuits": "2", "voltage": "132000", "max_voltage": 132000.0, "ref": null, "owner": null, "operator": null, "len": 2094.655033832993 }, "geometry": { "type": "LineString", "coordinates": [ [ 251645.543562397913774, 673192.712598476675339 ], [ 251794.651526625471888, 672655.010378159349784 ], [ 252416.163982556550764, 672177.701958902529441 ], [ 253075.75311741878977, 671814.419144143117592 ] ] } },
{ "type": "Feature", "properties": { "location": null, "name": null, "phases": null, "osm_id": "68979883", "source": "OS_OpenData_VectorMap_District", "brand": null, "cables": null, "circuits": "2", "voltage": "132000", "max_voltage": 132000.0, "ref": null, "owner": null, "operator": null, "len": 2544.1467651853845 }, "geometry": { "type": "LineString", "coordinates": [ [ 245536.555971781141125, 663485.760722450795583 ], [ 244181.940204432263272, 663505.675738597172312 ], [ 243220.458697184949415, 664205.810777252539992 ] ] } },
{ "type": "Feature", "properties": { "location": null, "name": null, "phases": null, "osm_id": "68979901", "source": "OS_OpenData_VectorMap_District", "brand": null, "cables": "6", "circuits": "2", "voltage": "400000;275000", "max_voltage": 400000.0, "ref": "XF", "owner": null, "operator": "SP Energy Networks", "len": 1293.9945827951803 }, "geometry": { "type": "LineString", "coordinates": [ [ 244552.6729959679069, 660242.472789553343318 ], [ 243316.517993864079472, 660625.020552684902214 ] ] } },
{ "type": "Feature", "properties": { "location": null, "name": null, "phases": null, "osm_id": "68979962", "source": "OS_OpenData_VectorMap_District", "brand": null, "cables": "6", "circuits": "2", "voltage": "132000", "max_voltage": 132000.0, "ref": "BZ", "owner": null, "operator": "SP Energy Networks", "len": 1077.1697209774543 }, "geometry": { "type": "LineString", "coordinates": [ [ 246510.896214910841081, 668491.133233838598244 ], [ 246346.629367156332592, 669555.704044315498322 ] ] } },
{ "type": "Feature", "properties": { "location": null, "name": null, "phases": null, "osm_id": "68979968", "source": "OS_OpenData_VectorMap_District", "brand": null, "cables": "3", "circuits": "1", "voltage": "132000", "max_voltage": 132000.0, "ref": null, "owner": null, "operator": "SP Energy Networks", "len": 16625.58916632145 }, "geometry": { "type": "LineString", "coordinates": [ [ 244875.883073775767116, 670732.557395697222091 ], [ 243725.276621196127962, 672030.38224445655942 ], [ 242927.791562531230738, 672082.570970700937323 ], [ 242123.954957497917349, 672726.30218470050022 ], [ 240704.251576513866894, 672816.984741113032214 ], [ 240120.311106939974707, 670937.914070859202184 ], [ 238751.551161885028705, 670551.035602128598839 ], [ 234020.467640051152557, 672269.362265480915084 ], [ 231946.924923745595152, 672199.565615508123301 ], [ 230859.082667160459096, 672544.647269739652984 ] ] } },
{ "type": "Feature", "properties": { "location": null, "name": null, "phases": null, "osm_id": "68979982", "source": "OS_OpenData_VectorMap_District", "brand": null, "cables": "6", "circuits": "2", "voltage": "400000", "max_voltage": 400000.0, "ref": "ZR", "owner": null, "operator": "SP Energy Networks", "len": 2099.114178704534 }, "geometry": { "type": "LineString", "coordinates": [ [ 230892.304065632604761, 672432.033731366624124 ], [ 231638.613166865776293, 670470.069648959673941 ] ] } },
{ "type": "Feature", "properties": { "location": null, "name": "Scottish Power Neilston-Hunterston", "phases": null, "osm_id": "68980032", "source": "OS_OpenData_VectorMap_District", "brand": null, "cables": "6", "circuits": "2", "voltage": "400000", "max_voltage": 400000.0, "ref": "XB", "owner": null, "operator": "SP Energy Networks", "len": 31417.715849246913 }, "geometry": { "type": "LineString", "coordinates": [ [ 218547.651298577809939, 651087.618080969667062 ], [ 218890.309693359624362, 650394.462067113490775 ], [ 219977.12994300655555, 649585.284113907837309 ], [ 222045.514179667981807, 649418.988241369952448 ], [ 225088.765865766996285, 649340.344139498192817 ], [ 226686.758806628728053, 651218.437734076287597 ], [ 227985.448302462580614, 651759.910831734421663 ], [ 228945.273782763135387, 651400.690576523193158 ], [ 230828.459238533105236, 651394.926096979645081 ], [ 231449.468116011965321, 651647.427093204227276 ], [ 233787.693491604557494, 651809.152377765625715 ], [ 234950.56198412986123, 652905.788396872929297 ], [ 236152.325866448663874, 653732.779146187705919 ], [ 238663.45278242698987, 654267.782109928783029 ], [ 241451.153628700616537, 655373.120123167522252 ], [ 242018.013498288375558, 656631.53541061503347 ], [ 244266.678451139800018, 658172.262475022929721 ], [ 244551.062708307930734, 659792.879783440730534 ] ] } },
{ "type": "Feature", "properties": { "location": null, "name": "Scottish Power Kilmarnock South-Strathaven", "phases": null, "osm_id": "68980083", "source": "OS_OpenData_VectorMap_District", "brand": null, "cables": "6", "circuits": "2", "voltage": "400000", "max_voltage": 400000.0, "ref": "XV", "owner": null, "operator": "SP Transmission", "len": 35002.069740936146 }, "geometry": { "type": "LineString", "coordinates": [ [ 244861.848747149691917, 634081.805080533376895 ], [ 245280.991797308524838, 633971.256313413148746 ], [ 246664.01620666537201, 635150.9608713099733 ], [ 247367.13920218925341, 636866.156326100113802 ], [ 250093.311658933758736, 639028.379735385184176 ], [ 252520.265878314385191, 638547.444481141865253 ], [ 256299.633688642061315, 638947.618682267027907 ], [ 260465.468096470955061, 639524.595722804195248 ], [ 262461.466138985473663, 642542.862061871681362 ], [ 263987.834429939801339, 645174.317930126795545 ], [ 264049.176561726955697, 645901.481865355279297 ], [ 265736.768883207463659, 649464.012111627613194 ], [ 266640.816534375480842, 649954.138043003971688 ], [ 268943.471288243948948, 653239.237900988664478 ], [ 269443.405740687099751, 652976.576389790745452 ] ] } },
{ "type": "Feature", "properties": { "location": null, "name": "Neilston-Busby", "phases": null, "osm_id": "68980140", "source": "OS_OpenData_VectorMap_District", "brand": null, "cables": "6", "circuits": "2", "voltage": "275000", "max_voltage": 275000.0, "ref": "XG", "owner": null, "operator": "SP Energy Networks", "len": 19732.341174565387 }, "geometry": { "type": "LineString", "coordinates": [ [ 258236.636229555355385, 655652.110871016629972 ], [ 257678.44327517147758, 653362.225221369066276 ], [ 256456.560455343482317, 653559.712125973077491 ], [ 255347.23634036508156, 653398.407959386357106 ], [ 252976.072889913222753, 653373.477359907352366 ], [ 252133.97063446912216, 654693.095398550154641 ], [ 248888.255484223627718, 656234.82431132264901 ], [ 245887.039192635100335, 655805.998947896296158 ], [ 245556.89925867668353, 656064.514675046433695 ], [ 245384.376673895370914, 658622.274145837058313 ], [ 244885.985221907700179, 660007.45190718548838 ] ] } },
{ "type": "Feature", "properties": { "location": null, "name": null, "phases": null, "osm_id": "68980187", "source": "OS_OpenData_VectorMap_District", "brand": null, "cables": "6", "circuits": "2", "voltage": "275000", "max_voltage": 275000.0, "ref": "YZ", "owner": null, "operator": "SP Energy Networks", "len": 5011.094672602414 }, "geometry": { "type": "LineString", "coordinates": [ [ 262555.027347711031325, 656971.122760007157922 ], [ 264069.380329523060936, 657503.333477875334211 ], [ 265306.438467462314293, 657630.753210025723092 ], [ 266276.578040603431873, 657270.369579491321929 ], [ 267398.796085910871625, 657378.604325670399703 ] ] } },
{ "type": "Feature", "properties": { "location": null, "name": null, "phases": null, "osm_id": "68980223", "source": "OS_OpenData_VectorMap_District", "brand": null, "cables": "6", "circuits": "2", "voltage": "275000", "max_voltage": 275000.0, "ref": "ZE", "owner": null, "operator": "SP Energy Networks", "len": 5568.030647564372 }, "geometry": { "type": "LineString", "coordinates": [ [ 265492.912713547004387, 661055.954258857178502 ], [ 265939.302425750298426, 661424.96140908729285 ], [ 267166.213179192971438, 660917.851325160823762 ], [ 267605.982105672010221, 660035.291138130356558 ], [ 267666.274813888885546, 658557.825404591974802 ], [ 267435.123706305515952, 657383.831208676914684 ] ] } },
{ "type": "Feature", "properties": { "location": null, "name": null, "phases": null, "osm_id": "68980356", "source": "OS_OpenData_VectorMap_District", "brand": null, "cables": null, "circuits": "2", "voltage": "132000", "max_voltage": 132000.0, "ref": null, "owner": null, "operator": null, "len": 8083.1032762735686 }, "geometry": { "type": "LineString", "coordinates": [ [ 224157.498389518703334, 642872.752631802926771 ], [ 224475.842683058639523, 644447.712773884064518 ], [ 222690.887908601434901, 645895.114944271743298 ], [ 222343.983302694861777, 647059.444608291145414 ], [ 221544.813921387685696, 647804.003626374644227 ], [ 220652.134476847713813, 649448.393429930554703 ] ] } },
{ "type": "Feature", "properties": { "location": null, "name": null, "phases": null, "osm_id": "68980366", "source": "Bing", "brand": null, "cables": "6", "circuits": "2", "voltage": "132000", "max_voltage": 132000.0, "ref": null, "owner": null, "operator": null, "len": 12384.790191607359 }, "geometry": { "type": "LineString", "coordinates": [ [ 220652.134476847713813, 649448.393429930554703 ], [ 222255.406527924787952, 648779.574975899420679 ], [ 224473.831531166331843, 648339.190271193045191 ], [ 225544.619378615549067, 646628.052857282222249 ], [ 228042.908887494675582, 645410.257837784127332 ], [ 230539.660380079207243, 645162.25524620176293 ], [ 231459.29773286744603, 644597.881392750772648 ] ] } },
{ "type": "Feature", "properties": { "location": null, "name": null, "phases": null, "osm_id": "68980381", "source": "Bing", "brand": null, "cables": "6", "circuits": "2", "voltage": "132000", "max_voltage": 132000.0, "ref": null, "owner": null, "operator": null, "len": 13518.831304051477 }, "geometry": { "type": "LineString", "coordinates": [ [ 231536.354258105682675, 644613.330365198315121 ], [ 232891.740434354316676, 643979.821170934126712 ], [ 234599.368807845923584, 643538.386519543011673 ], [ 236523.840883553610183, 641877.328724374063313 ], [ 236620.893487636407372, 640514.397088956204243 ], [ 235761.038009361393051, 637403.139058415894397 ], [ 235710.275347890419653, 636332.091378573211841 ], [ 233860.555919951963006, 635447.795117826899514 ] ] } },
{ "type": "Feature", "properties": { "location": null, "name": null, "phases": null, "osm_id": "68980444", "source": "OS_OpenData_VectorMap_District", "brand": null, "cables": "6", "circuits": "2", "voltage": "132000", "max_voltage": 132000.0, "ref": "X", "owner": null, "operator": "SP Energy Networks", "len": 4364.2785915505401 }, "geometry": { "type": "LineString", "coordinates": [ [ 246137.488620609423378, 619482.53678765159566 ], [ 245565.622612743522041, 618986.90795656805858 ], [ 242973.357159749051789, 618736.80532815027982 ], [ 241997.300817376264604, 618504.930656394106336 ] ] } },
{ "type": "Feature", "properties": { "location": null, "name": "Scottish Power Colyton-Ayr", "phases": null, "osm_id": "68980452", "source": "OS_OpenData_VectorMap_District", "brand": null, "cables": "6", "circuits": "2", "voltage": "275000", "max_voltage": 275000.0, "ref": "XY", "owner": null, "operator": "SP Energy Networks", "len": 1242.8215971920481 }, "geometry": { "type": "LineString", "coordinates": [ [ 246215.629413588292664, 619734.396884969435632 ], [ 245471.301202646398451, 620729.676261246786453 ] ] } },
{ "type": "Feature", "properties": { "location": null, "name": "Scottish Power Kilmarnock South-Kilmarnock Town XW", "phases": null, "osm_id": "68980460", "source": "OS_OpenData_VectorMap_District", "brand": null, "cables": "6", "circuits": "2", "voltage": "275000", "max_voltage": 275000.0, "ref": "XW", "owner": null, "operator": "SP Energy Networks", "len": 3525.3840411498413 }, "geometry": { "type": "LineString", "coordinates": [ [ 244763.26814634288894, 634422.1425434963312 ], [ 244408.020581937365932, 636207.034410196705721 ], [ 244023.309512889944017, 636626.580690686474554 ], [ 242887.104086507257307, 636616.077872271300294 ] ] } },
{ "type": "Feature", "properties": { "location": null, "name": "Scottish Power Ayr-Coylton", "phases": null, "osm_id": "68980465", "source": "OS_OpenData_VectorMap_District", "brand": null, "cables": "6", "circuits": "2", "voltage": "275000", "max_voltage": 275000.0, "ref": "XZ", "owner": null, "operator": "SP Energy Networks", "len": 9281.7959888386904 }, "geometry": { "type": "LineString", "coordinates": [ [ 236486.933263076411095, 621227.165812236489728 ], [ 237153.866578855260741, 621276.672316365060396 ], [ 240470.782919131219387, 620200.437840473838151 ], [ 241185.058991478959797, 620363.080026204697788 ], [ 241863.671147846442182, 620517.716942304279655 ], [ 242161.908250052889343, 620585.70458072621841 ], [ 242386.445855730824405, 620636.905757838394493 ], [ 244274.623565347719705, 621067.965198012534529 ], [ 245459.069810678047361, 620757.876635323627852 ] ] } },
{ "type": "Feature", "properties": { "location": null, "name": null, "phases": null, "osm_id": "68980483", "source": "OS_OpenData_VectorMap_District", "brand": null, "cables": "6", "circuits": "2", "voltage": "132000", "max_voltage": 132000.0, "ref": "CD", "owner": null, "operator": "SP Energy Networks", "len": 10721.892023460639 }, "geometry": { "type": "LineString", "coordinates": [ [ 229846.569980330881663, 608649.373397616785951 ], [ 230212.613603588833939, 608917.571807249798439 ], [ 233141.954547677509254, 609264.987238514120691 ], [ 234655.665374589909334, 610147.63775936816819 ], [ 239360.422355970338685, 611641.501424354151823 ], [ 239829.773358961276244, 612061.384672605898231 ] ] } },
{ "type": "Feature", "properties": { "location": null, "name": null, "phases": null, "osm_id": "68997898", "source": "OS_OpenData_VectorMap_District", "brand": null, "cables": "6", "circuits": "2", "voltage": "400000", "max_voltage": 400000.0, "ref": "ZA", "owner": null, "operator": "SP Energy Networks", "len": 10229.994893604611 }, "geometry": { "type": "LineString", "coordinates": [ [ 339840.784669937274884, 675248.192281739553437 ], [ 340446.101328894321341, 675067.80889025516808 ], [ 340440.161787824297789, 673942.54825106379576 ], [ 339659.505763299879618, 673120.71278173069004 ], [ 339438.758214330417104, 671231.923892103601247 ], [ 339075.150532011466566, 670349.248320798506029 ], [ 340011.028377210663166, 667586.639808978536166 ], [ 341273.39173955010483, 666659.108930804650299 ] ] } },
{ "type": "Feature", "properties": { "location": null, "name": null, "phases": null, "osm_id": "68997900", "source": null, "brand": null, "cables": "3", "circuits": "1", "voltage": "132000", "max_voltage": 132000.0, "ref": null, "owner": null, "operator": null, "len": 17829.352428166785 }, "geometry": { "type": "LineString", "coordinates": [ [ 347386.410695863596629, 657189.047583968611434 ], [ 346932.685243907617405, 658321.288365285261534 ], [ 346700.373493117222097, 658412.554460386629216 ], [ 344905.186587916570716, 659077.949609032832086 ], [ 344185.953642770298757, 659347.639456229866482 ], [ 343935.08641255350085, 659439.050128370174207 ], [ 343700.824867399118375, 659525.929543243837543 ], [ 343509.863489520619623, 659599.967829376459122 ], [ 341183.964832995261531, 660461.030569061287679 ], [ 338075.851963157183491, 664052.672842303989455 ], [ 337949.124891889980063, 664716.624425407964736 ], [ 335316.10695095435949, 668020.830652739387006 ], [ 335399.457109273644164, 668280.688102077227086 ], [ 335587.875106792955194, 668506.529385917121544 ], [ 335751.490716160624288, 668705.719820822356269 ] ] } },
{ "type": "Feature", "properties": { "location": null, "name": null, "phases": null, "osm_id": "68997902", "source": "OS_OpenData_VectorMap_District", "brand": null, "cables": "3", "circuits": "1", "voltage": "132000", "max_voltage": 132000.0, "ref": null, "owner": null, "operator": null, "len": 26455.105493443007 }, "geometry": { "type": "LineString", "coordinates": [ [ 351501.355020834074821, 635679.907776461914182 ], [ 351651.867175703577232, 636171.846566109103151 ], [ 353246.491633553639986, 635843.104383064550348 ], [ 355849.024740664230194, 636339.316741051967256 ], [ 358260.493501855409704, 635893.95900258270558 ], [ 359585.436390346265398, 636546.510985849890858 ], [ 363587.195733056752943, 636987.116969757713377 ], [ 365315.014440648548771, 637557.774237213539891 ], [ 368057.407629261375405, 639621.963522823760286 ], [ 370755.690121612045914, 640296.744954472989775 ], [ 371674.876435957907233, 640840.650640927720815 ], [ 374684.132696554064751, 641032.201984238228761 ], [ 375905.423388173046988, 642052.09577746829018 ] ] } },
{ "type": "Feature", "properties": { "location": null, "name": null, "phases": null, "osm_id": "68997903", "source": "OS_OpenData_VectorMap_District", "brand": null, "cables": "6", "circuits": "2", "voltage": "132000", "max_voltage": 132000.0, "ref": null, "owner": null, "operator": null, "len": 48994.171108460963 }, "geometry": { "type": "LineString", "coordinates": [ [ 337639.274599528987892, 572396.517003484535962 ], [ 337828.929971163917799, 572951.121554011595435 ], [ 339849.870597318222281, 576496.401234390446916 ], [ 340208.703848630771972, 579501.180889433017001 ], [ 339025.149364879122004, 580447.793519441387616 ], [ 337194.358970301051158, 584206.073986220057122 ], [ 337763.469556663359981, 586309.974052436416969 ], [ 336881.638314547482878, 588172.148890469805337 ], [ 337056.209641100140288, 590459.327941578929313 ], [ 337482.751969771517906, 591159.171448910608888 ], [ 338106.986866352614015, 593613.832738555385731 ], [ 338931.382569264038466, 595806.807678525219671 ], [ 338820.929644999792799, 597096.263454407686368 ], [ 339628.469203462998848, 598447.21954565087799 ], [ 340365.145440943713766, 600125.566637560958043 ], [ 340164.224168491666205, 605477.773779515991919 ], [ 342272.671321659989189, 607748.50307303131558 ], [ 344157.165869497403037, 609137.751843800069764 ], [ 344951.517892063828185, 610799.819497041869909 ], [ 346935.228856324451044, 612580.751686531002633 ], [ 348036.78489785437705, 615766.925344802904874 ] ] } },
{ "type": "Feature", "properties": { "location": null, "name": null, "phases": null, "osm_id": "68997905", "source": "OS_OpenData_VectorMap_District", "brand": null, "cables": "6", "circuits": null, "voltage": "132000", "max_voltage": 132000.0, "ref": null, "owner": null, "operator": null, "len": 1240.3524179233468 }, "geometry": { "type": "LineString", "coordinates": [ [ 348103.258720073034056, 615970.845689311972819 ], [ 348325.293191217991989, 615928.27073243400082 ], [ 348754.851779485936277, 615847.052490857080556 ], [ 349153.470395799609832, 615771.710487360134721 ], [ 349321.648403258703183, 615738.491347437142394 ] ] } },
{ "type": "Feature", "properties": { "location": null, "name": null, "phases": null, "osm_id": "68997909", "source": "OS_OpenData_VectorMap_District", "brand": null, "cables": "3", "circuits": "1", "voltage": "132000", "max_voltage": 132000.0, "ref": null, "owner": null, "operator": null, "len": 25776.328308177148 }, "geometry": { "type": "LineString", "coordinates": [ [ 351525.41566971008433, 636311.589323767344467 ], [ 355041.637922902067658, 637353.661488315323368 ], [ 357010.147759694547858, 638864.562084994278848 ], [ 360185.819727340189274, 639848.72355270513799 ], [ 362064.522461597982328, 640825.352167149423622 ], [ 367494.237503523239866, 642538.650618720334023 ], [ 375386.656324304582085, 642347.616229270352051 ], [ 375905.423388173046988, 642052.09577746829018 ] ] } },
{ "type": "Feature", "properties": { "location": null, "name": null, "phases": null, "osm_id": "68997914", "source": "OS_OpenData_VectorMap_District", "brand": null, "cables": "6", "circuits": "2", "voltage": "132000", "max_voltage": 132000.0, "ref": null, "owner": null, "operator": null, "len": 7797.3989665247282 }, "geometry": { "type": "LineString", "coordinates": [ [ 364330.055330029746983, 676166.579923798330128 ], [ 365623.727596744953189, 673748.267114515649155 ], [ 367246.930608912021853, 673735.605055373744108 ], [ 368367.844968789082486, 673297.182725334190764 ], [ 370539.058090333710425, 673796.767557181883603 ] ] } },
{ "type": "Feature", "properties": { "location": null, "name": null, "phases": null, "osm_id": "68997930", "source": "OS_OpenData_VectorMap_District", "brand": null, "cables": "6", "circuits": "2", "voltage": "132000", "max_voltage": 132000.0, "ref": null, "owner": null, "operator": null, "len": 10099.746573012941 }, "geometry": { "type": "LineString", "coordinates": [ [ 328885.423570077575278, 695362.274652062333189 ], [ 327223.39655830396805, 696128.435240702470765 ], [ 325378.189619832090102, 696721.580563671886921 ], [ 323297.662593924265821, 697695.618100856081583 ], [ 321901.489785810583271, 697633.570958136231638 ], [ 321203.220316561521031, 697151.602382816839963 ], [ 319456.611511398863513, 697534.930388219770975 ] ] } },
{ "type": "Feature", "properties": { "location": null, "name": null, "phases": null, "osm_id": "68997934", "source": "OS_OpenData_VectorMap_District", "brand": null, "cables": "6", "circuits": "2", "voltage": "132000", "max_voltage": 132000.0, "ref": null, "owner": null, "operator": null, "len": 13268.688453833249 }, "geometry": { "type": "LineString", "coordinates": [ [ 336012.157148738100659, 713942.619709381833673 ], [ 335892.051750572747551, 713376.117306445958093 ], [ 336504.391669581644237, 712056.813329995376989 ], [ 335562.178582484018989, 710698.484755221521482 ], [ 335293.219877294206526, 707829.590243809390813 ], [ 333628.52382136171218, 705410.308267591753975 ], [ 333452.090565693913959, 701650.623110144049861 ] ] } },
{ "type": "Feature", "properties": { "location": null, "name": null, "phases": null, "osm_id": "68997936", "source": "OS_OpenData_VectorMap_District", "brand": null, "cables": "6", "circuits": "2", "voltage": "132000", "max_voltage": 132000.0, "ref": null, "owner": null, "operator": null, "len": 6910.1382992621302 }, "geometry": { "type": "LineString", "coordinates": [ [ 319455.880268564680591, 697513.913507668767124 ], [ 318643.899494622135535, 696096.051866719033569 ], [ 319386.005580353958067, 695579.788707223953679 ], [ 319730.997860698029399, 694702.268419798347168 ], [ 320417.959307296550833, 694089.77007232781034 ], [ 321047.168027441308368, 692775.423238077200949 ], [ 321016.987478715484031, 691724.098715829779394 ] ] } },
{ "type": "Feature", "properties": { "location": null, "name": null, "phases": null, "osm_id": "68997940", "source": "OS_OpenData_VectorMap_District", "brand": null, "cables": "6", "circuits": "2", "voltage": "275000", "max_voltage": 275000.0, "ref": "YV", "owner": null, "operator": "SP Energy Networks", "len": 5008.8861958958332 }, "geometry": { "type": "LineString", "coordinates": [ [ 318967.811280600726604, 694959.093704839819111 ], [ 320211.134351770626381, 694150.15293981146533 ], [ 320815.000456336070783, 692768.998542368062772 ], [ 320506.801240813801996, 692019.595993182389066 ], [ 319663.043671602150425, 691155.294095432152972 ] ] } },
{ "type": "Feature", "properties": { "location": null, "name": null, "phases": null, "osm_id": "68997941", "source": "OS_OpenData_VectorMap_District", "brand": null, "cables": "6", "circuits": "2", "voltage": "132000", "max_voltage": 132000.0, "ref": null, "owner": null, "operator": null, "len": 1409.6929772464941 }, "geometry": { "type": "LineString", "coordinates": [ [ 319701.536982122401241, 691149.061908526928164 ], [ 321017.977308830711991, 691653.263412207947113 ] ] } },
{ "type": "Feature", "properties": { "location": null, "name": null, "phases": null, "osm_id": "68997943", "source": "OS_OpenData_VectorMap_District", "brand": null, "cables": "6", "circuits": "2", "voltage": "132000", "max_voltage": 132000.0, "ref": null, "owner": null, "operator": null, "len": 7471.2950254125535 }, "geometry": { "type": "LineString", "coordinates": [ [ 309909.11092616932001, 689417.116859110305086 ], [ 310265.668258518213406, 688982.630031227134168 ], [ 311203.803649427660275, 688970.313338759355247 ], [ 311539.257976630877238, 688122.659312807139941 ], [ 312426.941159642417915, 686940.349504809477367 ], [ 313801.351332079735585, 686128.058961973059922 ], [ 313565.488843136176001, 684157.685206080088392 ] ] } },
{ "type": "Feature", "properties": { "location": null, "name": null, "phases": null, "osm_id": "69156260", "source": "OS_OpenData_VectorMap_District", "brand": null, "cables": "6", "circuits": "2", "voltage": "132000", "max_voltage": 132000.0, "ref": null, "owner": null, "operator": null, "len": 1068.2142543719926 }, "geometry": { "type": "LineString", "coordinates": [ [ 260628.3442688662617, 580501.141964653739706 ], [ 261075.628225142630981, 581471.203177001327276 ] ] } },
{ "type": "Feature", "properties": { "location": null, "name": null, "phases": null, "osm_id": "69156275", "source": "OS_OpenData_VectorMap_District", "brand": null, "cables": "6", "circuits": "2", "voltage": "132000", "max_voltage": 132000.0, "ref": "BG", "owner": null, "operator": "SP Energy Networks", "len": 30017.062352260502 }, "geometry": { "type": "LineString", "coordinates": [ [ 260657.375182272080565, 580447.913813686231151 ], [ 259824.51083819734049, 579468.814517890335992 ], [ 256780.949353812029585, 577939.350566943641752 ], [ 254334.148158275755122, 579071.661283457186073 ], [ 253143.448988624324556, 579295.786127616767772 ], [ 251777.303044967411552, 577759.388476701220497 ], [ 250502.373006433073897, 577336.334195262519643 ], [ 249582.574337725207442, 573715.113695982610807 ], [ 246819.644951101567131, 572632.559249750222079 ], [ 245563.278942979115527, 571602.884491745615378 ], [ 244261.05622019758448, 568868.466486796271056 ], [ 242509.053810853423784, 567276.859060324029997 ], [ 241342.419849535828689, 566782.205763556179591 ], [ 240754.77098374493653, 566918.764448571600951 ], [ 239761.424180047528353, 565787.383949023205787 ], [ 240115.698476791061694, 564939.760910001583397 ] ] } },
{ "type": "Feature", "properties": { "location": null, "name": null, "phases": null, "osm_id": "69156283", "source": "OS_OpenData_VectorMap_District", "brand": null, "cables": "6", "circuits": "2", "voltage": "132000", "max_voltage": 132000.0, "ref": "BT", "owner": null, "operator": "SP Energy Networks", "len": 21731.733513526022 }, "geometry": { "type": "LineString", "coordinates": [ [ 220000.999921880109468, 557797.824241464491934 ], [ 221653.608244839706458, 558800.091625991044566 ], [ 223378.494644726335537, 559102.107655290863477 ], [ 226461.077579900127603, 560194.05763069470413 ], [ 228740.156020047637867, 561210.554744714871049 ], [ 233227.6971938511997, 564031.578032423974946 ], [ 234302.567018359928625, 563776.242310528177768 ], [ 238072.629626536741853, 565315.837597094476223 ], [ 239814.223550817056093, 564843.976033226936124 ] ] } },
{ "type": "Feature", "properties": { "location": null, "name": null, "phases": null, "osm_id": "69156292", "source": "OS_OpenData_VectorMap_District", "brand": null, "cables": "3", "circuits": null, "voltage": "132000", "max_voltage": 132000.0, "ref": null, "owner": null, "operator": null, "len": 33052.898558548804 }, "geometry": { "type": "LineString", "coordinates": [ [ 260789.207565958116902, 580455.493884921772406 ], [ 263716.23116431129165, 579945.282963760779239 ], [ 265136.104082558013033, 576853.733658305252902 ], [ 266328.15614912903402, 573558.215417334111407 ], [ 269625.400409005873371, 571410.733865316025913 ], [ 271093.793822916923091, 570240.373606218374334 ], [ 272148.230677434767131, 569031.802575318608433 ], [ 272185.562037129129749, 568073.112752621877007 ], [ 271215.133858671993949, 566600.503323060809635 ], [ 271171.249802165315486, 565183.973067981307395 ], [ 270594.147756140737329, 560722.459534989669919 ], [ 269475.188704511616379, 554104.622702742926776 ], [ 269479.877199161215685, 553696.644487506477162 ] ] } },
{ "type": "Feature", "properties": { "location": null, "name": null, "phases": null, "osm_id": "69156309", "source": "OS_OpenData_VectorMap_District", "brand": null, "cables": "3", "circuits": null, "voltage": "132000", "max_voltage": 132000.0, "ref": null, "owner": null, "operator": null, "len": 43540.018887682869 }, "geometry": { "type": "LineString", "coordinates": [ [ 269531.968688744469546, 553744.826505587087013 ], [ 270555.813353912788443, 552965.578996010590345 ], [ 272178.362302030844148, 553508.7809463145677 ], [ 273312.731965310988016, 554423.97421934211161 ], [ 276766.871252128970809, 559203.858526028925553 ], [ 281823.738892866298556, 564250.571275366935879 ], [ 283310.131215868750587, 568510.209209630731493 ], [ 288925.024098089081235, 573541.64198935450986 ], [ 292095.32177401939407, 574688.211004598066211 ], [ 293985.663426093000453, 574646.418641553143971 ], [ 295422.196158847073093, 574044.373813931597397 ], [ 295764.437744400871452, 573251.83041885367129 ], [ 298541.77699979551835, 573017.904848492122255 ], [ 299349.526814910990652, 573462.999344840180129 ], [ 298516.09072841895977, 575925.65108059567865 ] ] } },
{ "type": "Feature", "properties": { "location": null, "name": null, "phases": null, "osm_id": "69156316", "source": "OS_OpenData_VectorMap_District", "brand": null, "cables": "6", "circuits": null, "voltage": "132000", "max_voltage": 132000.0, "ref": null, "owner": null, "operator": null, "len": 26904.202107491925 }, "geometry": { "type": "LineString", "coordinates": [ [ 298551.648445032769814, 575966.811644880101085 ], [ 299076.69219324918231, 575116.629047294496559 ], [ 300628.301965033228043, 575071.586627958226018 ], [ 302454.770116596133448, 575364.148219492519274 ], [ 308590.749496286967769, 570172.680539186228998 ], [ 310332.059744110621978, 569231.613417143700644 ], [ 310996.337320732185617, 568611.044699502643198 ], [ 313142.2651190055185, 567706.600044023711234 ], [ 314200.041716305364389, 566827.028546912944876 ], [ 317038.050720119965263, 567415.164395728730597 ], [ 318796.508390505798161, 568172.926080305944197 ], [ 321369.139053156482987, 569828.9132731287973 ] ] } },
{ "type": "Feature", "properties": { "location": null, "name": null, "phases": null, "osm_id": "69156321", "source": "OS_OpenData_VectorMap_District", "brand": null, "cables": "3", "circuits": null, "voltage": "132000", "max_voltage": 132000.0, "ref": null, "owner": null, "operator": null, "len": 6541.6219606110826 }, "geometry": { "type": "LineString", "coordinates": [ [ 321352.198604568722658, 569845.37365378474351 ], [ 320198.298942978901323, 572201.688301089801826 ], [ 320019.566213722631801, 573123.628685834584758 ], [ 318036.96757076785434, 575346.860790221602656 ] ] } },
{ "type": "Feature", "properties": { "location": null, "name": "SP Transmission Gretna-?", "phases": null, "osm_id": "69156353", "source": "OS_OpenData_VectorMap_District", "brand": null, "cables": "6", "circuits": "2", "voltage": "132000", "max_voltage": 132000.0, "ref": null, "owner": null, "operator": null, "len": 4733.1939626526328 }, "geometry": { "type": "LineString", "coordinates": [ [ 337639.274599528987892, 572396.517003484535962 ], [ 335512.161222539260052, 572264.464456839486957 ], [ 333071.012051283032633, 571363.842641820199788 ] ] } },
{ "type": "Feature", "properties": { "location": null, "name": null, "phases": null, "osm_id": "69156381", "source": "OS_OpenData_VectorMap_District", "brand": null, "cables": "3", "circuits": "1", "voltage": "132000", "max_voltage": 132000.0, "ref": "T", "owner": null, "operator": null, "len": 18780.616769606706 }, "geometry": { "type": "LineString", "coordinates": [ [ 320516.393408324220218, 567522.415158440824598 ], [ 321719.827917049173266, 566967.614469488966279 ], [ 325599.062845789361745, 567156.78534306876827 ], [ 327538.117028240812942, 566044.833776914514601 ], [ 332300.907826336566359, 566534.557094508549199 ], [ 333791.803442749427631, 566030.764412812772207 ], [ 336295.70017908688169, 561732.101053177961148 ] ] } },
{ "type": "Feature", "properties": { "location": null, "name": "Hutton-Harker", "phases": null, "osm_id": "69156504", "source": "OS_OpenData_VectorMap_District;Bing", "brand": null, "cables": "6", "circuits": "2", "voltage": "400000", "max_voltage": 400000.0, "ref": "ZX", "owner": null, "operator": "National Grid", "len": 81052.563396537429 }, "geometry": { "type": "LineString", "coordinates": [ [ 356832.669486591999885, 489439.344678089604713 ], [ 357288.469130549696274, 490101.317992654861882 ], [ 356743.641667805146426, 494315.009046596591361 ], [ 354576.422767483163625, 496638.737300550681539 ], [ 355269.671514605928678, 499579.218859623768367 ], [ 355250.921545171411708, 499908.966980162076652 ], [ 355237.986847676453181, 500236.777720949961804 ], [ 355180.689831465948373, 501240.790477222879417 ], [ 355067.550032631843351, 503554.272720564389601 ], [ 355244.901533774798736, 506880.65951366093941 ], [ 355509.046157605131157, 507048.3409219305031 ], [ 355808.941453612176701, 507232.204210152616724 ], [ 357337.911167755315546, 509704.313723818631843 ], [ 357863.429092529637273, 512103.37767596822232 ], [ 356756.551662837446202, 515273.709205249557272 ], [ 356635.396625505876727, 517280.346021946985275 ], [ 355951.976947626681067, 520595.926301337080076 ], [ 354985.895914728171192, 523827.841201720060781 ], [ 354727.549438638438005, 528332.12567677849438 ], [ 354459.105856390786357, 530988.378933730302379 ], [ 353848.772405463620089, 533001.478268327540718 ], [ 351810.790718851087149, 533844.029484956059605 ], [ 350806.379970421141479, 535097.536507151438855 ], [ 350814.769906787376385, 537498.374474044772796 ], [ 349753.263403065211605, 541703.102034173440188 ], [ 348641.179011589090806, 543895.279520432697609 ], [ 347709.672463715076447, 547399.322105139726773 ], [ 345208.451989657944068, 550730.016228659427725 ], [ 343931.644937606353778, 553342.171317392028868 ], [ 343342.291811624192633, 555412.309816275956109 ], [ 342982.355776544194669, 559024.848205087240785 ], [ 341557.394186917692423, 560977.385020588175394 ], [ 338702.108409308362752, 561097.341050728689879 ], [ 338621.30803903733613, 561186.317338094231673 ], [ 338579.107252703222912, 561348.109879721770994 ] ] } },
{ "type": "Feature", "properties": { "location": null, "name": "Harker-?", "phases": null, "osm_id": "69156590", "source": "OS_OpenData_VectorMap_District", "brand": null, "cables": "3", "circuits": null, "voltage": "132000", "max_voltage": 132000.0, "ref": "V", "owner": null, "operator": null, "len": 12089.83356192921 }, "geometry": { "type": "LineString", "coordinates": [ [ 337639.274599528987892, 572396.517003484535962 ], [ 337543.945827301009558, 568771.661919471807778 ], [ 339102.696698164450936, 567443.467133954167366 ], [ 339732.980455177254044, 564777.741921280627139 ], [ 338522.656288541038521, 563013.332937103579752 ], [ 338420.947866698727012, 561479.710724431439303 ] ] } },
{ "type": "Feature", "properties": { "location": null, "name": null, "phases": null, "osm_id": "69195608", "source": "OS_OpenData_VectorMap_District", "brand": null, "cables": "6", "circuits": "2", "voltage": "275000", "max_voltage": 275000.0, "ref": "ZZA", "owner": null, "operator": "National Grid Electricity Transmission", "len": 8239.9090764951634 }, "geometry": { "type": "LineString", "coordinates": [ [ 448033.133331887831446, 526078.269659566110931 ], [ 446739.469660937960725, 528408.306247616070323 ], [ 445675.854860772960819, 533880.734831702895463 ] ] } },
{ "type": "Feature", "properties": { "location": null, "name": "National Grid Norton-Hawthorn Pit", "phases": null, "osm_id": "69195616", "source": null, "brand": null, "cables": "6", "circuits": "2", "voltage": "400000;275000", "max_voltage": 400000.0, "ref": "4TF", "owner": null, "operator": "National Grid Electricity Transmission", "len": 22111.02764760545 }, "geometry": { "type": "LineString", "coordinates": [ [ 438435.588522777892649, 545866.317785657709464 ], [ 439391.567647315154318, 545272.195910451933742 ], [ 439375.663767338672187, 544262.013535930542275 ], [ 438496.435409390833229, 542907.81317925627809 ], [ 438401.616245497250929, 541947.23702241317369 ], [ 438315.646988660853822, 541590.154656652244739 ], [ 438228.34998615924269, 541224.794685955741443 ], [ 438130.389836107147858, 540816.40254180028569 ], [ 438057.33373699861113, 540511.860775148728862 ], [ 437795.94344052253291, 540225.775773692759685 ], [ 437278.855859371076804, 539659.953744165832177 ], [ 436558.91573354502907, 538868.716957190539688 ], [ 435628.802894606546033, 538322.622192215989344 ], [ 435067.168835738615599, 536664.675463230116293 ], [ 435150.290205882512964, 536050.740844273590483 ], [ 436412.829611292749178, 533457.441009209491313 ], [ 437295.861136497114785, 532128.211183277191594 ], [ 437750.424828641465865, 528252.568633779417723 ], [ 438978.838132055476308, 526849.888491115765646 ] ] } },
{ "type": "Feature", "properties": { "location": null, "name": null, "phases": null, "osm_id": "69195634", "source": null, "brand": null, "cables": "6", "circuits": "2", "voltage": "400000", "max_voltage": 400000.0, "ref": "2TW", "owner": null, "operator": "National Grid Electricity Transmission", "len": 54712.367522109802 }, "geometry": { "type": "LineString", "coordinates": [ [ 442029.274947441183031, 506959.095631866250187 ], [ 440690.039308617066126, 502993.023258048342541 ], [ 440875.377637554367539, 502045.424470704514533 ], [ 440361.249870940460823, 498385.788611796568148 ], [ 440673.151356365939137, 496611.309206559904851 ], [ 441974.287021207739599, 495226.827283668564633 ], [ 441443.402914012724068, 490989.829253331758082 ], [ 441690.034426169120707, 489630.845942450221628 ], [ 442539.234970668272581, 488027.342353730578907 ], [ 443261.134669381834101, 485949.748151021427475 ], [ 444304.497905588708818, 483892.7005885647377 ], [ 444429.20440997206606, 481449.020767719019204 ], [ 443363.128102445334662, 479837.541367340250872 ], [ 444128.012036267959047, 478534.49699891207274 ], [ 444925.021991864196025, 476362.828558291774243 ], [ 445387.944610125152394, 472967.820119226234965 ], [ 445742.099268272344489, 472379.024271259084344 ], [ 445938.129431390727405, 472065.612659175647423 ], [ 446094.181488140020519, 471809.807362942257896 ], [ 446416.051286905247252, 471291.232902088318951 ], [ 446587.98420806566719, 471012.513461899827234 ], [ 446734.137316302338149, 470771.952092670602724 ], [ 448781.411727005499415, 468164.160746613983065 ], [ 452764.10429038037546, 466648.863202166510746 ], [ 454468.821387049451005, 465692.020605448517017 ], [ 455896.43996889173286, 463815.243080426589586 ], [ 456232.798763360304292, 461670.742334966082126 ], [ 456187.336286766803823, 460259.700440883520059 ], [ 456585.558559626340866, 459934.286030685878359 ] ] } },
{ "type": "Feature", "properties": { "location": null, "name": null, "phases": null, "osm_id": "69922714", "source": "OS_OpenData_VectorMap_District", "brand": null, "cables": "6", "circuits": "2", "voltage": "132000", "max_voltage": 132000.0, "ref": null, "owner": null, "operator": null, "len": 5063.7849448435218 }, "geometry": { "type": "LineString", "coordinates": [ [ 361702.691088586521801, 761120.457106130896136 ], [ 363517.907050042587798, 759721.431534850387834 ], [ 365729.556818052835297, 759361.230465925880708 ], [ 365996.289667496457696, 758901.842872511362657 ] ] } },
{ "type": "Feature", "properties": { "location": null, "name": null, "phases": null, "osm_id": "69922756", "source": null, "brand": null, "cables": "6", "circuits": "2", "voltage": "132000", "max_voltage": 132000.0, "ref": null, "owner": null, "operator": null, "len": 1863.3766485551052 }, "geometry": { "type": "LineString", "coordinates": [ [ 337453.46442388225114, 732595.510116757708602 ], [ 335783.714329962152988, 731768.402410207781941 ] ] } },
{ "type": "Feature", "properties": { "location": null, "name": null, "phases": null, "osm_id": "69922779", "source": "OS_OpenData_VectorMap_District", "brand": null, "cables": "3", "circuits": "2", "voltage": "132000", "max_voltage": 132000.0, "ref": null, "owner": null, "operator": null, "len": 2554.2280968924106 }, "geometry": { "type": "LineString", "coordinates": [ [ 307140.681988367927261, 723415.879063845844939 ], [ 305248.556141901295632, 722799.580696646589786 ], [ 304979.024108188285027, 722303.854543063207529 ] ] } },
{ "type": "Feature", "properties": { "location": null, "name": null, "phases": null, "osm_id": "69922789", "source": "OS_OpenData_VectorMap_District", "brand": null, "cables": "6", "circuits": "2", "voltage": "275000", "max_voltage": 275000.0, "ref": "YT", "owner": null, "operator": "SP Energy Networks", "len": 2044.9096162441092 }, "geometry": { "type": "LineString", "coordinates": [ [ 324939.809723927523009, 704234.414584047743119 ], [ 325602.267996894312091, 702299.781705389497802 ] ] } },
{ "type": "Feature", "properties": { "location": null, "name": null, "phases": null, "osm_id": "69922794", "source": "OS_OpenData_VectorMap_District", "brand": null, "cables": null, "circuits": "2", "voltage": "132000", "max_voltage": 132000.0, "ref": null, "owner": null, "operator": "SPN", "len": 2151.8569477455558 }, "geometry": { "type": "LineString", "coordinates": [ [ 335579.803903912485112, 701201.576460431329906 ], [ 333476.675021234084852, 701656.919437103555538 ] ] } },
{ "type": "Feature", "properties": { "location": null, "name": "National Grid Ratcliffe-on-Soar - Willington", "phases": null, "osm_id": "71118621", "source": "OS OpenData VectorMap District;Bing", "brand": null, "cables": "6", "circuits": "2", "voltage": "400000", "max_voltage": 400000.0, "ref": "ZD", "owner": null, "operator": "National Grid", "len": 21406.417185831742 }, "geometry": { "type": "LineString", "coordinates": [ [ 430503.981117393937893, 328725.138440733368043 ], [ 430636.867086443293374, 328529.792675804288592 ], [ 430906.976755697280169, 328272.144982978294138 ], [ 431137.852381777716801, 328046.833367671526503 ], [ 431385.298064975300804, 327827.73589082347462 ], [ 435156.827339053794276, 327569.741142580809537 ], [ 436378.104036394914147, 326991.182973254006356 ], [ 437615.436736308329273, 326991.951291187142488 ], [ 439897.837413711706176, 328583.077319568139501 ], [ 441274.007054822170176, 328262.339997089991812 ], [ 444940.198595426161774, 329061.645243999315426 ], [ 446443.201620055770036, 329161.918861684971489 ], [ 449398.701798871625215, 328590.769025561923627 ], [ 450095.180317925580312, 329700.92683268309338 ] ] } },
{ "type": "Feature", "properties": { "location": null, "name": "National Grid Ratcliffe-Enderby", "phases": null, "osm_id": "71118623", "source": "Bing", "brand": null, "cables": "6", "circuits": "2", "voltage": "400000", "max_voltage": 400000.0, "ref": "4YZ", "owner": null, "operator": "National Grid", "len": 36904.488364255914 }, "geometry": { "type": "LineString", "coordinates": [ [ 450221.24749549315311, 329692.818791694240645 ], [ 449600.254111533344258, 328051.353835285583045 ], [ 449352.978668567782734, 325821.575438867788762 ], [ 449898.23925226792926, 324253.414541794394609 ], [ 449995.439903869351838, 323982.86176315555349 ], [ 450210.117144123185426, 323382.496669255313464 ], [ 450296.893504683626816, 323142.636256376863457 ], [ 454708.018563710444141, 321123.104648512380663 ], [ 455780.951166264247149, 318820.890597703284584 ], [ 457374.197177917230874, 317089.857656829175539 ], [ 457008.143628713907674, 314049.109682247741148 ], [ 456474.299780283705331, 313276.615519386250526 ], [ 456876.78013421659125, 311786.775977880519349 ], [ 455862.552469289163128, 310267.849013274477329 ], [ 455770.55621305888053, 309069.918816079560202 ], [ 453395.877444407728035, 306039.436647114809602 ], [ 451120.402163887338247, 304807.761985457735136 ], [ 450696.886815254401881, 303801.622725046356209 ], [ 451288.885249204176944, 302613.752198397414759 ], [ 452277.630096519191284, 301586.442501285637263 ], [ 452401.249836343340576, 301305.673679079278372 ], [ 452533.871712602500338, 300999.617746237548999 ], [ 452725.882692795072217, 300579.430306622933131 ], [ 453003.320150079613086, 300343.365956091787666 ] ] } },
{ "type": "Feature", "properties": { "location": null, "name": null, "phases": null, "osm_id": "71170034", "source": "Bing", "brand": null, "cables": "6", "circuits": "2", "voltage": "400000", "max_voltage": 400000.0, "ref": "ZSA", "owner": null, "operator": "National Grid", "len": 3904.1585300917404 }, "geometry": { "type": "LineString", "coordinates": [ [ 430480.172727860161103, 328687.154329972632695 ], [ 430594.034350681526121, 328512.168434748135041 ], [ 430872.158777880482376, 328241.486786431982182 ], [ 431115.073551164008677, 328007.117321134312078 ], [ 431608.082850344711915, 327548.250822216039523 ], [ 432363.735591198026668, 326824.363641701522283 ], [ 432821.401721757778432, 325661.375610651099123 ] ] } },
{ "type": "Feature", "properties": { "location": null, "name": null, "phases": null, "osm_id": "72210382", "source": "OS_OpenData_VectorMap_District", "brand": null, "cables": "3", "circuits": "1", "voltage": "132000", "max_voltage": 132000.0, "ref": "N", "owner": null, "operator": "SP Energy Networks", "len": 15216.279881560693 }, "geometry": { "type": "LineString", "coordinates": [ [ 241997.300817376264604, 618504.930656394106336 ], [ 241634.125371845148038, 619647.585744523908943 ], [ 242735.206772349018138, 621744.358796296641231 ], [ 243105.879132340342039, 624181.550944997463375 ], [ 242295.877475965447957, 626181.453311867779121 ], [ 241500.984707929630531, 629040.014725558459759 ], [ 242178.100540115643525, 633042.186901455745101 ] ] } },
{ "type": "Feature", "properties": { "location": null, "name": "4TQ Line", "phases": null, "osm_id": "75659233", "source": "survey;OS_OpenData_VectorMap_District", "brand": null, "cables": "6", "circuits": "2", "voltage": "400000", "max_voltage": 400000.0, "ref": "4TQ", "owner": null, "operator": "National Grid Electricity Transmission", "len": 37703.92581359332 }, "geometry": { "type": "LineString", "coordinates": [ [ 416445.334770099376328, 564801.595361667685211 ], [ 416310.74242260644678, 563108.605813221540302 ], [ 415370.263314764655661, 561449.055053085205145 ], [ 415236.42109246639302, 561082.583131841849536 ], [ 415125.401998786372133, 560723.870325173716992 ], [ 415024.234951987338718, 560385.379859407315962 ], [ 414819.524076175526716, 560053.717821140540764 ], [ 414643.580917603336275, 559769.24190710275434 ], [ 414449.334617736691143, 559454.056446535978466 ], [ 414257.974082583503332, 558749.38037483417429 ], [ 413508.182943638705183, 558141.552111789118499 ], [ 413430.159821034001652, 556424.771204815595411 ], [ 413839.695092058915179, 555465.580612613237463 ], [ 414164.130615860340185, 552835.545902970479801 ], [ 415176.649244264757726, 550585.957990119582973 ], [ 417534.148596001439728, 548756.033423604327254 ], [ 417851.875818740983959, 545236.600925353355706 ], [ 419106.616324570728466, 543759.374351490871049 ], [ 422014.828357343969401, 540014.120239764335565 ], [ 422234.521639331593178, 539347.501634437823668 ], [ 425041.229422396689188, 536717.740668579936028 ], [ 427828.875919715326745, 535845.232589697581716 ], [ 428516.229198387649376, 534555.208149404264987 ], [ 428696.191062930680346, 534581.902726543601602 ] ] } },
{ "type": "Feature", "properties": { "location": null, "name": "Penwortham-Kirkby", "phases": null, "osm_id": "80936694", "source": "Bing;Yahoo", "brand": null, "cables": "6", "circuits": "2", "voltage": "275000", "max_voltage": 275000.0, "ref": "ZU", "owner": null, "operator": "National Grid Electricity Transmission", "len": 23066.356842877565 }, "geometry": { "type": "LineString", "coordinates": [ [ 345794.731766962271649, 407670.476304572308436 ], [ 346955.758942154701799, 409114.764172016701195 ], [ 346879.504220474511385, 410311.421379887324292 ], [ 347849.359245277999435, 412482.997784097795375 ], [ 347330.091467406251468, 414243.909701776399743 ], [ 347290.942103775800206, 416723.528054197784513 ], [ 347034.686586802650709, 418955.884524029737804 ], [ 346005.770597198861651, 421958.411054072843399 ], [ 346467.998357829928864, 426092.968803968513384 ], [ 349090.974729281151667, 427536.234592292224988 ], [ 349808.387452615599614, 427736.98498460475821 ] ] } },
{ "type": "Feature", "properties": { "location": null, "name": null, "phases": null, "osm_id": "84822231", "source": null, "brand": null, "cables": "6", "circuits": "2", "voltage": "400000", "max_voltage": 400000.0, "ref": "2VL", "owner": null, "operator": null, "len": 7533.9692847251263 }, "geometry": { "type": "LineString", "coordinates": [ [ 358683.825447698298376, 186827.238770634052344 ], [ 356906.736226074164733, 186291.840266576211434 ], [ 356061.354829197749496, 184028.599785177269951 ], [ 355086.538349779089913, 183328.636685243924148 ], [ 354494.172930927656125, 182232.904161258426029 ], [ 353678.018112045538146, 182216.804675274877809 ] ] } },
{ "type": "Feature", "properties": { "location": null, "name": "National Grid Iron Acton-Oldbury", "phases": null, "osm_id": "87213645", "source": "Bing", "brand": null, "cables": "6", "circuits": "2", "voltage": "132000", "max_voltage": 132000.0, "ref": "YXA", "owner": null, "operator": null, "len": 12466.331486302166 }, "geometry": { "type": "LineString", "coordinates": [ [ 366828.443668548599817, 185911.09722890809644 ], [ 366626.772362003393937, 187271.992538155347575 ], [ 365316.791412062419113, 188373.781973280303646 ], [ 365302.267662921221927, 189110.910254831251223 ], [ 365948.317299034970347, 190727.281451641174499 ], [ 365691.658572437008843, 191384.747096213977784 ], [ 361158.055041639716364, 193284.6890664906241 ], [ 360500.948599677125458, 194382.533657630905509 ] ] } },
{ "type": "Feature", "properties": { "location": null, "name": "Burwell Main-Walpole", "phases": null, "osm_id": "88090153", "source": null, "brand": null, "cables": "6", "circuits": "2", "voltage": "400000", "max_voltage": 400000.0, "ref": "4ZM", "owner": null, "operator": "National Grid", "len": 50894.138669528598 }, "geometry": { "type": "LineString", "coordinates": [ [ 558064.714952964917757, 267551.408210572204553 ], [ 558160.314928219420835, 270520.131529722129926 ], [ 558105.190946785616688, 274172.9169799790252 ], [ 557812.779087106813677, 277067.399861792393494 ], [ 557777.659357007592916, 279235.519127829000354 ], [ 558645.511292426614091, 288518.887462050071917 ], [ 557699.460334479459561, 291579.486852700065356 ], [ 551929.560923830373213, 308330.761605088831857 ], [ 548385.61323035415262, 316058.161184269527439 ], [ 548504.797259915736504, 316489.273689186898991 ] ] } },
{ "type": "Feature", "properties": { "location": null, "name": "National Grid Rye House-Stocking Pelham", "phases": null, "osm_id": "88122670", "source": "GPS", "brand": null, "cables": "6", "circuits": "2", "voltage": "400000", "max_voltage": 400000.0, "ref": "4ZM", "owner": null, "operator": "National Grid", "len": 22405.45764073895 }, "geometry": { "type": "LineString", "coordinates": [ [ 545973.249230824876577, 227691.681106188625563 ], [ 546044.041157526196912, 226142.153792741475627 ], [ 546524.305872978409752, 222328.116936560487375 ], [ 545335.632624908583239, 218479.631877373321913 ], [ 543015.453228311147541, 212581.428379679331556 ], [ 539907.265667374245822, 211822.823070045735221 ], [ 538953.891905602649786, 210685.934955544944387 ], [ 538951.471663847216405, 208724.942259828734677 ] ] } },
{ "type": "Feature", "properties": { "location": null, "name": "Cottam - Eaton Socon - Wymondley", "phases": null, "osm_id": "89038615", "source": "Bing", "brand": null, "cables": "6", "circuits": "2", "voltage": "400000", "max_voltage": 400000.0, "ref": "4VK", "owner": null, "operator": "National Grid Electricity Transmission", "len": 18891.23793271061 }, "geometry": { "type": "LineString", "coordinates": [ [ 521776.412869218096603, 243997.671974447264802 ], [ 522999.344490472809412, 241122.232580323994625 ], [ 523076.513547587790526, 238501.800566533522215 ], [ 524017.044783685007133, 236836.823374563711695 ], [ 523585.52566772478167, 233514.364148283435497 ], [ 523977.536597241123673, 231984.258600829809438 ], [ 523229.105456245248206, 230667.440351838886272 ], [ 521165.288551000296138, 229044.294790675863624 ], [ 520390.975749695324339, 227025.126915986766107 ] ] } },
{ "type": "Feature", "properties": { "location": null, "name": null, "phases": null, "osm_id": "89349035", "source": null, "brand": null, "cables": "6", "circuits": "2", "voltage": "400000", "max_voltage": 400000.0, "ref": "ZDA", "owner": null, "operator": "National Grid", "len": 18831.647747833144 }, "geometry": { "type": "LineString", "coordinates": [ [ 476023.340414121281356, 353874.595197146292776 ], [ 475683.576702186313923, 354925.792930410942063 ], [ 478398.808473214041442, 358926.39650637365412 ], [ 478401.544578490895219, 361834.225671927793883 ], [ 478549.006632435135543, 366671.434030404547229 ], [ 478748.599917458952405, 367003.722350291674957 ], [ 478582.432244260795414, 369088.982912093517371 ], [ 478722.945938066288363, 369630.241971306561027 ], [ 480665.327073926106095, 370443.893427142116707 ] ] } },
{ "type": "Feature", "properties": { "location": null, "name": "High Marnham-West Burton", "phases": null, "osm_id": "89349040", "source": null, "brand": null, "cables": "3", "circuits": null, "voltage": "400000", "max_voltage": 400000.0, "ref": "ZDA", "owner": null, "operator": "National Grid", "len": 1151.1339273276515 }, "geometry": { "type": "LineString", "coordinates": [ [ 480432.575857505551539, 372121.444884696335066 ], [ 480253.277804541401565, 370984.360223447205499 ] ] } },
{ "type": "Feature", "properties": { "location": null, "name": null, "phases": null, "osm_id": "89352336", "source": "survey;Bing", "brand": null, "cables": "6", "circuits": "2", "voltage": "400000", "max_voltage": 400000.0, "ref": "ZDA", "owner": null, "operator": "National Grid Electricity Transmission", "len": 6678.330546575442 }, "geometry": { "type": "LineString", "coordinates": [ [ 480432.575857505551539, 372121.444884696335066 ], [ 480635.7508553477237, 374806.962362621445209 ], [ 481085.887454086856451, 378766.59677966037998 ] ] } },
{ "type": "Feature", "properties": { "location": null, "name": null, "phases": null, "osm_id": "89372970", "source": null, "brand": null, "cables": "6", "circuits": "2", "voltage": "400000", "max_voltage": 400000.0, "ref": "ZDF", "owner": null, "operator": "National Grid", "len": 17575.318082051162 }, "geometry": { "type": "LineString", "coordinates": [ [ 475392.070443749835249, 354907.380948053381871 ], [ 474998.933954923239071, 355513.682470384635963 ], [ 475126.321119935775641, 357587.219787056790665 ], [ 476244.578686251596082, 363427.314281746686902 ], [ 478647.428082656580955, 369647.337375439237803 ], [ 480634.601005504722707, 370496.653155995998532 ] ] } },
{ "type": "Feature", "properties": { "location": null, "name": null, "phases": null, "osm_id": "89417143", "source": "Bing", "brand": null, "cables": "6", "circuits": "2", "voltage": "400000;275000", "max_voltage": 400000.0, "ref": "ZF", "owner": null, "operator": "National Grid Electricity Transmission", "len": 5621.7358741191638 }, "geometry": { "type": "LineString", "coordinates": [ [ 419718.502324319269974, 283239.302286466641817 ], [ 419207.857904657779727, 279101.540781576361042 ], [ 419388.355164968932513, 277660.21472850011196 ] ] } },
{ "type": "Feature", "properties": { "location": null, "name": null, "phases": null, "osm_id": "89427637", "source": null, "brand": null, "cables": "6", "circuits": "2", "voltage": "132000", "max_voltage": 132000.0, "ref": "EV", "owner": null, "operator": null, "len": 17528.367085815462 }, "geometry": { "type": "LineString", "coordinates": [ [ 236003.989371684321668, 392080.677274359914009 ], [ 236250.819309833517764, 390808.222659822495189 ], [ 237452.097963342675939, 389475.188255863613449 ], [ 237400.711523558740737, 388647.788586739217862 ], [ 235626.959817147173453, 388035.949338358012028 ], [ 234894.216289360978408, 387022.534399358963128 ], [ 234850.592848111031344, 384616.767008239461575 ], [ 233475.351609077508328, 382861.523342064989265 ], [ 232092.097995807678672, 380421.442793844616972 ], [ 230954.446055870765122, 379529.720785773184616 ], [ 230717.747431438881904, 379578.136243025073782 ], [ 230463.860028193041217, 379627.242937725735828 ], [ 230239.605909944046289, 379673.914069806865882 ], [ 229389.383754475507885, 379839.784899665159173 ] ] } },
{ "type": "Feature", "properties": { "location": null, "name": "Pentir-Trawsfynydd;Y Ffor-Trawsfynydd", "phases": null, "osm_id": "89573353", "source": "Bing", "brand": null, "cables": "6", "circuits": "2", "voltage": "400000;132000", "max_voltage": 400000.0, "ref": "4ZC", "owner": null, "operator": "NGET;SPEN", "len": 9841.6348112924497 }, "geometry": { "type": "LineString", "coordinates": [ [ 259626.445217767468421, 338783.258534970227629 ], [ 261221.634573533781804, 338410.51820238615619 ], [ 262185.784704919497017, 337790.934659696882591 ], [ 263483.480130665237084, 338107.534075302421115 ], [ 266336.938281575217843, 338185.241463614569511 ], [ 268412.172984686563723, 338843.329951788007747 ], [ 269018.638571120507549, 338514.126070659898687 ] ] } },
{ "type": "Feature", "properties": { "location": null, "name": null, "phases": null, "osm_id": "90134097", "source": "Bing", "brand": null, "cables": "6", "circuits": "2", "voltage": "400000", "max_voltage": 400000.0, "ref": "4ZO", "owner": null, "operator": "National Grid Electricity Transmission", "len": 9251.2263763314713 }, "geometry": { "type": "LineString", "coordinates": [ [ 417469.779614621133078, 402704.862691056740005 ], [ 419988.562462709727697, 402742.967870720545761 ], [ 420623.221508843242191, 402452.007776044483762 ], [ 421143.659820524277166, 401472.379744688339997 ], [ 421958.441858058853541, 400862.6073070782586 ], [ 423985.054181972984225, 400147.71364185254788 ], [ 425739.107264304417185, 400030.105442068597768 ] ] } },
{ "type": "Feature", "properties": { "location": null, "name": null, "phases": null, "osm_id": "90539503", "source": "Bing", "brand": null, "cables": "6", "circuits": "2", "voltage": "400000", "max_voltage": 400000.0, "ref": "4TR", "owner": null, "operator": "National Grid", "len": 1131.1369184303996 }, "geometry": { "type": "LineString", "coordinates": [ [ 425739.107264304417185, 400030.105442068597768 ], [ 426545.327602599398233, 399236.708004238258582 ] ] } },
{ "type": "Feature", "properties": { "location": null, "name": null, "phases": null, "osm_id": "90547663", "source": "Bing", "brand": null, "cables": "6", "circuits": "2", "voltage": "400000", "max_voltage": 400000.0, "ref": "ZZH", "owner": null, "operator": "National Grid Electricity Transmission", "len": 12430.829943714021 }, "geometry": { "type": "LineString", "coordinates": [ [ 460433.317052891827188, 409035.9667175632203 ], [ 459915.079417664150242, 409238.20725516875973 ], [ 459238.771053895063233, 410538.017497346794698 ], [ 456507.034786189091392, 412358.315115344477817 ], [ 452248.240314994589426, 413311.651855106290895 ], [ 449527.973179932741914, 412830.7767326143221 ] ] } },
{ "type": "Feature", "properties": { "location": null, "name": null, "phases": null, "osm_id": "90547681", "source": "Bing", "brand": null, "cables": "6", "circuits": "2", "voltage": "400000", "max_voltage": 400000.0, "ref": "4ZH", "owner": null, "operator": "National Grid", "len": 36068.744641208061 }, "geometry": { "type": "LineString", "coordinates": [ [ 443375.406621213187464, 389669.332217219867744 ], [ 444557.829751994460821, 389694.078900534193963 ], [ 445758.251162407454103, 389151.51976359076798 ], [ 446660.85823963850271, 389452.569249108200893 ], [ 448391.778427907964215, 389724.775361795676872 ], [ 448625.80299151095096, 389871.991610404162202 ], [ 450437.56257753825048, 390020.80572242528433 ], [ 450868.94288836006308, 390743.612250333302654 ], [ 453637.649970878381282, 390966.133083437627647 ], [ 455163.535653781262226, 391578.028934308735188 ], [ 456900.657420671486761, 392972.274309652973898 ], [ 457185.408570392581169, 393187.666681820410304 ], [ 457601.889035245869309, 393501.485311582742725 ], [ 458848.888614421593957, 395680.390540696622338 ], [ 459868.774667581834365, 398841.366544178919867 ], [ 460637.846722863381729, 399160.246743078227155 ], [ 461828.412797809578478, 399066.008204138721339 ], [ 463229.478268728649709, 399718.831455053819809 ], [ 463359.486365555087104, 400267.692619487992488 ], [ 463092.845111120608635, 401890.252498637186363 ], [ 463742.311076956684701, 403679.712328539171722 ], [ 463687.005938916990999, 405453.823958735680208 ], [ 462137.313257983361837, 408422.975068717205431 ], [ 460595.821746211266145, 409273.607108442927711 ] ] } },
{ "type": "Feature", "properties": { "location": null, "name": "Bradwell - Rayleigh", "phases": null, "osm_id": "90986942", "source": "NPE", "brand": null, "cables": "6", "circuits": "2", "voltage": "132000", "max_voltage": 132000.0, "ref": "ZT", "owner": null, "operator": "National Grid", "len": 36935.907441835952 }, "geometry": { "type": "LineString", "coordinates": [ [ 579815.13286765338853, 190795.250975100905634 ], [ 578463.509864024585113, 190953.948166376154404 ], [ 577544.09158943768125, 192253.164443137473427 ], [ 576799.063347803428769, 193028.574471374915447 ], [ 577023.247157849371433, 194443.526612477086019 ], [ 578972.360745094832964, 196087.952081007882953 ], [ 579267.328052428318188, 198214.798690361785702 ], [ 579552.465643931063823, 198325.055421418801416 ], [ 579934.364154127193615, 198302.968060773098841 ], [ 580245.305440344498493, 198292.561893955396954 ], [ 581162.176894434029236, 198312.75695493654348 ], [ 582208.453124629450031, 197938.316475337080192 ], [ 584837.273937073303387, 198837.880993047147058 ], [ 587765.780041612219065, 199247.467427611234598 ], [ 590634.650355330784805, 199792.125893530959729 ], [ 596994.646937808254734, 203002.48664501926396 ], [ 598104.850975086563267, 204795.761148114863317 ], [ 600750.473930050386116, 205558.573464911605697 ], [ 601328.143970233853906, 206946.552309043821879 ], [ 600352.552281948970631, 208220.447809062548913 ] ] } },
{ "type": "Feature", "properties": { "location": null, "name": "National Grid Sellindge-Dungeness", "phases": null, "osm_id": "91004049", "source": "Bing", "brand": null, "cables": "6", "circuits": "2", "voltage": "400000", "max_voltage": 400000.0, "ref": "VO", "owner": null, "operator": "National Grid", "len": 19799.610584869199 }, "geometry": { "type": "LineString", "coordinates": [ [ 603246.82601669698488, 120017.135187356238021 ], [ 602825.739254106301814, 120825.642649182962487 ], [ 603368.522262622369453, 123327.588504618324805 ], [ 604507.353338006767444, 124755.02864323486574 ], [ 604472.991187918116339, 131438.019106198247755 ], [ 606240.386745385592803, 134856.976146400062134 ], [ 606529.566018357756548, 135645.790802817267831 ], [ 606646.32736889901571, 135945.897240492195124 ], [ 606721.454384634736925, 136144.295024707273114 ], [ 606909.469640320981853, 136968.651082382944878 ], [ 608150.983584162313491, 138202.175948743708432 ] ] } },
{ "type": "Feature", "properties": { "location": null, "name": "Canterbury North-Sellindge", "phases": null, "osm_id": "91004052", "source": "Bing", "brand": null, "cables": "6", "circuits": "2", "voltage": "400000", "max_voltage": 400000.0, "ref": "ZY", "owner": null, "operator": "National Grid", "len": 26833.657697421862 }, "geometry": { "type": "LineString", "coordinates": [ [ 616108.872580329887569, 159592.628390472615138 ], [ 616579.267842943081632, 159672.182226829056162 ], [ 618003.159736502566375, 158987.843734595313435 ], [ 618486.346110375714488, 157700.705140169127844 ], [ 616703.717168388189748, 155456.645040870615048 ], [ 616146.9509650307009, 153737.983942793041933 ], [ 616217.820222251582891, 152359.419649529852904 ], [ 616853.165710352594033, 150895.826660246326355 ], [ 616664.781078656786121, 149222.601107183319982 ], [ 616194.023940433515236, 147977.393829182372428 ], [ 615809.086989448638633, 146658.003537521930411 ], [ 615611.283542975783348, 146366.079563955863705 ], [ 615517.152820723946206, 146003.480723810585914 ], [ 615476.561070004478097, 145854.333886212727521 ], [ 613884.443333516363055, 144435.018163527012803 ], [ 610400.838598795584403, 140923.239986219734419 ], [ 608333.205701088765636, 138477.650074615725316 ], [ 608192.981962617253885, 138334.608499278110685 ] ] } },
{ "type": "Feature", "properties": { "location": null, "name": "National Grid Grain-Kemsley", "phases": null, "osm_id": "91010020", "source": "Bing", "brand": null, "cables": "6", "circuits": "2", "voltage": "400000", "max_voltage": 400000.0, "ref": "4TL", "owner": null, "operator": "National Grid", "len": 6587.7518943495315 }, "geometry": { "type": "LineString", "coordinates": [ [ 590975.274557997472584, 166937.345687784429174 ], [ 590972.826472043758258, 167872.491943426546641 ], [ 590049.646239603986032, 169266.095515359775163 ], [ 589010.703966572298668, 171267.314914197195321 ], [ 587825.111243320279755, 172521.856111672823317 ] ] } },
{ "type": "Feature", "properties": { "location": null, "name": "Bolney-Lovedean", "phases": null, "osm_id": "91083599", "source": "Bing", "brand": null, "cables": "6", "circuits": "2", "voltage": "400000", "max_voltage": 400000.0, "ref": "4VF", "owner": null, "operator": "National Grid", "len": 64639.269469995568 }, "geometry": { "type": "LineString", "coordinates": [ [ 467717.654509213520214, 113620.609306255268166 ], [ 467917.217608730890788, 114274.503207630856195 ], [ 469380.985699461540207, 115479.471635837835493 ], [ 471820.861176056438126, 115174.654098088329192 ], [ 473765.270423450507224, 117531.026238862454193 ], [ 474627.040118099423125, 119486.921429687208729 ], [ 476760.284944977262057, 121824.712503999500768 ], [ 479236.92292556114262, 122138.258531708124792 ], [ 480542.209305267140735, 122005.421477368276101 ], [ 482832.642940475721844, 122513.55919277339126 ], [ 484077.028670267434791, 123634.695411627646536 ], [ 486120.329404643212911, 123637.516899259906495 ], [ 486793.308275038958527, 123908.770945355499862 ], [ 492271.291418030043133, 123917.075341072573792 ], [ 493286.706501195440069, 124198.569169083319139 ], [ 496359.563699833583087, 124632.020285073667765 ], [ 497513.518105059571099, 125100.459914957056753 ], [ 498536.232483626576141, 124786.653899616416311 ], [ 501136.966103156795725, 125032.518348886165768 ], [ 503039.742910505912732, 125957.446218144934392 ], [ 504554.776348759362008, 126960.614617540937616 ], [ 506196.138344615581445, 127277.913564031216083 ], [ 508790.448401244357228, 126934.851028036588104 ], [ 510634.92553297750419, 126003.215016382804606 ], [ 512498.922263935557567, 124361.657621531805489 ], [ 515721.812495797174051, 123428.0744183002098 ], [ 516851.835045438958332, 123626.689315886236727 ], [ 518531.624454638396855, 123575.038923032843741 ], [ 519874.189072928973474, 124382.990098904381739 ], [ 521549.751646749908105, 123955.031500089098699 ], [ 522431.478276372537948, 122179.766301893629134 ], [ 523987.534682394179981, 121180.190579193120357 ] ] } },
{ "type": "Feature", "properties": { "location": null, "name": null, "phases": null, "osm_id": "91089566", "source": "Bing", "brand": null, "cables": "6", "circuits": "2", "voltage": "400000", "max_voltage": 400000.0, "ref": "4TM", "owner": null, "operator": "National Grid Electricity Transmission", "len": 7173.0642049432436 }, "geometry": { "type": "LineString", "coordinates": [ [ 478659.000387301726732, 391630.14447166013997 ], [ 478934.195112397894263, 391323.792587324453052 ], [ 479462.220622626133263, 390727.496287998452317 ], [ 479983.746783390059136, 390145.08947494532913 ], [ 479710.225207199458964, 386718.035782943712547 ], [ 479015.988538808654994, 385761.520232495793607 ], [ 479231.316441993811168, 385241.170168804354034 ] ] } },
{ "type": "Feature", "properties": { "location": null, "name": null, "phases": null, "osm_id": "91089569", "source": "Bing", "brand": null, "cables": "6", "circuits": "2", "voltage": "400000", "max_voltage": 400000.0, "ref": "ZDA", "owner": null, "operator": "National Grid Electricity Transmission", "len": 20852.812633831654 }, "geometry": { "type": "LineString", "coordinates": [ [ 478716.309455736191012, 391707.763653182948474 ], [ 478185.445249603362754, 394350.323355189932045 ], [ 478349.655748482735362, 395350.340609625156503 ], [ 478876.943484913150314, 396428.445223627029918 ], [ 481809.420646437734831, 408464.308427533716895 ], [ 482636.934180322452448, 411410.470556701533496 ], [ 482468.650772059801966, 411876.815276996581815 ] ] } },
{ "type": "Feature", "properties": { "location": null, "name": null, "phases": null, "osm_id": "91095169", "source": "Bing", "brand": null, "cables": "3", "circuits": null, "voltage": "400000", "max_voltage": 400000.0, "ref": "MP", "owner": null, "operator": "Scottish and Southern Electricity Networks", "len": 2289.9129248815025 }, "geometry": { "type": "LineString", "coordinates": [ [ 587065.014583258423954, 174672.96869752422208 ], [ 587931.435194009914994, 175092.746579437633045 ], [ 588472.931673198705539, 174632.665145056555048 ], [ 588803.774387190002017, 175078.303932783717755 ], [ 588763.33200168912299, 175124.736430260934867 ] ] } },
{ "type": "Feature", "properties": { "location": null, "name": "National Grid Kingsnorth-Grain", "phases": null, "osm_id": "91095170", "source": "Bing", "brand": null, "cables": "6", "circuits": "2", "voltage": "400000", "max_voltage": 400000.0, "ref": "4TK", "owner": null, "operator": "National Grid", "len": 11244.050137110455 }, "geometry": { "type": "LineString", "coordinates": [ [ 580467.516223632148467, 172155.522947302728426 ], [ 580315.389978840132244, 172776.219455681857653 ], [ 581020.852663327823393, 173779.78326543600997 ], [ 582083.498493822989985, 174278.096281474514399 ], [ 582956.157819415908307, 175106.127736833237577 ], [ 585562.072520799469203, 176745.471936403482687 ], [ 587887.491902257897891, 176584.734275662398431 ], [ 588963.161734369234182, 175411.158621294598561 ] ] } },
{ "type": "Feature", "properties": { "location": null, "name": "Cottam - Keadby", "phases": null, "osm_id": "91179248", "source": "Bing", "brand": null, "cables": "6", "circuits": "2", "voltage": "400000", "max_voltage": 400000.0, "ref": "ZDA", "owner": null, "operator": "National Grid Electricity Transmission", "len": 6677.0325700381154 }, "geometry": { "type": "LineString", "coordinates": [ [ 478601.500607917550951, 391570.761101981217507 ], [ 479060.3616724012536, 387761.184586594579741 ], [ 478921.14953724166844, 385822.950437890482135 ], [ 479216.087004904227797, 385176.677144078304991 ], [ 479400.971496902871877, 385199.609984890266787 ] ] } },
{ "type": "Feature", "properties": { "location": null, "name": null, "phases": null, "osm_id": "91220224", "source": "Bing", "brand": null, "cables": "6", "circuits": "2", "voltage": "400000;275000", "max_voltage": 400000.0, "ref": "ZN", "owner": null, "operator": "National Grid Electricity Transmission", "len": 13926.059463374639 }, "geometry": { "type": "LineString", "coordinates": [ [ 401773.698517354496289, 261554.279351895209402 ], [ 401440.493001126626041, 262083.159926707507111 ], [ 396758.705515159468632, 265539.19996948359767 ], [ 395098.837877648416907, 266557.709758164361119 ], [ 394448.138452703948133, 267666.372980410873424 ], [ 391983.072437482711393, 270349.540449277905282 ], [ 391656.339188962301705, 270858.935091828054283 ] ] } },
{ "type": "Feature", "properties": { "location": null, "name": null, "phases": null, "osm_id": "91885297", "source": "Bing", "brand": null, "cables": "6", "circuits": "2", "voltage": "400000;275000", "max_voltage": 400000.0, "ref": "ZN", "owner": null, "operator": "National Grid Electricity Transmission", "len": 18933.364760190849 }, "geometry": { "type": "LineString", "coordinates": [ [ 387433.33780563302571, 277228.858705554972403 ], [ 386473.082026382209733, 278211.167665102693718 ], [ 387498.965382028662134, 285170.979849803901743 ], [ 386228.663017712184228, 287911.756836571206804 ], [ 386680.799027673376258, 288883.413355730706826 ], [ 386812.183019238931593, 290038.47781990171643 ], [ 386424.926182480470743, 291524.886185717710759 ], [ 386096.618910616612993, 291976.690665964735672 ], [ 385567.565674082667101, 294795.324241352500394 ], [ 385630.770487013214733, 295095.978217729425523 ] ] } },
{ "type": "Feature", "properties": { "location": null, "name": "National Grid Coventry - Castle Donington", "phases": null, "osm_id": "92253042", "source": "Bing", "brand": null, "cables": "6", "circuits": "2", "voltage": "400000;275000", "max_voltage": 400000.0, "ref": "ZLA", "owner": null, "operator": "National Grid", "len": 3581.6725072026916 }, "geometry": { "type": "LineString", "coordinates": [ [ 440207.641442131367512, 326906.131388185662217 ], [ 440293.749842883029487, 327219.496551444812212 ], [ 441901.212047248729505, 327978.566911844536662 ], [ 443372.440140053862706, 327826.962758631096222 ] ] } },
{ "type": "Feature", "properties": { "location": null, "name": "National Grid Macclesfield-ZE", "phases": null, "osm_id": "92419250", "source": null, "brand": null, "cables": "6", "circuits": "2", "voltage": "400000", "max_voltage": 400000.0, "ref": "ZEA", "owner": null, "operator": "National Grid", "len": 5299.9942851205424 }, "geometry": { "type": "LineString", "coordinates": [ [ 387821.484353368752636, 373226.937258076563012 ], [ 388862.079073968459852, 375038.17486767959781 ], [ 390805.528779798652977, 375160.208596675074659 ], [ 391958.851987365400419, 374643.362585292197764 ] ] } },
{ "type": "Feature", "properties": { "location": null, "name": "National Grid Walham-Rassau", "phases": null, "osm_id": "92483461", "source": "Bing", "brand": null, "cables": "6", "circuits": "2", "voltage": "400000", "max_voltage": 400000.0, "ref": "4YU", "owner": null, "operator": null, "len": 26070.115645981772 }, "geometry": { "type": "LineString", "coordinates": [ [ 358527.592491575458553, 221237.419614770275075 ], [ 359540.344162222347222, 221602.972788974468131 ], [ 360414.49262942513451, 221347.539473608077969 ], [ 361201.204568654065952, 222118.31809353036806 ], [ 361992.267061156046111, 222063.106388603977393 ], [ 364219.571420648077037, 221453.760580362170003 ], [ 365384.913744973193388, 222234.469718114531133 ], [ 366955.577122046088334, 222061.412517315533478 ], [ 368529.415122458362021, 222728.498353020986542 ], [ 369645.389931072772015, 223692.937067582970485 ], [ 371888.092083654424641, 223266.928758596710395 ], [ 373283.478856381727383, 223298.477305948501453 ], [ 376187.41667975083692, 223122.127207551267929 ], [ 376425.684877963445615, 222990.27026284794556 ], [ 376646.635597196000163, 222845.414551033347379 ], [ 376948.388963277684525, 222650.287175731442403 ], [ 377274.537270370754413, 222443.165734356094617 ], [ 377619.700589831161778, 222216.949605776695535 ], [ 378802.826949684531428, 221460.491525324527174 ], [ 379186.25955065805465, 221375.656481447629631 ], [ 379510.257774504949339, 221314.585721721407026 ], [ 379862.718981220968999, 221240.907995234359987 ], [ 380166.40448054112494, 221176.680754327215254 ], [ 380882.270559474942274, 221027.721222511958331 ], [ 382533.804821860452648, 220086.58705552428728 ] ] } },
{ "type": "Feature", "properties": { "location": null, "name": "National Grid Daines-Macclesfield", "phases": null, "osm_id": "92529448", "source": null, "brand": null, "cables": "6", "circuits": "2", "voltage": "400000", "max_voltage": 400000.0, "ref": "ZE", "owner": null, "operator": "National Grid", "len": 13979.948970649029 }, "geometry": { "type": "LineString", "coordinates": [ [ 378692.646020580956247, 381664.600263620784972 ], [ 378112.090312042389996, 382013.480994698184077 ], [ 374317.896490203333087, 386048.422209115582518 ], [ 373184.107365426840261, 386367.963715175050311 ], [ 372627.768262565950863, 387079.633756147930399 ], [ 373424.738877680327278, 389635.424157412722707 ], [ 374361.323784980631899, 390981.443468048644718 ], [ 374637.226108496019151, 391503.142849272757303 ], [ 375063.171590237761848, 391933.79033827787498 ], [ 375013.791972927399911, 392096.306444231770001 ] ] } },
{ "type": "Feature", "properties": { "location": null, "name": "Carrington to South Manchester", "phases": null, "osm_id": "92676047", "source": null, "brand": null, "cables": "6", "circuits": "2", "voltage": "400000;275000", "max_voltage": 400000.0, "ref": "ZZN", "owner": null, "operator": "National Grid Electricity Transmission", "len": 1853.0580749683365 }, "geometry": { "type": "LineString", "coordinates": [ [ 373450.456261961895507, 393298.238545648986474 ], [ 375302.772574668808375, 393245.812341464217752 ] ] } },
{ "type": "Feature", "properties": { "location": null, "name": null, "phases": null, "osm_id": "92676052", "source": null, "brand": null, "cables": "6", "circuits": "2", "voltage": "400000", "max_voltage": 400000.0, "ref": "ZE", "owner": null, "operator": "National Grid Electricity Transmission", "len": 1931.3134598541724 }, "geometry": { "type": "LineString", "coordinates": [ [ 374918.544591777259484, 392303.758030094380956 ], [ 374904.383817657246254, 392633.550228789914399 ], [ 374543.819455993594602, 393205.221989341487642 ], [ 373618.590350440586917, 393219.305115060298704 ] ] } },
{ "type": "Feature", "properties": { "location": null, "name": null, "phases": null, "osm_id": "92676054", "source": null, "brand": null, "cables": "6", "circuits": "2", "voltage": "400000;275000", "max_voltage": 400000.0, "ref": "ZO", "owner": null, "operator": "National Grid Electricity Transmission", "len": 1806.3703947950453 }, "geometry": { "type": "LineString", "coordinates": [ [ 373647.08179239142919, 393175.845107848232146 ], [ 374529.253524590807501, 393135.776898514362983 ], [ 374805.750550620257854, 392254.861289512948133 ] ] } },
{ "type": "Feature", "properties": { "location": null, "name": null, "phases": null, "osm_id": "92737153", "source": null, "brand": null, "cables": "6", "circuits": "2", "voltage": "275000;0", "max_voltage": 275000.0, "ref": "YO", "owner": null, "operator": "National Grid Electricity Transmission", "len": 7070.8710924979214 }, "geometry": { "type": "LineString", "coordinates": [ [ 387838.697595497709699, 390199.889521434670314 ], [ 384650.066332243732177, 389294.608317225996871 ], [ 383775.39045714691747, 389687.216451661661267 ], [ 383265.01591757836286, 390617.292115724296309 ], [ 381731.908500411198474, 391432.916385514137801 ] ] } },
{ "type": "Feature", "properties": { "location": null, "name": "Drakelow-Bustleholm", "phases": null, "osm_id": "93258757", "source": "Bing", "brand": null, "cables": "6", "circuits": "2", "voltage": "400000", "max_voltage": 400000.0, "ref": "4YP", "owner": null, "operator": "National Grid", "len": 33659.963759530379 }, "geometry": { "type": "LineString", "coordinates": [ [ 403388.722804567427374, 294942.430435507034417 ], [ 404649.397730273893103, 295126.098001352103893 ], [ 404867.619626851170324, 295739.041673352010548 ], [ 406433.268578415911179, 296816.207739242643584 ], [ 406586.363896097813267, 297110.45206292765215 ], [ 406070.3641053357278, 298850.069702120497823 ], [ 407814.492503067362122, 302664.269802233320661 ], [ 410857.488187525828835, 305978.810975788393989 ], [ 411500.948495933203958, 306278.792008742922917 ], [ 414619.285431943892036, 309666.285698881139979 ], [ 417406.242199294269085, 311420.021468602935784 ], [ 418521.504742251534481, 312305.037667039490771 ], [ 420701.379813606268726, 313328.959087749361061 ], [ 423294.748299904575106, 317581.518554355425294 ], [ 423559.515883476356976, 319134.111922529758886 ] ] } },
{ "type": "Feature", "properties": { "location": null, "name": "National Grid - Bustleholm to ZF", "phases": null, "osm_id": "93261459", "source": "bing;bing;OS 1:25k;bing", "brand": null, "cables": "6", "circuits": "2", "voltage": "400000;275000", "max_voltage": 400000.0, "ref": "ZFA", "owner": null, "operator": "National Grid", "len": 18796.882176732666 }, "geometry": { "type": "LineString", "coordinates": [ [ 402811.005491666786838, 294922.867472230049316 ], [ 404642.738544059800915, 294951.350122534262482 ], [ 404911.702576002979185, 295707.693669343891088 ], [ 406489.249886341858655, 296793.154200770484749 ], [ 406668.657096511509735, 297109.460414933972061 ], [ 406370.376475916767959, 298082.461908937839326 ], [ 407162.866628242481966, 298953.794816154113505 ], [ 407187.061082901491318, 300581.436086628586054 ], [ 408299.031409665651154, 301230.454617086914368 ], [ 410588.277328942902386, 301796.51345004705945 ], [ 413562.031018339388538, 301794.175787604181096 ], [ 414265.566238647443242, 301999.941923335485626 ], [ 416972.049066609935835, 302085.046637069259305 ] ] } },
{ "type": "Feature", "properties": { "location": null, "name": null, "phases": null, "osm_id": "94004581", "source": "Bing", "brand": null, "cables": "6", "circuits": "2", "voltage": "400000", "max_voltage": 400000.0, "ref": "YYH", "owner": null, "operator": null, "len": 1456.8976321476894 }, "geometry": { "type": "LineString", "coordinates": [ [ 341602.067765815474559, 459890.570126737002283 ], [ 340830.880009384127334, 460108.367752030375414 ], [ 340297.942353700578678, 459726.639523786609061 ] ] } },
{ "type": "Feature", "properties": { "location": null, "name": null, "phases": null, "osm_id": "94004586", "source": "Bing", "brand": null, "cables": "6", "circuits": "2", "voltage": "400000", "max_voltage": 400000.0, "ref": "YYG", "owner": null, "operator": "NGET", "len": 1681.7637248584442 }, "geometry": { "type": "LineString", "coordinates": [ [ 341582.375986003899015, 459963.772478532628156 ], [ 340834.508122054627165, 460155.425468231900595 ], [ 339964.311291866353713, 459890.161809618817642 ] ] } },
{ "type": "Feature", "properties": { "location": null, "name": "Heysham-Stanah", "phases": null, "osm_id": "94007288", "source": "Bing", "brand": null, "cables": "6", "circuits": "2", "voltage": "400000", "max_voltage": 400000.0, "ref": "4TD", "owner": null, "operator": "National Grid", "len": 25581.58953189641 }, "geometry": { "type": "LineString", "coordinates": [ [ 341872.877817701373715, 459899.946330251987092 ], [ 342190.696257720643189, 459970.198339093942195 ], [ 342473.821682744077407, 460034.393398177227937 ], [ 344729.369764135277364, 459406.931298082577996 ], [ 347109.488600287586451, 458005.422345072613098 ], [ 347305.810255245771259, 450643.202070002676919 ], [ 346606.947326808411162, 449026.545651181833819 ], [ 344799.582020740723237, 446383.203704795101658 ], [ 343460.721077339025214, 444101.222932526026852 ], [ 341330.840829829045106, 443260.709664414287545 ], [ 338812.024197266611736, 442621.041018596151844 ] ] } },
{ "type": "Feature", "properties": { "location": null, "name": null, "phases": null, "osm_id": "94583943", "source": null, "brand": null, "cables": "3", "circuits": null, "voltage": "400000", "max_voltage": 400000.0, "ref": null, "owner": null, "operator": "SP Energy Networks", "len": 1263.6271949567727 }, "geometry": { "type": "LineString", "coordinates": [ [ 329659.944031501188874, 371140.069612839142792 ], [ 328403.444947851705365, 371006.040733032103162 ] ] } },
{ "type": "Feature", "properties": { "location": null, "name": "National Grid Seven Springs - Walham", "phases": null, "osm_id": "95279315", "source": "Bing;local knowledge", "brand": null, "cables": "6", "circuits": "2", "voltage": "400000", "max_voltage": 400000.0, "ref": "ZFB", "owner": null, "operator": "National Grid", "len": 19106.792560848866 }, "geometry": { "type": "LineString", "coordinates": [ [ 382716.974949527764693, 220088.250408991181757 ], [ 383623.03408427524846, 221157.206811587209813 ], [ 384246.213585387857165, 221378.590115409053396 ], [ 385819.534298700164072, 220666.0320640738355 ], [ 386359.675087736512069, 220154.111206142115407 ], [ 386988.252035160257947, 218489.822720265190583 ], [ 388041.681436948070768, 217827.41791405226104 ], [ 389016.880630700208712, 217890.087297650112305 ], [ 391233.884924261714332, 219220.815016741282307 ], [ 392212.30031369253993, 219496.381093523057643 ], [ 394007.090496308926959, 218536.225841661449522 ], [ 394525.49541263282299, 217353.526123737799935 ], [ 395743.695855479512829, 217410.920630860899109 ], [ 398076.948040686489549, 216755.214833519887179 ] ] } },
{ "type": "Feature", "properties": { "location": null, "name": "National Grid Seven Springs - Feckenham", "phases": null, "osm_id": "95279330", "source": "Bing", "brand": null, "cables": "6", "circuits": "2", "voltage": "400000", "max_voltage": 400000.0, "ref": "ZF", "owner": null, "operator": "National Grid", "len": 45746.371856568025 }, "geometry": { "type": "LineString", "coordinates": [ [ 404736.183448142954148, 260444.907598174875602 ], [ 404174.936283099814318, 255920.819740313629154 ], [ 404387.936135821742937, 251755.904097982856911 ], [ 403348.363152024918236, 248754.993096830672584 ], [ 403032.582709890906699, 246912.318069112021476 ], [ 401724.836167808854952, 243568.849803661752958 ], [ 400149.015148369944654, 237093.136997863824945 ], [ 399143.513844928122126, 232028.975493766018189 ], [ 398922.077081694675144, 229492.989506018639077 ], [ 400913.999232116446365, 227244.281343106355052 ], [ 401176.461359659268055, 225798.873188865429256 ], [ 399775.041064679098781, 222081.749921005393844 ], [ 398117.417939420731273, 218799.518866030673962 ], [ 398138.688153867202345, 216913.972502178454306 ] ] } },
{ "type": "Feature", "properties": { "location": null, "name": "National Grid Trawsfynydd-Treuddyn", "phases": null, "osm_id": "95341330", "source": null, "brand": null, "cables": "6", "circuits": "2", "voltage": "400000", "max_voltage": 400000.0, "ref": "ZK", "owner": null, "operator": "National Grid", "len": 64032.39475922726 }, "geometry": { "type": "LineString", "coordinates": [ [ 323265.276337281044107, 358345.990549775655381 ], [ 322316.616631085867994, 355904.252118575677741 ], [ 320949.283408477902412, 354590.840998944826424 ], [ 321136.270381560199894, 352966.077536875673104 ], [ 318648.417639870604035, 349617.085955993505195 ], [ 317203.352432657033205, 348387.894160010793712 ], [ 314606.921180534583982, 346929.992164792725816 ], [ 312096.855206323554739, 346030.433741347980686 ], [ 309015.399351223022677, 346088.40615231951233 ], [ 305443.839360153127927, 345668.763669668871444 ], [ 302034.69588418037165, 343284.062006253923755 ], [ 299538.36590573657304, 342191.714535326929763 ], [ 297602.650026446790434, 341106.743189694476314 ], [ 296771.806730019277893, 339946.114880586450454 ], [ 294151.10987357533304, 338633.630938404006884 ], [ 290950.256227525533177, 338948.57938879285939 ], [ 288335.85889071051497, 338051.891527609725017 ], [ 286642.843900190724526, 337943.05138646659907 ], [ 285698.153004082792904, 339103.938400110520888 ], [ 283435.288787881669123, 339521.194225677580107 ], [ 281516.431908480997663, 339177.36337911139708 ], [ 280523.040352156851441, 338635.9956228263909 ], [ 276224.554953113605734, 339014.538577462371904 ], [ 271990.914177762111649, 337625.968314956175163 ], [ 270154.986302304838318, 338700.057305356836878 ], [ 269618.023788815480657, 338495.763940486533102 ] ] } },
{ "type": "Feature", "properties": { "location": null, "name": "Cottam - Keadby", "phases": null, "osm_id": "95475601", "source": null, "brand": null, "cables": "6", "circuits": "2", "voltage": "400000", "max_voltage": 400000.0, "ref": "4VE", "owner": null, "operator": "National Grid Electricity Transmission", "len": 6593.1383491754286 }, "geometry": { "type": "LineString", "coordinates": [ [ 479400.971496902871877, 385199.609984890266787 ], [ 479320.464797923224978, 384716.855098554689903 ], [ 481038.389800695411395, 379039.661160057934467 ], [ 481165.526078167138621, 378923.381637315091211 ] ] } },
{ "type": "Feature", "properties": { "location": null, "name": null, "phases": null, "osm_id": "95475605", "source": null, "brand": null, "cables": "6", "circuits": "2", "voltage": "400000", "max_voltage": 400000.0, "ref": "ZDA", "owner": null, "operator": "National Grid Electricity Transmission", "len": 6364.4797723553975 }, "geometry": { "type": "LineString", "coordinates": [ [ 479337.680782747280318, 385096.703645893838257 ], [ 479248.166734943573829, 384740.943710315739736 ], [ 480973.293457790510729, 378996.771232909173705 ] ] } },
{ "type": "Feature", "properties": { "location": null, "name": "National Grid Cilfynydd-Swansea North", "phases": null, "osm_id": "95749841", "source": null, "brand": null, "cables": "6", "circuits": "2", "voltage": "400000", "max_voltage": 400000.0, "ref": "4YW", "owner": null, "operator": null, "len": 60942.656566204801 }, "geometry": { "type": "LineString", "coordinates": [ [ 264971.647578472737223, 200844.90065871970728 ], [ 267088.571892181178555, 201348.217613474174868 ], [ 268131.239576271851547, 200931.65374854800757 ], [ 269089.661496619344689, 200153.020583284436725 ], [ 270518.983977114781737, 199912.893141181382816 ], [ 271152.511860109341796, 200169.165006561088376 ], [ 272640.032775691652205, 201532.537528846238274 ], [ 277192.357947768701706, 201351.380817242024932 ], [ 278513.400092466385104, 199793.72429994144477 ], [ 279816.801431975211017, 197403.682546461990569 ], [ 279459.976201536657754, 195802.07795002189232 ], [ 281080.244513864163309, 193054.777065771224443 ], [ 281989.5585949056549, 192711.53692034521373 ], [ 284776.477968416758813, 190029.452707383665256 ], [ 285296.222296150226612, 188703.699852927064057 ], [ 287101.045881437312346, 187349.154992342402693 ], [ 288875.64263855793979, 187207.981502213457134 ], [ 289607.846286213956773, 186137.46227658103453 ], [ 290826.431547955027781, 185998.158783380757086 ], [ 291460.971597261261195, 185374.038053865137044 ], [ 292475.514544978039339, 183737.15970244264463 ], [ 294776.155983721953817, 183088.292050076590385 ], [ 297299.920780618325807, 184165.848971227242146 ], [ 298957.133819098235108, 184635.18254359648563 ], [ 301381.361267461208627, 186219.920506401336752 ], [ 303684.585379071184434, 187431.946638148685452 ], [ 305242.618577621993609, 188455.081123855314218 ], [ 305799.390654531249311, 189666.40616377821425 ], [ 305564.306783577660099, 191058.826078397454694 ], [ 306495.48559687496163, 192385.980173894960899 ], [ 307328.341101924364921, 193144.364392018294893 ], [ 307516.840034741617274, 193310.832004222029354 ], [ 309511.963428566174116, 193011.559407458873466 ], [ 309826.118607198586687, 193382.204181820445228 ] ] } },
{ "type": "Feature", "properties": { "location": null, "name": null, "phases": null, "osm_id": "95750358", "source": null, "brand": null, "cables": "6", "circuits": "2", "voltage": "400000", "max_voltage": 400000.0, "ref": "4YY", "owner": null, "operator": null, "len": 12585.053884725727 }, "geometry": { "type": "LineString", "coordinates": [ [ 304974.115853632159997, 204383.674339136807248 ], [ 305005.07216731493827, 204076.888004307053052 ], [ 306865.853473915660288, 201206.033671730430797 ], [ 306546.774728403484914, 200036.860085800464731 ], [ 307628.586398499435745, 198171.016355252300855 ], [ 308142.025758774369024, 196323.135424627223983 ], [ 308922.434381302096881, 195826.568614228919614 ], [ 309477.980499661411159, 193898.73867169051664 ], [ 310114.720129149151035, 193933.421310653386172 ] ] } },
{ "type": "Feature", "properties": { "location": null, "name": null, "phases": null, "osm_id": "95895488", "source": null, "brand": null, "cables": "6", "circuits": "2", "voltage": "400000", "max_voltage": 400000.0, "ref": "4YU", "owner": null, "operator": null, "len": 14064.727950315602 }, "geometry": { "type": "LineString", "coordinates": [ [ 304974.115853632159997, 204383.674339136807248 ], [ 306243.670297156902961, 204718.164301263925154 ], [ 307332.070073027629405, 205361.409902611630969 ], [ 308763.719014559115749, 207287.467044033051934 ], [ 310048.36391858936986, 209798.275910320924595 ], [ 310620.646193663822487, 210333.5122017392423 ], [ 313547.55081122223055, 211452.89916670054663 ], [ 315371.000177562527824, 212935.506678605859634 ] ] } },
{ "type": "Feature", "properties": { "location": null, "name": "Walham-Rassau", "phases": null, "osm_id": "95895670", "source": null, "brand": null, "cables": "6", "circuits": "2", "voltage": "400000", "max_voltage": 400000.0, "ref": "4YU", "owner": null, "operator": "National Grid", "len": 46310.684979120015 }, "geometry": { "type": "LineString", "coordinates": [ [ 315371.000177562527824, 212935.506678605859634 ], [ 315548.882059556373861, 213077.966871709213592 ], [ 318944.704586422012653, 213799.198310509964358 ], [ 320621.659722886106465, 212926.69827089557657 ], [ 321082.091474829940125, 212600.085573147400282 ], [ 321094.558868507156149, 212310.085989486891776 ], [ 322013.71423626167234, 211785.420515903213527 ], [ 322671.704378316760994, 211902.214540552988183 ], [ 323476.301016073091887, 213427.990494030411355 ], [ 324260.28234572726069, 213824.022049882914871 ], [ 326514.319262448465452, 214307.479971022112295 ], [ 329052.564955517649651, 213464.066769674944226 ], [ 330563.632481334498152, 212617.800756148062646 ], [ 331340.941629029810429, 213068.947209873935208 ], [ 331932.395589045248926, 213020.184671711933333 ], [ 332173.757540337683167, 213055.927040643873625 ], [ 332471.126957564498298, 213107.312143054557964 ], [ 332825.785628080018796, 213171.562816279474646 ], [ 333148.295288689492736, 213251.117040982528124 ], [ 333463.232647164491937, 213332.894599500112236 ], [ 334606.495585489436053, 213632.573289909807499 ], [ 336129.639154390606564, 212739.086755585158244 ], [ 338807.157594064134173, 214790.8298788817483 ], [ 340329.621696916292422, 216880.994270956609398 ], [ 343139.835046637745108, 217798.1505463970243 ], [ 346583.672671727836132, 219092.871683902165387 ], [ 348982.916011575609446, 219083.519982257392257 ], [ 349945.806866387836635, 219787.730996911181137 ], [ 352966.164932457671966, 220400.048679943371098 ], [ 353648.924774258281104, 219839.184442544996273 ], [ 356314.818106570048258, 219959.875890477618668 ] ] } },
{ "type": "Feature", "properties": { "location": null, "name": null, "phases": null, "osm_id": "96067518", "source": "Bing", "brand": null, "cables": "6", "circuits": "2", "voltage": "275000", "max_voltage": 275000.0, "ref": "YYC", "owner": null, "operator": "National Grid Electricity Transmission", "len": 10613.850974859113 }, "geometry": { "type": "LineString", "coordinates": [ [ 383655.004027151851915, 268347.324219793139491 ], [ 383553.334662255132571, 269394.690865303855389 ], [ 383008.336566915095318, 271149.66746276000049 ], [ 383608.485871770710219, 272744.425938541709911 ], [ 385059.803699289041106, 274120.857505312364083 ], [ 385816.003336473193485, 275744.422098301642109 ], [ 387293.280479010427371, 276746.954852717812173 ], [ 387613.368984353321139, 277053.749392217840068 ] ] } },
{ "type": "Feature", "properties": { "location": null, "name": null, "phases": null, "osm_id": "96067522", "source": "Bing", "brand": null, "cables": "6", "circuits": "2", "voltage": "275000", "max_voltage": 275000.0, "ref": "YYB", "owner": null, "operator": "National Grid Electricity Transmission", "len": 8682.0937069521897 }, "geometry": { "type": "LineString", "coordinates": [ [ 391580.412049833568744, 271011.888608883600682 ], [ 391320.544381836545654, 270856.574785308912396 ], [ 390044.361985091702081, 270323.585308844514657 ], [ 388759.892641851853114, 269724.705494502792135 ], [ 388196.024337986833416, 269584.658608224184718 ], [ 386077.737733205663972, 268282.888288850081153 ], [ 384646.593072713061702, 268271.715550649154466 ], [ 383586.408913389197551, 268062.56328721519094 ] ] } },
{ "type": "Feature", "properties": { "location": null, "name": null, "phases": null, "osm_id": "96107745", "source": "Bing", "brand": null, "cables": "6", "circuits": "2", "voltage": "400000;275000", "max_voltage": 400000.0, "ref": "ZF", "owner": null, "operator": "National Grid Electricity Transmission", "len": 24766.684196041853 }, "geometry": { "type": "LineString", "coordinates": [ [ 419429.550191056565382, 277368.795966208388563 ], [ 419970.698498859535903, 275665.829776217695326 ], [ 419580.379030479991343, 273499.436430385045242 ], [ 419322.681147538532969, 270902.644751366460696 ], [ 417211.76586906297598, 268199.691383276309352 ], [ 414397.319451186456718, 267259.149332297442015 ], [ 412320.929486942419317, 265375.456374061875977 ], [ 408440.389253872679546, 262146.873167649202514 ], [ 404767.712523613008671, 260775.22596190526383 ] ] } },
{ "type": "Feature", "properties": { "location": null, "name": "National Grid Didcot-Bramley", "phases": null, "osm_id": "96645598", "source": "Bing", "brand": null, "cables": "6", "circuits": "2", "voltage": "400000", "max_voltage": 400000.0, "ref": "4YG", "owner": null, "operator": "National Grid", "len": 24196.810027454529 }, "geometry": { "type": "LineString", "coordinates": [ [ 458175.295362966018729, 179496.317875851411372 ], [ 461202.055845490191132, 175942.4694817950367 ], [ 460740.954374500201084, 175474.561037738865707 ], [ 461628.402078701648861, 173784.765907183114905 ], [ 463468.392686124658212, 173229.256186025275383 ], [ 464847.885766931343824, 171496.249551240121946 ], [ 465359.586894641513936, 169541.869028690038249 ], [ 464009.023805227712728, 167975.45465293887537 ], [ 463988.029135368124116, 164100.236605133046396 ], [ 465355.393623766256496, 161671.762410754396114 ], [ 465321.722367008216679, 161008.232411201810464 ], [ 464331.01366099761799, 160417.08911347220419 ], [ 464321.515214695828035, 160159.977686007041484 ] ] } },
{ "type": "Feature", "properties": { "location": null, "name": "National Grid Grain-Kemsley", "phases": null, "osm_id": "100722595", "source": null, "brand": null, "cables": "6", "circuits": "2", "voltage": "400000", "max_voltage": 400000.0, "ref": "4TL", "owner": null, "operator": "National Grid", "len": 1162.1586998546429 }, "geometry": { "type": "LineString", "coordinates": [ [ 588153.621110862004571, 174254.70459098694846 ], [ 588465.481018847087398, 174377.854844196059275 ], [ 588837.119614298455417, 175116.49460910144262 ] ] } },
{ "type": "Feature", "properties": { "location": null, "name": null, "phases": null, "osm_id": "100773227", "source": "Bing", "brand": null, "cables": "6", "circuits": "2", "voltage": "400000", "max_voltage": 400000.0, "ref": "ZJA", "owner": null, "operator": null, "len": 2689.1718122623784 }, "geometry": { "type": "LineString", "coordinates": [ [ 573976.608455109409988, 182383.294686202192679 ], [ 572518.333318149438128, 183296.465773983101826 ], [ 571829.999377636355348, 183146.019984581740573 ], [ 571570.566664779093117, 183194.878661214665044 ] ] } },
{ "type": "Feature", "properties": { "location": null, "name": null, "phases": null, "osm_id": "100861731", "source": "Bing", "brand": null, "cables": "6", "circuits": "2", "voltage": "400000", "max_voltage": 400000.0, "ref": "4TM", "owner": null, "operator": "National Grid Electricity Transmission", "len": 20936.683278884073 }, "geometry": { "type": "LineString", "coordinates": [ [ 482317.541344982106239, 411865.696152617456391 ], [ 482524.87519783800235, 411254.527531444269698 ], [ 481568.645222086401191, 407754.876122523040976 ], [ 478784.657403740333393, 396395.575111306912731 ], [ 478293.931384008086752, 395370.74110769451363 ], [ 478123.702207620663103, 394344.187579124874901 ], [ 478488.83208010456292, 391895.126813778129872 ], [ 478659.000387301726732, 391630.14447166013997 ] ] } },
{ "type": "Feature", "properties": { "location": null, "name": "National Grid Warley-Tilbury", "phases": null, "osm_id": "101008941", "source": "Bing", "brand": null, "cables": "6", "circuits": "2", "voltage": "275000", "max_voltage": 275000.0, "ref": "ZB", "owner": null, "operator": "National Grid", "len": 13337.084347861042 }, "geometry": { "type": "LineString", "coordinates": [ [ 559751.413008091389202, 186253.490210580755956 ], [ 560860.616565469070338, 185188.1206672815606 ], [ 563277.360106587409973, 180325.317137154925149 ], [ 566028.064489300479181, 179823.074236835411284 ], [ 566735.701082100044005, 178262.102552949276287 ], [ 566559.431357511901297, 177623.052676250750665 ], [ 566471.578930474002846, 177311.73867044999497 ], [ 566407.097827145480551, 177081.982398453343194 ], [ 566315.333087893202901, 176752.72323110565776 ], [ 566240.738987409509718, 176470.422654322115704 ] ] } },
{ "type": "Feature", "properties": { "location": null, "name": "National Grid Warley-Waltham Cross", "phases": null, "osm_id": "101008949", "source": null, "brand": null, "cables": "6", "circuits": "2", "voltage": "275000", "max_voltage": 275000.0, "ref": "ZB", "owner": null, "operator": "National Grid", "len": 32599.076143533508 }, "geometry": { "type": "LineString", "coordinates": [ [ 559746.951715476694517, 186324.20812212099554 ], [ 558632.852483539842069, 188204.676990460604429 ], [ 556291.136161624919623, 188619.07076954288641 ], [ 555811.408742175670341, 189410.965754700882826 ], [ 556738.952732010278851, 191436.403093423868995 ], [ 556126.394548572716303, 193334.19608801882714 ], [ 554460.997621808433905, 194533.793179252417758 ], [ 554093.84484803606756, 195558.807840377674438 ], [ 552420.222597772022709, 197835.414642540679779 ], [ 550617.429125883500092, 199171.563991660659667 ], [ 548726.620226191706024, 199143.495009210484568 ], [ 547046.559713729424402, 200248.86319808854023 ], [ 545887.487634938093834, 200415.892604546155781 ], [ 544458.984447926981375, 202350.357502074853983 ], [ 543149.423604800831527, 203054.401963210548274 ], [ 540170.525106479180977, 202328.595015076396521 ], [ 538306.859472032752819, 203546.080823841039091 ], [ 537890.194050145801157, 203597.475629443477374 ] ] } },
{ "type": "Feature", "properties": { "location": null, "name": "National Grid Bramford-Sizewell", "phases": null, "osm_id": "101010481", "source": "image", "brand": null, "cables": "6", "circuits": "2", "voltage": "400000", "max_voltage": 400000.0, "ref": "4ZW", "owner": null, "operator": null, "len": 43140.443785681658 }, "geometry": { "type": "LineString", "coordinates": [ [ 610063.051245253998786, 245930.278693698055577 ], [ 610035.660565030178986, 246448.730983256304171 ], [ 610884.96675391215831, 247570.280998566595372 ], [ 612817.825516149401665, 247476.491613145451993 ], [ 615880.009720013360493, 248750.507679407135583 ], [ 620336.985024853725918, 250397.384015445655677 ], [ 623942.484866097336635, 252680.04647706693504 ], [ 625591.828855024999939, 253588.264697041013278 ], [ 630335.428696900140494, 254388.499344318697695 ], [ 632879.594421519548632, 256377.089162033167668 ], [ 637116.491810662671924, 257950.361097738496028 ], [ 639120.095900885062292, 259916.542984904081095 ], [ 641540.763939248514362, 261564.719196405319963 ], [ 643904.961351867881604, 261200.942910111451056 ], [ 645964.861292207147926, 261669.289404563256539 ], [ 646967.893325591692701, 262746.291262879909482 ], [ 647065.035742623731494, 263529.999942446534988 ] ] } },
{ "type": "Feature", "properties": { "location": null, "name": "Walpole-?", "phases": null, "osm_id": "101014312", "source": null, "brand": null, "cables": "3", "circuits": "1", "voltage": "400000", "max_voltage": 400000.0, "ref": null, "owner": null, "operator": null, "len": 3578.1634893381665 }, "geometry": { "type": "LineString", "coordinates": [ [ 547941.977109253173694, 319826.763103333069012 ], [ 547965.1495239965152, 319422.657964710553642 ], [ 547863.392408436513506, 319075.454149864322972 ], [ 547779.276774187805131, 318790.940508758416399 ], [ 547674.207845702418126, 318433.466867780021857 ], [ 547459.714422109769657, 317690.8786740762298 ], [ 548446.294932685792446, 316741.245820859854575 ] ] } },
{ "type": "Feature", "properties": { "location": null, "name": "National Grid Bicker Fen-Walpole", "phases": null, "osm_id": "101080881", "source": null, "brand": null, "cables": "6", "circuits": "2", "voltage": "400000", "max_voltage": 400000.0, "ref": "4ZM", "owner": null, "operator": "National Grid Electricity Transmission", "len": 23439.55746920875 }, "geometry": { "type": "LineString", "coordinates": [ [ 548426.637293501757085, 316536.760080346604809 ], [ 548235.441041996236891, 316541.059507889673114 ], [ 548022.844875420676544, 316910.082827976031695 ], [ 547839.24279067479074, 317212.846585944236722 ], [ 547444.79722136631608, 317365.480702294618823 ], [ 546069.079417582019232, 317214.967757858161349 ], [ 544059.745678675244562, 317312.095834785141051 ], [ 543380.29035882523749, 317727.417437379073817 ], [ 541007.036735516740009, 320126.415866162744351 ], [ 537016.185654252767563, 321528.198850700689945 ], [ 534458.29978465847671, 323720.324285735434387 ], [ 533801.235473079490475, 325234.240064982615877 ], [ 531936.779986819252372, 325884.775182802812196 ], [ 529968.689590129535645, 328477.74507934122812 ] ] } },
{ "type": "Feature", "properties": { "location": null, "name": null, "phases": null, "osm_id": "101365756", "source": "Bing", "brand": null, "cables": "6", "circuits": "2", "voltage": "275000", "max_voltage": 275000.0, "ref": "ZZS", "owner": null, "operator": "National Grid Electricity Transmission", "len": 11842.315514088128 }, "geometry": { "type": "LineString", "coordinates": [ [ 302434.972226666577626, 177320.10839328088332 ], [ 301062.587171626510099, 174647.703295388724655 ], [ 301131.176405723788776, 173171.513771420286503 ], [ 301947.319815868977457, 170630.817912323051132 ], [ 303032.120884451374877, 169664.797914204071276 ], [ 302869.602368825930171, 168324.164654611377046 ], [ 302946.663510428392328, 167687.180915436416399 ], [ 302486.928225862560794, 166527.891953261569142 ] ] } },
{ "type": "Feature", "properties": { "location": null, "name": "National Grid Sundon-Wymondley", "phases": null, "osm_id": "102279895", "source": null, "brand": null, "cables": "6", "circuits": "2", "voltage": "400000", "max_voltage": 400000.0, "ref": "4TA", "owner": null, "operator": null, "len": 17756.473922327008 }, "geometry": { "type": "LineString", "coordinates": [ [ 520377.418606077844743, 226729.973546870518476 ], [ 519166.503333199012559, 226111.275582183210645 ], [ 514316.839317755075172, 228202.554317173024174 ], [ 509858.085958063835278, 227889.240920633892529 ], [ 508618.41540075436933, 228027.613505183777306 ], [ 506697.093751522130333, 227593.874346518830862 ], [ 503877.596873204282019, 227198.005251076538116 ], [ 503361.070924095693044, 227464.807992767484393 ] ] } },
{ "type": "Feature", "properties": { "location": null, "name": "Barking-Redbridge", "phases": null, "osm_id": "102549056", "source": null, "brand": null, "cables": "6", "circuits": "2", "voltage": "275000", "max_voltage": 275000.0, "ref": "ZBH", "owner": null, "operator": "National Grid", "len": 10480.684492755514 }, "geometry": { "type": "LineString", "coordinates": [ [ 546567.548401814419776, 182382.603968179493677 ], [ 545708.721651073661633, 182316.394962572201621 ], [ 544364.583637746982276, 182708.788500826864038 ], [ 543412.305702407844365, 184229.526561524951831 ], [ 543363.054297655005939, 186005.657740370952524 ], [ 542341.389075987040997, 186799.630564944178332 ], [ 541500.844764560344629, 188105.331693356623873 ], [ 541317.90105733810924, 189276.649749257427175 ], [ 541718.286422273609787, 189744.359566185332369 ] ] } },
{ "type": "Feature", "properties": { "location": null, "name": "West Ham–Barking", "phases": null, "osm_id": "102549060", "source": null, "brand": null, "cables": "6", "circuits": "2", "voltage": "400000", "max_voltage": 400000.0, "ref": "ZR", "owner": null, "operator": "National Grid", "len": 9450.3687720210964 }, "geometry": { "type": "LineString", "coordinates": [ [ 546900.889388122363016, 182437.98586387099931 ], [ 546853.584382184548303, 182209.458069171349052 ], [ 546069.937250585528091, 182086.745627039927058 ], [ 545441.048752917908132, 181688.797517611586954 ], [ 544062.697834577644244, 181964.645222684659529 ], [ 543692.437483515357599, 181528.554473282245453 ], [ 541969.337585132103413, 181297.627359604579397 ], [ 541776.402739399811253, 180971.220620221458375 ], [ 539683.766612289240584, 180766.474828233302105 ], [ 539360.854312057723291, 181551.751959345245268 ], [ 539105.048871035454795, 181869.71670092374552 ], [ 538881.709596980712377, 181891.071634112973697 ] ] } },
{ "type": "Feature", "properties": { "location": null, "name": "400 kV Thames Crossing", "phases": null, "osm_id": "103150841", "source": null, "brand": null, "cables": "6", "circuits": "2", "voltage": "400000", "max_voltage": 400000.0, "ref": "ZR", "owner": null, "operator": null, "len": 2358.3636833067239 }, "geometry": { "type": "LineString", "coordinates": [ [ 558559.213253464084119, 176989.370602702139877 ], [ 560699.187757199397311, 175998.215525984647684 ] ] } },
{ "type": "Feature", "properties": { "location": null, "name": "West Thurrock - Littlebrook", "phases": null, "osm_id": "103150855", "source": null, "brand": null, "cables": "6", "circuits": "2", "voltage": "400000", "max_voltage": 400000.0, "ref": "ZBG", "owner": null, "operator": null, "len": 1048.3378293108894 }, "geometry": { "type": "LineString", "coordinates": [ [ 557903.684571932768449, 177460.490977126872167 ], [ 558924.373668456450105, 177221.313276239146944 ] ] } },
{ "type": "Feature", "properties": { "location": null, "name": "National Grid Melksham-Horsey Levels", "phases": null, "osm_id": "103653513", "source": "Bing", "brand": null, "cables": "6", "circuits": "2", "voltage": "400000", "max_voltage": 400000.0, "ref": "ZG", "owner": null, "operator": "National Grid Electricity Transmission", "len": 71568.142193070016 }, "geometry": { "type": "LineString", "coordinates": [ [ 389443.42851136229001, 166044.022533481998835 ], [ 388642.961355550796725, 165073.17408798832912 ], [ 388562.838109037955292, 163352.262691363343038 ], [ 389218.329177679726854, 159578.636609312059591 ], [ 388539.624917155189905, 158175.776178169355262 ], [ 386326.770462361921091, 154947.561325651739025 ], [ 384874.724272506311536, 153574.92347931038239 ], [ 384252.743232117616571, 152308.069746570574353 ], [ 383025.181481554463971, 151384.365981831244426 ], [ 382488.706511428696103, 150615.576463461999083 ], [ 379983.24270199041348, 149158.401266846689396 ], [ 379164.133024358307011, 146814.976636116596637 ], [ 378776.394319209619425, 145152.576278652239125 ], [ 377994.388683924975339, 143830.920942338678287 ], [ 376596.239289938530419, 142592.384294135670643 ], [ 375347.772050464060158, 142044.242924933758331 ], [ 373499.519736571819521, 142469.171182570513338 ], [ 370812.863207302696537, 142440.600489802338416 ], [ 367680.739924383990001, 142038.642200410016812 ], [ 364794.309257071581669, 141417.867380650277482 ], [ 361428.764656546176411, 140031.820748383324826 ], [ 357989.854187892575283, 139934.203127188346116 ], [ 356615.726673903118353, 140267.833351866167504 ], [ 351931.925194286974147, 143163.694723433756735 ], [ 349259.995321208320092, 143315.463755377073539 ], [ 345200.23425053601386, 142984.019218257861212 ], [ 338959.740558527468238, 142646.954272183706053 ], [ 335117.63800190272741, 142938.687551549257478 ] ] } },
{ "type": "Feature", "properties": { "location": null, "name": "National Grid Minety - Melksham", "phases": null, "osm_id": "103961903", "source": "Bing", "brand": null, "cables": "6", "circuits": "2", "voltage": "400000", "max_voltage": 400000.0, "ref": "ZF", "owner": null, "operator": "National Grid", "len": 27825.68316618451 }, "geometry": { "type": "LineString", "coordinates": [ [ 399866.343838745786343, 189772.4943186880555 ], [ 399424.475645795231685, 189496.379492225474678 ], [ 398764.767463218362536, 187543.272208194306586 ], [ 398646.40555477165617, 185322.89199374319287 ], [ 396623.95677720074309, 182687.62165433273185 ], [ 394895.204447249358054, 177593.806348322017584 ], [ 391579.85754540929338, 176090.861840656667482 ], [ 389658.373740937095135, 173957.658898810681421 ], [ 389476.435919855546672, 172548.971322132565547 ], [ 390270.188374369288795, 170015.724688675953075 ], [ 390433.693048697488848, 168325.303912059171125 ], [ 390309.33901381510077, 167284.155835953424685 ], [ 389740.412750368297566, 166479.483830060169566 ] ] } },
{ "type": "Feature", "properties": { "location": null, "name": "National Grid Iron Acton-Whitson (Aust Power Line Span)", "phases": null, "osm_id": "104048126", "source": null, "brand": null, "cables": "6", "circuits": "2", "voltage": "275000", "max_voltage": 275000.0, "ref": "XL", "owner": null, "operator": "National Grid Electricity Transmission", "len": 3657.3393331831194 }, "geometry": { "type": "LineString", "coordinates": [ [ 353885.14857293193927, 190996.653139755013399 ], [ 356971.431767777830828, 189034.259947945538443 ] ] } },
{ "type": "Feature", "properties": { "location": null, "name": "National Grid Bramford-Sizewell", "phases": null, "osm_id": "104179693", "source": "image", "brand": null, "cables": "6", "circuits": "2", "voltage": "400000", "max_voltage": 400000.0, "ref": "4ZX", "owner": null, "operator": null, "len": 43323.591403885483 }, "geometry": { "type": "LineString", "coordinates": [ [ 609914.915903211571276, 245976.212247939954977 ], [ 610015.558297330979258, 245964.93146770488238 ], [ 609986.88918898999691, 246455.895175729179755 ], [ 610863.128294702619314, 247618.276871045585722 ], [ 612812.074524167459458, 247524.934709612512961 ], [ 615855.863554808311164, 248791.16607268183725 ], [ 620314.877563755493611, 250444.55249405867653 ], [ 623919.680126485414803, 252716.808333885157481 ], [ 625577.857195414486341, 253632.752029404393397 ], [ 630318.321478744386695, 254432.273772991378792 ], [ 632853.303671172703616, 256416.380269937682897 ], [ 637091.952726187650114, 257990.807700505713001 ], [ 639094.018759858910926, 259954.309673442447092 ], [ 641530.526653573731892, 261612.585586250177585 ], [ 643903.630620252573863, 261246.592502256098669 ], [ 645941.303896682453342, 261710.904725783038884 ], [ 646924.1575203781249, 262761.595928054768592 ], [ 647058.927826704340987, 263637.658709919662215 ] ] } },
{ "type": "Feature", "properties": { "location": null, "name": "National Grid Norwich Main-Bramford", "phases": null, "osm_id": "104179716", "source": "image;survey", "brand": null, "cables": "6", "circuits": "2", "voltage": "400000", "max_voltage": 400000.0, "ref": "4YM", "owner": null, "operator": null, "len": 31406.843133383769 }, "geometry": { "type": "LineString", "coordinates": [ [ 611603.835520121618174, 275049.411374997522216 ], [ 611128.385497848503292, 274315.984696702798828 ], [ 611328.922231536824256, 273656.314788986754138 ], [ 610953.878653467283584, 271863.739003025402781 ], [ 610343.679567598737776, 267917.33016213105293 ], [ 609261.554682731628418, 265711.742262305109762 ], [ 611160.992278987774625, 262563.108346962893847 ], [ 611142.269584534922615, 260664.410184146778192 ], [ 610771.843162303208373, 260345.090406595671084 ], [ 611102.373379396856762, 259024.249373779690359 ], [ 610524.269399635843001, 254251.988770398136694 ], [ 608720.043997338507324, 252596.098517689737491 ], [ 608782.438515959773213, 252156.784915189258754 ], [ 608885.138505340437405, 251508.479321586084552 ], [ 608942.807221908937208, 251088.861734571750276 ], [ 608980.634396802168339, 250858.245659207517747 ], [ 609598.418658594833687, 249662.8653724755859 ], [ 609407.992033676360734, 246927.554087156546302 ], [ 609871.076856185682118, 246002.711004159820732 ] ] } },
{ "type": "Feature", "properties": { "location": null, "name": "National Grid Braintree-Twinstead Tee", "phases": null, "osm_id": "104310040", "source": null, "brand": null, "cables": "6", "circuits": "2", "voltage": "400000", "max_voltage": 400000.0, "ref": "4YLA", "owner": null, "operator": "National Grid", "len": 19766.946927510809 }, "geometry": { "type": "LineString", "coordinates": [ [ 577669.576885295799002, 221505.162849444197491 ], [ 578321.298722850158811, 221357.989968082052656 ], [ 582091.598668138729408, 222064.634823321073782 ], [ 582481.618611639016308, 223966.051953403395601 ], [ 582894.926154020242393, 224997.096535385993775 ], [ 584413.579470654716715, 225324.462651243491564 ], [ 587687.779541590833105, 228780.464657905336935 ], [ 586963.280711894971319, 234632.603668853465933 ] ] } },
{ "type": "Feature", "properties": { "location": null, "name": "National Grid Exeter-Taunton", "phases": null, "osm_id": "104508065", "source": null, "brand": null, "cables": "12", "circuits": "2", "voltage": "400000", "max_voltage": 400000.0, "ref": "ZZ", "owner": null, "operator": "National Grid", "len": 37861.707371329168 }, "geometry": { "type": "LineString", "coordinates": [ [ 301225.96563449682435, 97644.070136373484274 ], [ 302152.712947582011111, 98568.709622513590148 ], [ 302588.58091010467615, 99493.078931685857242 ], [ 304082.148674638010561, 100575.009003307117382 ], [ 304288.791873562266119, 101339.167578111490002 ], [ 303157.8741508127423, 104283.402385252062231 ], [ 303696.504475648340303, 108114.815688311675331 ], [ 303245.753135141392704, 108713.507712711347267 ], [ 302814.552543162833899, 109276.091458732174942 ], [ 302620.950192258227617, 109531.951205324294278 ], [ 302450.746575413737446, 109752.683947971701855 ], [ 302248.728046621195972, 110018.216806813521544 ], [ 302262.249162555439398, 110363.121234035934322 ], [ 302275.774382132571191, 110677.27966401091544 ], [ 303098.52448629058199, 111660.821381649613613 ], [ 304263.681641702132765, 114012.036698634299682 ], [ 305541.173926173243672, 115327.340798120974796 ], [ 307962.972969909431413, 118692.093433067086153 ], [ 310722.81541205837857, 120796.262417174555594 ], [ 312635.101141791732516, 121983.840897605376085 ], [ 315093.090416519436985, 122281.324970486952225 ], [ 316826.50677407864714, 123030.722823779797181 ], [ 317864.535839939489961, 124217.670742260786938 ], [ 319045.526500517618842, 124690.755696358042769 ] ] } },
{ "type": "Feature", "properties": { "location": null, "name": "National Grid Bramley-Melksham", "phases": null, "osm_id": "104882787", "source": null, "brand": null, "cables": "6", "circuits": "2", "voltage": "400000", "max_voltage": 400000.0, "ref": "YYM", "owner": null, "operator": "National Grid", "len": 65340.704055731767 }, "geometry": { "type": "LineString", "coordinates": [ [ 464283.796712023147848, 159928.428147807571804 ], [ 463923.237941866740584, 159511.526991568738595 ], [ 461195.997459851845633, 158807.353157417353941 ], [ 460111.097697151766624, 157997.843268040451221 ], [ 458058.947235304745845, 158094.217097473127069 ], [ 456344.095273047627416, 157694.178547667252133 ], [ 453975.271464024786837, 156021.296388485556236 ], [ 451096.41400905320188, 155502.789653610583628 ], [ 449400.849064578884281, 155265.064509017247474 ], [ 449019.090255783405155, 155212.966548620606773 ], [ 448600.804118830768857, 155156.558265432307962 ], [ 448271.63881314691389, 155161.425830738706281 ], [ 447837.336747452092823, 155166.47895894839894 ], [ 446771.519675091432873, 155187.429052851570304 ], [ 445719.471728181990329, 155202.450716349761933 ], [ 442605.730776235461235, 154341.361981080088299 ], [ 439012.652645213005599, 154229.138644620077685 ], [ 436686.194666693685576, 156522.592008432198782 ], [ 434635.29786616639467, 157332.408840282383608 ], [ 430437.622339848428965, 160203.752029170456808 ], [ 427998.925984826346394, 160433.406974067300325 ], [ 425704.038486923207529, 159668.447924022824736 ], [ 422812.634565410553478, 159933.44177868735278 ], [ 419956.067723427317105, 160043.357813294656808 ], [ 418695.765957945550326, 159441.142288335133344 ], [ 416183.614294915809296, 158937.958965670812177 ], [ 411047.634285960695706, 158513.407583575084573 ], [ 408495.788267830910627, 159121.564547833171673 ], [ 404003.936648901377339, 162835.03999906021636 ] ] } },
{ "type": "Feature", "properties": { "location": null, "name": "National Grid Shurton-Taunton", "phases": null, "osm_id": "108338688", "source": null, "brand": null, "cables": "6", "circuits": "2", "voltage": "400000", "max_voltage": 400000.0, "ref": "ZZ", "owner": null, "operator": "National Grid", "len": 26815.336731121432 }, "geometry": { "type": "LineString", "coordinates": [ [ 320535.911876088823192, 145410.730695618432947 ], [ 322080.353749741450883, 144736.623886011715513 ], [ 323275.62461467133835, 140711.865975191234611 ], [ 324138.32596574537456, 138746.597135104995687 ], [ 326305.413863189984113, 135772.903790879179724 ], [ 327243.744604420498945, 133417.273052537610056 ], [ 326626.629823456984013, 131516.959875471657142 ], [ 325403.201964159496129, 130666.423881707101827 ], [ 323375.221295873110648, 129623.352924885548418 ], [ 321747.816334833507426, 127751.535481949802488 ], [ 318885.593656933284365, 125752.889263787510572 ], [ 319061.559274283354171, 124941.394699764321558 ] ] } },
{ "type": "Feature", "properties": { "location": null, "name": "National Grid Shurton-Bridgwater", "phases": null, "osm_id": "108338690", "source": null, "brand": null, "cables": "6", "circuits": "2", "voltage": "400000", "max_voltage": 400000.0, "ref": "VQ", "owner": null, "operator": "National Grid Electricity Transmission", "len": 13847.718101747698 }, "geometry": { "type": "LineString", "coordinates": [ [ 331914.60092695930507, 139659.596639982628403 ], [ 327518.781304759089835, 140360.108166082995012 ], [ 326029.392225561663508, 141469.554674368031556 ], [ 323957.035261724551674, 141973.627681617072085 ], [ 323427.202673879568465, 142700.210199384251609 ], [ 323209.490073222841602, 144369.293759477266576 ], [ 320587.645652157836594, 145418.516484050924191 ] ] } },
{ "type": "Feature", "properties": { "location": null, "name": null, "phases": null, "osm_id": "108437409", "source": null, "brand": null, "cables": "3", "circuits": null, "voltage": "275000", "max_voltage": 275000.0, "ref": "4VS", "owner": null, "operator": null, "len": 1052.7999783926714 }, "geometry": { "type": "LineString", "coordinates": [ [ 607365.535725126275793, 116955.048914679297013 ], [ 608418.333038806449622, 116952.680199538357556 ] ] } },
{ "type": "Feature", "properties": { "location": null, "name": null, "phases": null, "osm_id": "108437410", "source": null, "brand": null, "cables": "3", "circuits": null, "voltage": "275000", "max_voltage": 275000.0, "ref": "4VR", "owner": null, "operator": null, "len": 1132.0560656048262 }, "geometry": { "type": "LineString", "coordinates": [ [ 607363.008509889594279, 117019.321033844316844 ], [ 608493.323641830123961, 116956.562463282665703 ] ] } },
{ "type": "Feature", "properties": { "location": null, "name": "Norwich Main-Trowse Grid", "phases": null, "osm_id": "108600751", "source": "image;survey", "brand": null, "cables": "6", "circuits": "2", "voltage": "132000", "max_voltage": 132000.0, "ref": "PGG", "owner": null, "operator": "UK Power Networks", "len": 4239.0173541874174 }, "geometry": { "type": "LineString", "coordinates": [ [ 623996.449171495856717, 306194.293142472743057 ], [ 622892.739259395282716, 304213.730245172453579 ], [ 622005.510295543237589, 302932.046050227538217 ], [ 622000.961296894354746, 302519.198404982162174 ] ] } },
{ "type": "Feature", "properties": { "location": null, "name": "National Grid Braintree-Rayleigh Main", "phases": null, "osm_id": "108614352", "source": null, "brand": null, "cables": "6", "circuits": "2", "voltage": "400000", "max_voltage": 400000.0, "ref": "4VB", "owner": null, "operator": "National Grid", "len": 20394.984984812359 }, "geometry": { "type": "LineString", "coordinates": [ [ 577752.380529146874323, 191463.883485087950248 ], [ 577641.649625460617244, 192034.115576901996974 ], [ 576754.654315096442588, 192990.952939175942447 ], [ 576797.963298908201978, 193571.043320100463461 ], [ 575697.130783623084426, 194591.893285581085365 ], [ 575492.230996636091731, 196398.37170291331131 ], [ 575163.20739213260822, 197142.690423193504103 ], [ 574731.784628289751709, 199513.691459582420066 ], [ 574084.726851755869575, 201484.957030513498466 ], [ 574604.040131089044735, 202428.075521426741034 ], [ 574269.804801234509796, 203306.758044674585108 ], [ 574131.258129004738294, 204936.78489252529107 ], [ 574362.944882198586129, 206135.040857616288122 ], [ 574958.458191348239779, 207411.376344779506326 ], [ 575061.98962291458156, 210437.893865174730308 ] ] } },
{ "type": "Feature", "properties": { "location": null, "name": null, "phases": null, "osm_id": "114435395", "source": "Bing", "brand": null, "cables": "6", "circuits": "2", "voltage": "275000", "max_voltage": 275000.0, "ref": "YYT", "owner": null, "operator": "National Grid Electricity Transmission", "len": 8682.8924971995912 }, "geometry": { "type": "LineString", "coordinates": [ [ 441504.90386701375246, 400646.870768042979762 ], [ 443112.804573941044509, 399192.859053104475606 ], [ 443998.223613265145104, 397631.914523161016405 ], [ 445334.734161444706842, 397501.781173284398392 ], [ 445651.320367076201364, 395985.247950035205577 ], [ 446017.06269746623002, 395479.32313080993481 ], [ 445287.369662879907992, 394521.456057054107077 ] ] } },
{ "type": "Feature", "properties": { "location": null, "name": "National Grid Legacy-Shrewsbury", "phases": null, "osm_id": "114438591", "source": "Bing", "brand": null, "cables": "6", "circuits": "2", "voltage": "400000", "max_voltage": 400000.0, "ref": "ZZK", "owner": null, "operator": "National Grid", "len": 24643.161703516256 }, "geometry": { "type": "LineString", "coordinates": [ [ 329321.425611451384611, 348401.896151016640943 ], [ 330022.081755143182818, 346862.243385576410219 ], [ 331348.100755917315837, 345624.289950968755875 ], [ 331769.401617352967151, 343351.349564419477247 ], [ 331733.92088698677253, 342180.273048969800584 ], [ 331966.061849934048951, 340998.042458022478968 ], [ 332023.364186534425244, 340702.856466256955173 ], [ 332073.191554572724272, 340441.166540104197338 ], [ 332542.690183530095965, 339578.89778449217556 ], [ 334128.53939678997267, 338100.565226348699071 ], [ 335277.693757375411224, 336080.993532969325315 ], [ 335221.457087124173995, 332566.776987914810888 ], [ 335637.341811578080524, 332025.313499592593871 ], [ 337654.764471688482445, 329331.439451129059307 ], [ 337889.262161880847998, 329025.699739220435731 ], [ 337525.439454103528988, 326592.143843797617592 ] ] } },
{ "type": "Feature", "properties": { "location": "overhead", "name": null, "phases": null, "osm_id": "117219267", "source": "OS_OpenData_VectorMap_District", "brand": null, "cables": "6", "circuits": "2", "voltage": "400000", "max_voltage": 400000.0, "ref": "ZF", "owner": null, "operator": "SP Energy Networks", "len": 14146.476628402614 }, "geometry": { "type": "LineString", "coordinates": [ [ 236208.2667785641097, 662585.958123782416806 ], [ 234860.000527066265931, 662262.303048638859764 ], [ 234387.409907675348222, 660184.864461145363748 ], [ 233559.847830774495378, 657873.642088727559894 ], [ 231872.860820631554816, 656208.343335590558127 ], [ 230296.671576813125284, 654997.082645022193901 ], [ 228541.009904420323437, 651608.76057904434856 ] ] } },
{ "type": "Feature", "properties": { "location": null, "name": "Iron Acton-Whitson", "phases": null, "osm_id": "119050632", "source": "Bing + survey", "brand": null, "cables": "6", "circuits": "2", "voltage": "275000", "max_voltage": 275000.0, "ref": "XL", "owner": null, "operator": "National Grid Electricity Transmission", "len": 9483.1191552356468 }, "geometry": { "type": "LineString", "coordinates": [ [ 359084.890960965421982, 188742.481998017115984 ], [ 361973.048677322629374, 189496.069495712465141 ], [ 363122.32493252819404, 189567.700804336927831 ], [ 365902.683844358951319, 187610.497152875002939 ], [ 366792.351904562965501, 185879.091143441793974 ] ] } },
{ "type": "Feature", "properties": { "location": null, "name": "National Grid Melksham-Cilfynydd", "phases": null, "osm_id": "119050742", "source": null, "brand": null, "cables": "6", "circuits": "2", "voltage": "400000", "max_voltage": 400000.0, "ref": "4YX", "owner": null, "operator": "National Grid", "len": 45823.3074433168 }, "geometry": { "type": "LineString", "coordinates": [ [ 358683.825447698298376, 186827.238770634052344 ], [ 359068.247457229590509, 185556.479993661865592 ], [ 360436.870303920528386, 185639.066683176148217 ], [ 361592.125674176088069, 184862.60575956874527 ], [ 363016.058432061807252, 184563.776684916985687 ], [ 363763.870837764116004, 184415.951946923858486 ], [ 364101.862702436861582, 184342.66969867591979 ], [ 364381.70805964624742, 184286.113494277640712 ], [ 364757.398388451547362, 184187.8516459906823 ], [ 364989.165872507321183, 184128.850629014195874 ], [ 365305.493318253196776, 184046.767902157444041 ], [ 365591.65497089078417, 183792.427481626858935 ], [ 365770.227982976764906, 183634.548300554743037 ], [ 365987.570118054631166, 183449.198668277007528 ], [ 366884.791364708857145, 182948.44043935474474 ], [ 367114.696296218899079, 183026.885772415727843 ], [ 367396.870155664801132, 183005.650183090998325 ], [ 369238.203032089455519, 182152.636401732859667 ], [ 369314.457839865062851, 181535.465925224183593 ], [ 371081.750191560015082, 179423.692833273089491 ], [ 372277.282842825516127, 177681.743603672657628 ], [ 373704.53421857097419, 177289.831605172075797 ], [ 376222.740983572322875, 177177.274568281136453 ], [ 377922.508959932776634, 177593.789122803078499 ], [ 378662.008105696120765, 177699.819047439668793 ], [ 379030.681027646816801, 177750.54873142298311 ], [ 379452.61791386565892, 177809.952360356459394 ], [ 379725.668096116743982, 177944.079584944294766 ], [ 380002.998010241484735, 178081.096143076836597 ], [ 380615.912735873775091, 178381.175785171799362 ], [ 381458.478075766761322, 178798.160294839937706 ], [ 383498.332703492604196, 179447.653244887886103 ], [ 385894.4646486848942, 178026.13875010877382 ], [ 385979.444542066776194, 176212.405721437418833 ], [ 387978.045789264549967, 172723.329210489930119 ], [ 389390.970783020136878, 171885.068645327817649 ], [ 390390.738699111214373, 168349.308078846952412 ], [ 390257.583467340853531, 167304.229855479847174 ], [ 389512.286287054885179, 166257.044690878246911 ] ] } },
{ "type": "Feature", "properties": { "location": null, "name": null, "phases": null, "osm_id": "119293270", "source": "OS_OpenData_VectorMap_District", "brand": null, "cables": "6", "circuits": "2", "voltage": "132000", "max_voltage": 132000.0, "ref": null, "owner": null, "operator": null, "len": 2844.3727587754274 }, "geometry": { "type": "LineString", "coordinates": [ [ 284271.941523080342449, 681323.131413495633751 ], [ 284047.468310416152235, 683314.497506582993083 ], [ 284250.819377316744067, 684129.918858557706699 ] ] } },
{ "type": "Feature", "properties": { "location": null, "name": null, "phases": null, "osm_id": "119293276", "source": "OS_OpenData_VectorMap_District", "brand": null, "cables": "6", "circuits": null, "voltage": "132000", "max_voltage": 132000.0, "ref": null, "owner": null, "operator": null, "len": 31419.881219711973 }, "geometry": { "type": "LineString", "coordinates": [ [ 289582.275984067819081, 695274.406242190627381 ], [ 291281.321494991076179, 695565.899649409460835 ], [ 292351.412868028040975, 694996.789712879573926 ], [ 294891.137438544363249, 695460.583450145670213 ], [ 296170.520221248327289, 695651.812161193578504 ], [ 297316.566071662236936, 695823.442767501110211 ], [ 297633.73538662790088, 695870.998184000491165 ], [ 297961.963973952399101, 695920.239522941410542 ], [ 298566.775056838872842, 696011.03444480674807 ], [ 300086.97079212643439, 696239.631202299613506 ], [ 305937.38843448687112, 697530.628659519716166 ], [ 307082.011355621274561, 698420.753681003581733 ], [ 309006.575303933466785, 698616.336810385226272 ], [ 311419.071685010043439, 697858.282400127849542 ], [ 315067.529450645146426, 698024.783334048115648 ], [ 316461.572220418194775, 698636.540993950678967 ], [ 318357.836512024980038, 698685.615811513504013 ], [ 319116.81928599922685, 697513.376032534171827 ], [ 319362.124442252039444, 697523.083715050597675 ], [ 319363.275218548194971, 697553.47799237142317 ] ] } },
{ "type": "Feature", "properties": { "location": null, "name": null, "phases": null, "osm_id": "119294902", "source": "OS_OpenData_VectorMap_District", "brand": null, "cables": "6", "circuits": "2", "voltage": "275000", "max_voltage": 275000.0, "ref": "XM", "owner": null, "operator": "SP Energy Networks", "len": 41467.53780595032 }, "geometry": { "type": "LineString", "coordinates": [ [ 294431.141722986358218, 679655.560001037782058 ], [ 294540.41533928969875, 678872.658168905996718 ], [ 294057.831221558328252, 677814.30383863451425 ], [ 294974.767845730297267, 675656.745506711653434 ], [ 294083.734489260416012, 674720.570164449047297 ], [ 294067.03544814127963, 672783.426863657659851 ], [ 295019.73914588772459, 671252.074878984014504 ], [ 295006.338645081210416, 670156.600501836044714 ], [ 295117.772382020077202, 669449.913364059058949 ], [ 295153.287133819132578, 669224.720912956516258 ], [ 295210.611730647855438, 668861.275280222878791 ], [ 295264.627616450772621, 668518.81089935079217 ], [ 295164.554523918603081, 667761.554163368535228 ], [ 295668.535748087510001, 667161.852875921642408 ], [ 297351.08669739367906, 665742.505687328753993 ], [ 297448.41346579848323, 665024.811915057711303 ], [ 299084.83353054872714, 662526.14226986002177 ], [ 300273.178720375348348, 661730.453231259714812 ], [ 301420.133809042163193, 662165.939667772618122 ], [ 304482.587673450121656, 662926.546658902312629 ], [ 305722.919468655949458, 663117.906393493409269 ], [ 309963.632392736617476, 664784.100727957324125 ], [ 310383.771037086728029, 665367.923791247187182 ], [ 310491.600495697348379, 666404.863508970011026 ], [ 311107.718006667273585, 667384.683143144007772 ], [ 312523.284856766229495, 667468.586858388851397 ], [ 313702.445297002734151, 667224.920529954251833 ], [ 315128.104526267270558, 667349.786860995343886 ], [ 316899.198506343469489, 667849.84180697449483 ], [ 317103.651722279842943, 668015.389606399461627 ], [ 317461.519865579088219, 668303.401872983551584 ], [ 317617.053235801751725, 668428.683030686806887 ], [ 318177.530821719381493, 668495.825567459105514 ] ] } },
{ "type": "Feature", "properties": { "location": null, "name": null, "phases": null, "osm_id": "119315542", "source": "OS_OpenData_VectorMap_District", "brand": null, "cables": "6", "circuits": "2", "voltage": "275000", "max_voltage": 275000.0, "ref": "ZD", "owner": null, "operator": "SP Energy Networks", "len": 8560.8847604141047 }, "geometry": { "type": "LineString", "coordinates": [ [ 270521.537544337217696, 667081.946134984493256 ], [ 270133.086187842302024, 666707.303043922525831 ], [ 269799.695551538607106, 666387.176775789004751 ], [ 268887.899442674359307, 664954.290217394358478 ], [ 268618.514229429478291, 663348.301470557344146 ], [ 267503.494968646904454, 663114.805829473421909 ], [ 266775.28352787939366, 661844.871616918593645 ], [ 265681.356598644168116, 661462.699394203023985 ], [ 265449.155550428549759, 661053.704258397337981 ] ] } },
{ "type": "Feature", "properties": { "location": null, "name": "Clyde's Mill to Dalmarnock", "phases": null, "osm_id": "119315560", "source": "OS_OpenData_VectorMap_District", "brand": null, "cables": "6", "circuits": "2", "voltage": "275000", "max_voltage": 275000.0, "ref": "YF", "owner": null, "operator": "SP Energy Networks", "len": 3591.9065942467851 }, "geometry": { "type": "LineString", "coordinates": [ [ 262095.628489665541565, 662381.901865476509556 ], [ 262723.903441084548831, 661566.58402257936541 ], [ 264417.849629919975996, 661441.835666722385213 ], [ 265177.89854561293032, 661030.817152459174395 ] ] } },
{ "type": "Feature", "properties": { "location": null, "name": null, "phases": null, "osm_id": "122048618", "source": "Bing", "brand": null, "cables": "6", "circuits": "2", "voltage": "275000", "max_voltage": 275000.0, "ref": "ZZB", "owner": null, "operator": "National Grid Electricity Transmission", "len": 26818.896731745568 }, "geometry": { "type": "LineString", "coordinates": [ [ 309836.195595442433842, 186840.979131287429482 ], [ 309884.79296648025047, 186573.266121550928801 ], [ 309967.950692958198488, 186126.299302149913274 ], [ 309276.643285316065885, 183607.376431569864508 ], [ 307683.786154886591248, 183086.441332198970485 ], [ 307548.758229423256125, 182741.621555728139356 ], [ 307203.967828687047586, 182561.015583473432343 ], [ 305319.970393323572353, 182477.156199982971884 ], [ 303321.452730176330078, 181735.873592122807167 ], [ 302362.359301633317955, 181187.986534586118069 ], [ 302574.445861796964891, 177835.398414840223268 ], [ 302526.673081287299283, 177569.604934080911335 ], [ 302453.705518733069766, 177144.084900898451451 ], [ 302404.743948931456544, 176888.572541942296084 ], [ 302318.069293181004468, 175961.781477820652071 ], [ 301113.328408428584225, 174667.897729148622602 ], [ 301183.562958213500679, 173179.784692618355621 ], [ 301989.717824097955599, 170660.505538829253055 ], [ 303081.124366891570389, 169712.190720196173061 ], [ 302916.56376547581749, 168320.654753924056422 ], [ 302981.63034975976916, 167700.287177757709287 ], [ 302529.58899453363847, 166484.63459398993291 ] ] } },
{ "type": "Feature", "properties": { "location": null, "name": "National Grid Iron Acton-Whitson", "phases": null, "osm_id": "122051197", "source": null, "brand": null, "cables": "6", "circuits": "2", "voltage": "275000", "max_voltage": 275000.0, "ref": "XL", "owner": null, "operator": "NGET", "len": 15544.592159423146 }, "geometry": { "type": "LineString", "coordinates": [ [ 337271.005198916769587, 185306.719355928187724 ], [ 338558.640374924987555, 184820.136692445841618 ], [ 344124.577232701005414, 185486.810380359762348 ], [ 346444.4419418113539, 186819.515615367447026 ], [ 347458.763344847830012, 187394.144604647182859 ], [ 347809.360622660955414, 187401.580209088104311 ], [ 348132.702249402820598, 187404.914999811386224 ], [ 348483.635326914140023, 187409.557474689732771 ], [ 348854.88374564552214, 187414.163258493703324 ], [ 349223.998568628914654, 187418.973377264977898 ], [ 350188.28963905380806, 187688.347791283973493 ], [ 350378.094294570852071, 187736.966737036476843 ], [ 350650.445120811811648, 188017.606253913370892 ], [ 350915.938332011341117, 188278.650625289301388 ], [ 351040.47256371518597, 188525.42282378335949 ], [ 351552.356924896710552, 189030.029711706738453 ] ] } },
{ "type": "Feature", "properties": { "location": null, "name": null, "phases": null, "osm_id": "123620633", "source": "Bing", "brand": null, "cables": "6", "circuits": "2", "voltage": "275000", "max_voltage": 275000.0, "ref": "ZNB", "owner": null, "operator": "National Grid Electricity Transmission", "len": 3393.274914825236 }, "geometry": { "type": "LineString", "coordinates": [ [ 392702.648970238980837, 307681.550827351689804 ], [ 392737.139940851542633, 306993.964198898698669 ], [ 392168.82123189320555, 306005.677700165950228 ], [ 392231.21239051251905, 304442.140535021258984 ] ] } },
{ "type": "Feature", "properties": { "location": null, "name": "National Grid Quernmore-Hutton ZX", "phases": null, "osm_id": "124401704", "source": "Bing", "brand": null, "cables": "6", "circuits": "2", "voltage": "400000", "max_voltage": 400000.0, "ref": "ZX", "owner": null, "operator": "National Grid", "len": 34420.210029457499 }, "geometry": { "type": "LineString", "coordinates": [ [ 350719.203746005892754, 457623.308724523289129 ], [ 350429.93507750768913, 459951.588942231028341 ], [ 350493.091112698195502, 461095.412593421526253 ], [ 350176.687968600541353, 462094.417645154171623 ], [ 351201.600069980486296, 465163.339627337292768 ], [ 350771.544881876674481, 466411.792212849599309 ], [ 352772.603477564523928, 468787.548830043058842 ], [ 353713.793935283902101, 470728.705632566707209 ], [ 355363.077322778990492, 472452.242918767267838 ], [ 357127.348196767503396, 476681.548799913725816 ], [ 357366.254661373328418, 478884.335537289385684 ], [ 357559.342808232759126, 482206.590730718104169 ], [ 357587.242926061793696, 487827.787574703805149 ], [ 357499.508319611137267, 488481.69287486828398 ], [ 356503.621138481190428, 489267.230408125557005 ] ] } },
{ "type": "Feature", "properties": { "location": null, "name": null, "phases": null, "osm_id": "126610606", "source": "Bing", "brand": null, "cables": "6", "circuits": "2", "voltage": "400000", "max_voltage": 400000.0, "ref": "VY", "owner": null, "operator": "National Grid Electricity Transmission", "len": 6297.2866202503083 }, "geometry": { "type": "LineString", "coordinates": [ [ 405926.893436673039105, 317807.558031224820297 ], [ 407839.825468554976396, 317343.201992194633931 ], [ 409577.451957124460023, 316409.64067004842218 ], [ 410916.406386720249429, 314470.773801271105185 ] ] } },
{ "type": "Feature", "properties": { "location": null, "name": "National Grid Shrewsbury-Ironbridge", "phases": null, "osm_id": "127184693", "source": "Bing (pre-2007)", "brand": null, "cables": "6", "circuits": "2", "voltage": "400000", "max_voltage": 400000.0, "ref": "ZZJ", "owner": null, "operator": "National Grid", "len": 15089.136583303418 }, "geometry": { "type": "LineString", "coordinates": [ [ 365145.262958656065166, 303862.22704285394866 ], [ 364113.866516187903471, 305663.154951454605907 ], [ 362569.953593687678222, 306510.715936554712243 ], [ 360891.040651715709828, 307097.25460163661046 ], [ 357061.102800942375325, 310866.616460765013471 ], [ 354944.342933090578299, 311479.888685544021428 ], [ 353385.128049202205148, 312559.681778781523462 ] ] } },
{ "type": "Feature", "properties": { "location": null, "name": "National Grid Fleet-Bramley", "phases": null, "osm_id": "137466520", "source": "Bing", "brand": null, "cables": "6", "circuits": "2", "voltage": "400000", "max_voltage": 400000.0, "ref": "4VX", "owner": null, "operator": null, "len": 17490.34248210369 }, "geometry": { "type": "LineString", "coordinates": [ [ 464407.368122063518967, 159926.466103653569007 ], [ 465726.70799302769592, 159888.028023750812281 ], [ 468456.179827710962854, 158365.531353150552604 ], [ 469562.730881534575019, 157458.975932860485045 ], [ 471303.029978603706695, 157624.816647884901613 ], [ 471889.352411465602927, 157398.423567352612736 ], [ 473535.011258908896707, 155552.084194694296457 ], [ 473730.540260865702294, 155363.229328099172562 ], [ 474255.088526007253677, 154843.371790281758877 ], [ 475155.285270923748612, 153964.304639802983729 ], [ 475402.62007301079575, 153712.501133663201472 ], [ 476305.495388371578883, 151513.039742447028402 ], [ 477939.854134669934865, 150845.336546174919931 ] ] } },
{ "type": "Feature", "properties": { "location": null, "name": null, "phases": null, "osm_id": "138997730", "source": null, "brand": null, "cables": "6", "circuits": "2", "voltage": "275000", "max_voltage": 275000.0, "ref": "YYW", "owner": null, "operator": "National Grid", "len": 20377.915191024047 }, "geometry": { "type": "LineString", "coordinates": [ [ 504449.508267051540315, 434799.79137665219605 ], [ 504963.952474844059907, 435022.619887984124944 ], [ 505749.961951298289932, 434854.103093639831059 ], [ 506679.477807048882823, 435294.013835711986758 ], [ 507931.559524460695684, 435139.849482373683713 ], [ 509189.211130830342881, 436507.120192347327247 ], [ 512533.555831350560766, 437148.898251861566678 ], [ 513910.448389958357438, 436113.269600603962317 ], [ 515619.575165958143771, 435910.467199716600589 ], [ 516401.254313754150644, 434276.675491145346314 ], [ 517610.685177802108228, 432688.071792089380324 ], [ 517457.078828274272382, 431257.236096306238323 ], [ 516646.428824008093216, 429423.652782103279606 ], [ 516334.057410964975134, 428725.524989574099891 ] ] } },
{ "type": "Feature", "properties": { "location": null, "name": "Quernmore-Penwortham", "phases": null, "osm_id": "142811058", "source": "Bing", "brand": null, "cables": "6", "circuits": "2", "voltage": "400000", "max_voltage": 400000.0, "ref": "ZX", "owner": null, "operator": "National Grid", "len": 31630.153694856937 }, "geometry": { "type": "LineString", "coordinates": [ [ 350719.203746005892754, 457623.308724523289129 ], [ 350782.79376147914445, 455848.832946587004699 ], [ 350232.682752710068598, 455033.590492208022624 ], [ 349983.151004997664131, 453994.502477830741554 ], [ 349947.160047928802669, 450330.036464977543801 ], [ 349719.08076480217278, 448823.099622557638213 ], [ 349889.280404802353587, 447098.986698403023183 ], [ 350838.183977284643333, 443552.973597018164583 ], [ 350492.589630394650158, 442734.100263621425256 ], [ 350639.864570643927436, 441181.150667076581158 ], [ 350754.001559502212331, 438099.728138000355102 ], [ 350771.888522308436222, 437788.160449954215437 ], [ 350821.742639528471045, 437159.191346681443974 ], [ 350857.298221650591586, 436511.959139818325639 ], [ 350876.972437400429044, 435163.506186382845044 ], [ 348734.054019713017624, 432011.371330630965531 ], [ 348541.788430196233094, 430282.893702783738263 ], [ 349691.390907223219983, 429600.319262717152014 ], [ 350274.413504088763148, 427843.919110783492215 ] ] } },
{ "type": "Feature", "properties": { "location": null, "name": "National Grid Macclesfield-Cellarhead", "phases": null, "osm_id": "142818713", "source": null, "brand": null, "cables": "6", "circuits": "2", "voltage": "400000", "max_voltage": 400000.0, "ref": "ZE", "owner": null, "operator": "National Grid", "len": 25629.834842729953 }, "geometry": { "type": "LineString", "coordinates": [ [ 387821.484353368752636, 373226.937258076563012 ], [ 390868.062398626236245, 370233.932609337498434 ], [ 390967.11700484744506, 366502.1824705140898 ], [ 391558.920590877241921, 365450.974831274535973 ], [ 392003.873210000048857, 362391.576666303852107 ], [ 392993.457219627453014, 359609.080700508086011 ], [ 393791.857116843457334, 356286.123430844163522 ], [ 394714.706585964537226, 349390.314289810950868 ] ] } },
{ "type": "Feature", "properties": { "location": null, "name": "National Grid Penwortham-Stanah", "phases": null, "osm_id": "142821289", "source": "Bing", "brand": null, "cables": "6", "circuits": "2", "voltage": "400000", "max_voltage": 400000.0, "ref": "VF", "owner": null, "operator": "National Grid", "len": 19673.166581618447 }, "geometry": { "type": "LineString", "coordinates": [ [ 349972.860692422196735, 427913.574926163884811 ], [ 349918.008821618393995, 428276.598363381926902 ], [ 349758.251254219503608, 428715.677877265494317 ], [ 349178.709445708198473, 429670.982362453825772 ], [ 348624.860556509054732, 429736.212516161729582 ], [ 347977.044390097085852, 430257.113874587113969 ], [ 346535.219768295064569, 430843.119712158571929 ], [ 345510.790332695411053, 432150.143670028541237 ], [ 344734.251922090305015, 432363.85426023020409 ], [ 343438.807056619203649, 435260.491947395261377 ], [ 340967.902933637960814, 438047.19879090145696 ], [ 340485.100299356970936, 440605.79453150590416 ], [ 338836.098956201749388, 441709.295192593941465 ], [ 338574.859836682211608, 442491.456760943052359 ] ] } },
{ "type": "Feature", "properties": { "location": null, "name": "Penwortham-Eccleshill", "phases": null, "osm_id": "142827621", "source": "www.nationalgrid.com", "brand": null, "cables": "6", "circuits": "2", "voltage": "400000", "max_voltage": 400000.0, "ref": "ZQ", "owner": null, "operator": "National Grid Electricity Transmission", "len": 20951.55480015793 }, "geometry": { "type": "LineString", "coordinates": [ [ 370165.14462215534877, 423843.980275846493896 ], [ 367672.019696144619957, 424971.614024902577512 ], [ 365140.195792490034364, 424452.308985217474401 ], [ 360585.647560191398952, 424717.315924111637287 ], [ 356156.604428437771276, 424764.30994362232741 ], [ 354288.116359074076172, 424969.032326261978596 ], [ 352000.362447966646869, 426688.553497642511502 ], [ 350343.464974267990328, 427613.548895512358285 ] ] } },
{ "type": "Feature", "properties": { "location": null, "name": "National Grid Lower Shelf-Bradford West", "phases": null, "osm_id": "142839882", "source": null, "brand": null, "cables": "6", "circuits": "2", "voltage": "400000;275000", "max_voltage": 400000.0, "ref": "4ZZ", "owner": null, "operator": "National Grid Electricity Transmission", "len": 11044.060164317318 }, "geometry": { "type": "LineString", "coordinates": [ [ 412937.862104170257226, 427501.212395373848267 ], [ 411603.667855824052822, 427574.932250105775893 ], [ 411607.962232314341236, 428821.89624636224471 ], [ 411121.970515462453477, 430865.184715872746892 ], [ 409907.012713782140054, 431795.578766592778265 ], [ 408972.028726787364576, 431844.817426799680106 ], [ 408012.025518802343868, 433069.485308724222705 ], [ 409253.978844902827404, 434361.677458568126895 ], [ 409154.886893893941306, 434898.261192339588888 ] ] } },
{ "type": "Feature", "properties": { "location": null, "name": "National Grid Eccleshill-Padiham", "phases": null, "osm_id": "142839891", "source": "Bing", "brand": null, "cables": "6", "circuits": "2", "voltage": "400000", "max_voltage": 400000.0, "ref": "4ZP", "owner": null, "operator": "National Grid Electricity Transmission", "len": 15569.720715768866 }, "geometry": { "type": "LineString", "coordinates": [ [ 370321.160135543555953, 424147.310390606871806 ], [ 370452.993963468761649, 424390.205253612948582 ], [ 370638.517294956836849, 424728.88523497316055 ], [ 371317.454420254798606, 425936.04229895293247 ], [ 372252.486085960408673, 427639.653453591279685 ], [ 372139.569473681331147, 428401.281275176093914 ], [ 370851.519388582906686, 429016.765708149410784 ], [ 371365.743668521055952, 430227.567131016287021 ], [ 373272.91042573651066, 431288.73612169851549 ], [ 374899.984006117912941, 432439.718596591847017 ], [ 377086.079033550748136, 433172.044646589667536 ], [ 378296.817865704011638, 433182.807365494081751 ], [ 378658.648757195624057, 433087.88513534667436 ] ] } },
{ "type": "Feature", "properties": { "location": null, "name": null, "phases": null, "osm_id": "142841188", "source": null, "brand": null, "cables": "6", "circuits": "2", "voltage": "275000", "max_voltage": 275000.0, "ref": "YW", "owner": null, "operator": "National Grid", "len": 11543.523064961324 }, "geometry": { "type": "LineString", "coordinates": [ [ 409094.100900020624977, 434867.647522626561113 ], [ 409079.629166614962742, 434447.600167486583814 ], [ 407864.219619296200108, 432919.648821043898351 ], [ 408730.814035536081064, 430865.413130977773108 ], [ 408576.417712935071904, 430218.901241433806717 ], [ 408843.52900878287619, 428813.058651274535805 ], [ 408367.853480109770317, 427780.287716321763583 ], [ 408583.330312229634728, 427225.566252928227186 ], [ 411025.952009927132167, 425294.983557931962423 ] ] } },
{ "type": "Feature", "properties": { "location": null, "name": null, "phases": null, "osm_id": "142841189", "source": null, "brand": null, "cables": "6", "circuits": "2", "voltage": "275000", "max_voltage": 275000.0, "ref": "VR", "owner": null, "operator": "National Grid Electricity Transmission", "len": 3615.943396036334 }, "geometry": { "type": "LineString", "coordinates": [ [ 412364.436747995845508, 436540.8498520758003 ], [ 410632.09332112793345, 436018.843221241841093 ], [ 409115.498614370706491, 435037.02725862711668 ] ] } },
{ "type": "Feature", "properties": { "location": null, "name": "National Grid Wylfa-Pentir", "phases": null, "osm_id": "142842413", "source": null, "brand": null, "cables": "6", "circuits": "2", "voltage": "400000", "max_voltage": 400000.0, "ref": "4ZA", "owner": null, "operator": "National Grid Electricity Transmission", "len": 35230.465142275381 }, "geometry": { "type": "LineString", "coordinates": [ [ 235399.479413085355191, 393726.768535998126026 ], [ 235687.557525008887751, 392895.020182969223242 ], [ 238267.581352457957109, 390677.75649968261132 ], [ 240536.537580979143968, 389510.66622750274837 ], [ 240754.94943852032884, 388994.482278890907764 ], [ 244141.498633971670642, 385956.204306560219266 ], [ 244897.096583866368746, 385146.965685127943289 ], [ 245432.231984694866696, 383971.073402812005952 ], [ 246252.631894455465954, 383246.696546632738318 ], [ 246826.920570710411994, 380914.422344976861496 ], [ 247175.536870010400889, 380362.082674413570203 ], [ 249031.179470845410833, 374016.089132197317667 ], [ 249343.677712247881573, 373383.531496594892815 ], [ 251440.976888702221913, 372889.880565962288529 ], [ 252216.146853121405002, 371533.81892805674579 ], [ 253815.941117113601649, 371313.48564710165374 ], [ 255547.643612940184539, 369089.604596108547412 ], [ 255978.129416228737682, 367894.074904170120135 ] ] } },
{ "type": "Feature", "properties": { "location": null, "name": "National Grid Ffestiniog-Trawsfynydd", "phases": null, "osm_id": "142846020", "source": "Bing", "brand": null, "cables": "6", "circuits": "2", "voltage": "275000", "max_voltage": 275000.0, "ref": "XO", "owner": null, "operator": "National Grid", "len": 6729.4073669367108 }, "geometry": { "type": "LineString", "coordinates": [ [ 269379.436507477425039, 338810.044282886432484 ], [ 268876.694267792860046, 339603.475923470628913 ], [ 268959.090594958863221, 340939.420484590518754 ], [ 269528.802399031003006, 342062.774097425106447 ], [ 269035.80490625865059, 344007.937226509442553 ], [ 267874.76581658073701, 344247.011623024533037 ] ] } },
{ "type": "Feature", "properties": { "location": null, "name": "Botley Wood-Lovedean", "phases": null, "osm_id": "143092824", "source": "Yahoo imagery", "brand": null, "cables": "6", "circuits": "2", "voltage": "400000", "max_voltage": 400000.0, "ref": "4YE", "owner": null, "operator": "National Grid", "len": 14530.402741433607 }, "geometry": { "type": "LineString", "coordinates": [ [ 467389.9077620091266, 113486.609730457363185 ], [ 465237.976488081039861, 112587.288770294224378 ], [ 464434.669559967296664, 111647.265332912968006 ], [ 461171.930152308370452, 110753.991309603647096 ], [ 460208.734658381203189, 109964.745994206256 ], [ 457736.524337906623259, 110891.157130011764821 ], [ 457064.203730250475928, 110712.14464270148892 ], [ 456405.909585622372106, 110526.454466340423096 ], [ 456091.184425320243463, 110441.042128407629207 ], [ 455716.116406052664388, 110341.723541701445356 ], [ 455357.984654446016066, 110241.400175159040373 ], [ 454706.108463424374349, 110048.577906755002914 ], [ 454226.464423437428195, 109783.727425910910824 ] ] } },
{ "type": "Feature", "properties": { "location": null, "name": "Scottish Power Coylton-Kilmarnock South", "phases": null, "osm_id": "143110889", "source": "OS_OpenData_VectorMap_District", "brand": null, "cables": "6", "circuits": "2", "voltage": "275000", "max_voltage": 275000.0, "ref": "XY", "owner": null, "operator": "SP Energy Networks", "len": 13375.836973103602 }, "geometry": { "type": "LineString", "coordinates": [ [ 245459.069810678047361, 620757.876635323627852 ], [ 245466.806781185034197, 621020.790895731071942 ], [ 245546.966735169145977, 623500.607801277423277 ], [ 245403.76478335459251, 629073.785780521924607 ], [ 244914.757126772776246, 633612.033108948846348 ], [ 244685.540653067844687, 634047.559608409646899 ] ] } },
{ "type": "Feature", "properties": { "location": null, "name": null, "phases": null, "osm_id": "143114979", "source": "OS_OpenData_VectorMap_District", "brand": null, "cables": "6", "circuits": "2", "voltage": "400000", "max_voltage": 400000.0, "ref": "ZV", "owner": null, "operator": "SP Energy Networks", "len": 41496.393842091544 }, "geometry": { "type": "LineString", "coordinates": [ [ 309690.732295081426855, 601557.717737211380154 ], [ 310362.319943867798429, 601457.521958243567497 ], [ 312100.458055028924718, 596463.340444468543865 ], [ 313687.932471750769764, 594776.091617033234797 ], [ 313434.135846748016775, 591998.018304004333913 ], [ 314492.734585561789572, 590955.790752788423561 ], [ 316061.446531617431901, 587152.501049130340107 ], [ 316847.85316545132082, 586417.273559085791931 ], [ 317329.447756301146001, 584929.631646230001934 ], [ 318396.801164620905183, 584451.297880350728519 ], [ 320840.693205942108762, 578707.825557514210232 ], [ 321446.135924632428214, 578093.510946806520224 ], [ 323919.374547670944594, 577143.27477421623189 ], [ 326615.326104436535388, 576802.178965714527294 ], [ 329393.529329099284951, 574571.724827075959183 ], [ 332664.693560592713766, 572196.36261146934703 ], [ 332796.706526622350793, 571551.291740159969777 ], [ 332841.319585867924616, 571276.439206347684376 ] ] } },
{ "type": "Feature", "properties": { "location": null, "name": "National Grid Harker-Gretna", "phases": null, "osm_id": "143219037", "source": null, "brand": null, "cables": "6", "circuits": "2", "voltage": "400000", "max_voltage": 400000.0, "ref": "ZV", "owner": null, "operator": "National Grid Electricity Transmission", "len": 10042.351885408727 }, "geometry": { "type": "LineString", "coordinates": [ [ 333328.197144033270888, 569240.314851759234443 ], [ 333555.769065159489401, 567562.557245267787948 ], [ 334043.374457027239259, 565857.100097412243485 ], [ 336062.746749991260003, 562391.738660125760362 ], [ 338422.859396873624064, 561388.153762093978003 ] ] } },
{ "type": "Feature", "properties": { "location": null, "name": "SP Transmission Elvanfoot-Coalburn", "phases": null, "osm_id": "143383457", "source": "OS_OpenData_VectorMap_District", "brand": null, "cables": "6", "circuits": "2", "voltage": "400000", "max_voltage": 400000.0, "ref": "ZV", "owner": null, "operator": "SP Transmission", "len": 26450.785744126017 }, "geometry": { "type": "LineString", "coordinates": [ [ 282579.421727727400139, 637457.203870907076634 ], [ 283382.800657376006711, 637137.697641549631953 ], [ 285163.677128515206277, 635632.367369368555956 ], [ 286055.850883929990232, 635416.699327733367682 ], [ 286674.140238215215504, 634839.013095420785248 ], [ 286432.898506976780482, 633526.031612104736269 ], [ 286459.137727526016533, 631400.519458904280327 ], [ 286841.628357141918968, 629540.788563643582165 ], [ 286727.288868997944519, 627852.195324688451365 ], [ 288862.202828232140746, 626253.273748138803057 ], [ 289425.89516152406577, 624098.210193531005643 ], [ 290155.542188336374238, 622780.283828078769147 ], [ 292033.732931043196004, 621939.931510548922233 ], [ 292652.010491889028344, 620642.852707142010331 ], [ 293674.737228756072, 620351.390063893282786 ], [ 294765.712477356544696, 618017.657972031156532 ], [ 294230.088330346043222, 617290.452956450288184 ] ] } },
{ "type": "Feature", "properties": { "location": null, "name": "SP Transmission Coalburn-Linmill", "phases": null, "osm_id": "143383530", "source": "OS_OpenData_VectorMap_District", "brand": null, "cables": "6", "circuits": "2", "voltage": "132000", "max_voltage": 132000.0, "ref": null, "owner": null, "operator": "SP Transmission", "len": 5746.7106545941579 }, "geometry": { "type": "LineString", "coordinates": [ [ 285215.08958939963486, 643466.829492419725284 ], [ 285574.753225231252145, 642382.445960154524073 ], [ 285325.324509963742457, 641039.027385658351704 ], [ 283524.022261554258876, 638660.930358628858812 ], [ 283553.502853289013728, 638408.076376394834369 ] ] } },
{ "type": "Feature", "properties": { "location": null, "name": "SP Transmission Coalburn-Strathaven", "phases": null, "osm_id": "143384077", "source": "OS_OpenData_VectorMap_District", "brand": null, "cables": "6", "circuits": "2", "voltage": "400000", "max_voltage": 400000.0, "ref": "ZV", "owner": null, "operator": "SP Energy Networks", "len": 21694.912630660285 }, "geometry": { "type": "LineString", "coordinates": [ [ 269634.965388695476577, 652809.683723832131363 ], [ 269600.587536823528353, 651420.503237940953113 ], [ 270369.099774120259099, 650105.790609481045976 ], [ 273345.79360557848122, 647433.908514024224132 ], [ 273598.000662045378704, 644763.335283798747696 ], [ 275173.291142315254547, 642039.813391091651283 ], [ 277577.427602120907977, 640387.453769337502308 ], [ 279142.498364262923133, 638313.28531578311231 ], [ 282474.999226937419735, 637467.529306388925761 ] ] } },
{ "type": "Feature", "properties": { "location": null, "name": "SP Transmission Strathaven-Wishaw", "phases": null, "osm_id": "143384081", "source": "OS_OpenData_VectorMap_District", "brand": null, "cables": "6", "circuits": "2", "voltage": "400000", "max_voltage": 400000.0, "ref": "XH", "owner": null, "operator": null, "len": 11300.591873916115 }, "geometry": { "type": "LineString", "coordinates": [ [ 278887.170408625272103, 653946.136169191915542 ], [ 277928.494442129740492, 653741.837684738333337 ], [ 277034.291383609990589, 654486.158426502835937 ], [ 275096.456502128159627, 653905.471396927954629 ], [ 274596.839948270178866, 652873.70359669206664 ], [ 273694.953371036797762, 651800.012752927024849 ], [ 271372.473376098554581, 651596.62570499908179 ], [ 269836.651721444388386, 652331.988523782230914 ], [ 269730.739884876587894, 652872.942196052987128 ] ] } },
{ "type": "Feature", "properties": { "location": null, "name": null, "phases": null, "osm_id": "143396196", "source": "OS_OpenData_VectorMap_District", "brand": null, "cables": "3", "circuits": null, "voltage": "132000", "max_voltage": 132000.0, "ref": "N", "owner": null, "operator": "SP Energy Networks", "len": 4455.3899330320701 }, "geometry": { "type": "LineString", "coordinates": [ [ 241997.300817376264604, 618504.930656394106336 ], [ 242127.543713871622458, 618079.920601841760799 ], [ 241658.454144241462927, 616002.457501132041216 ], [ 241509.639718262274982, 614127.24650030315388 ] ] } },
{ "type": "Feature", "properties": { "location": null, "name": null, "phases": null, "osm_id": "143399448", "source": "OS_OpenData_VectorMap_District", "brand": null, "cables": null, "circuits": "2", "voltage": "132000", "max_voltage": 132000.0, "ref": null, "owner": null, "operator": "SP Energy Networks", "len": 3710.9545894486291 }, "geometry": { "type": "LineString", "coordinates": [ [ 244990.563403301435756, 660156.130354147637263 ], [ 244866.267311330884695, 661582.137561838841066 ], [ 245783.190342676505679, 662878.213006749749184 ], [ 245791.310097254550783, 663570.078965978464112 ] ] } },
{ "type": "Feature", "properties": { "location": null, "name": "Scottish Power Kilmarnock South-Neilston", "phases": null, "osm_id": "143399449", "source": "OS_OpenData_VectorMap_District", "brand": null, "cables": "6", "circuits": "2", "voltage": "400000", "max_voltage": 400000.0, "ref": "ZP", "owner": null, "operator": "SP Energy Networks", "len": 27399.081827373182 }, "geometry": { "type": "LineString", "coordinates": [ [ 244580.103743042331189, 659763.264094887650572 ], [ 244489.849582446215209, 657717.948891183943488 ], [ 245308.118682986445492, 656086.128362852847204 ], [ 245027.943595410702983, 654995.811499124742113 ], [ 244733.117231568729039, 652268.941315733012743 ], [ 245007.812359098548768, 651136.34318917337805 ], [ 244809.031359711516416, 645902.269255506223999 ], [ 244343.624567240913166, 643983.110067284433171 ], [ 245021.326996132120257, 642150.756226951489225 ], [ 245269.809033289580839, 639848.107527375454083 ], [ 246144.989638983795885, 638958.713225629762746 ], [ 246809.585925013700034, 637832.563578744069673 ], [ 246298.396286287897965, 635388.170895753894001 ], [ 245744.716652714501834, 634533.392349689849652 ], [ 244886.731227521435358, 634152.037513244198635 ] ] } },
{ "type": "Feature", "properties": { "location": null, "name": null, "phases": null, "osm_id": "143399450", "source": "OS_OpenData_VectorMap_District", "brand": null, "cables": "6", "circuits": "2", "voltage": "400000", "max_voltage": 400000.0, "ref": "ZN", "owner": null, "operator": "SP Energy Networks", "len": 8301.3170338584241 }, "geometry": { "type": "LineString", "coordinates": [ [ 244491.685930961568374, 659851.489839119371027 ], [ 243212.446123663947219, 660596.666293318732642 ], [ 241085.886256531230174, 660859.760933073004708 ], [ 239321.92693403956946, 661827.034266095841303 ], [ 237841.998116031551035, 662378.719975135521963 ], [ 236761.15546079663909, 662493.493254894390702 ] ] } },
{ "type": "Feature", "properties": { "location": null, "name": "Hams Hall-Nechells", "phases": null, "osm_id": "143561901", "source": "survey", "brand": null, "cables": "6", "circuits": "2", "voltage": "275000", "max_voltage": 275000.0, "ref": "4VU", "owner": null, "operator": "National Grid", "len": 9868.6678598280905 }, "geometry": { "type": "LineString", "coordinates": [ [ 410196.516954996623099, 289923.673050498939119 ], [ 411948.047594091272913, 289753.181385121599305 ], [ 414908.387955777230673, 290492.580128454894293 ], [ 416776.171355689584743, 291473.788725182588678 ], [ 418565.014194204937667, 292009.55521408340428 ], [ 419241.299851425923407, 292852.103768069879152 ] ] } },
{ "type": "Feature", "properties": { "location": null, "name": "National Grid Singlewell-Kingsnorth", "phases": null, "osm_id": "143769084", "source": "Bing", "brand": null, "cables": "6", "circuits": "2", "voltage": "400000", "max_voltage": 400000.0, "ref": "4YN", "owner": null, "operator": "National Grid", "len": 17631.130496811889 }, "geometry": { "type": "LineString", "coordinates": [ [ 566434.740942751872353, 170071.909802360809408 ], [ 566694.470167824882083, 170748.210903899453115 ], [ 568447.901347670820542, 171800.882510337745771 ], [ 569367.547660848707892, 173740.226914186263457 ], [ 571111.665528700803407, 174544.275812859879807 ], [ 572142.894743645680137, 174427.482829749234952 ], [ 574354.930665129097179, 174741.026506871858146 ], [ 577647.154024017392658, 174795.646156264119782 ], [ 578888.013714052038267, 174020.865450052486267 ], [ 579916.791579854325391, 172338.333563599211629 ], [ 580257.330460694851354, 172116.488660917268135 ], [ 580638.500733501510695, 172041.066892291186377 ] ] } },
{ "type": "Feature", "properties": { "location": null, "name": "Lovedean-Fleet", "phases": null, "osm_id": "143786308", "source": null, "brand": null, "cables": "6", "circuits": "2", "voltage": "400000", "max_voltage": 400000.0, "ref": "VB", "owner": null, "operator": "National Grid", "len": 41084.666008372704 }, "geometry": { "type": "LineString", "coordinates": [ [ 477963.973832475836389, 150765.670650928019313 ], [ 478195.244053538073786, 150084.270483250147663 ], [ 478077.638422425137833, 147143.737783424323425 ], [ 478321.19565167860128, 146592.626826362742577 ], [ 477297.573127115960233, 145028.46726703416789 ], [ 476566.376867848623078, 143288.111897876398871 ], [ 476101.955598610278685, 141470.0364727875276 ], [ 473797.378288313746452, 138307.108191620209254 ], [ 473718.008089459501207, 138178.87186306057265 ], [ 473552.593353551754262, 137911.630097538698465 ], [ 473423.621384707512334, 137604.603851774532814 ], [ 473294.439717431785539, 137275.755418437183835 ], [ 472583.712366221763659, 135553.332700105995173 ], [ 472235.611494964454323, 134688.806496230943594 ], [ 471614.510441846621688, 133362.916442174609983 ], [ 471137.031159764854237, 132871.859383070986951 ], [ 471056.76162442448549, 132154.702914831665112 ], [ 470073.27001206704881, 130811.612697862932691 ], [ 470037.407584712374955, 129444.435922038624994 ], [ 470493.066138582536951, 128524.578415226715151 ], [ 470298.176842062850483, 126676.20471680193441 ], [ 469482.173679647268727, 124374.156864432094153 ], [ 469345.189750436868053, 122886.805989767308347 ], [ 468718.810486355563626, 121588.93942376866471 ], [ 470178.316320550860837, 119444.328662390733371 ], [ 469996.252940016100183, 118655.687465158029227 ], [ 468084.484027445607353, 116148.807724098471226 ], [ 467509.732510895933956, 114521.131003197922837 ], [ 467628.584551119594835, 113650.902789522515377 ] ] } },
{ "type": "Feature", "properties": { "location": null, "name": "Eccles-Branxton", "phases": null, "osm_id": "143865169", "source": "OS_OpenData_VectorMap_District", "brand": null, "cables": "6", "circuits": "2", "voltage": "400000", "max_voltage": 400000.0, "ref": "ZT", "owner": null, "operator": "SP Energy Networks", "len": 34054.170155082909 }, "geometry": { "type": "LineString", "coordinates": [ [ 379412.921347577823326, 641903.562841106322594 ], [ 380405.116279547160957, 643999.555606628535315 ], [ 379806.945178789726924, 645966.35602666309569 ], [ 380762.376145750109572, 648432.425316909211688 ], [ 380858.594493623182643, 649875.993256507441401 ], [ 379905.259837529098149, 651652.532783522503451 ], [ 379964.073524494247977, 653912.413319969899021 ], [ 378915.170079624804202, 655997.697396117262542 ], [ 377361.643876708694734, 657759.456459285807796 ], [ 377293.560358317801729, 659236.569875651039183 ], [ 377918.743428174813744, 659635.863735544262454 ], [ 378007.570930508838501, 661106.024679754278623 ], [ 375700.657381974160671, 664026.46145646146033 ], [ 375633.260185344726779, 665501.467931557563134 ], [ 375111.640326830092818, 666953.814256021636538 ], [ 375078.031706698122434, 669943.426484680501744 ], [ 374891.203271185979247, 671627.466858574538492 ], [ 374105.478743207117077, 672915.966382864280604 ] ] } },
{ "type": "Feature", "properties": { "location": null, "name": null, "phases": null, "osm_id": "143865171", "source": "OS_OpenData_VectorMap_District", "brand": null, "cables": "6", "circuits": "2", "voltage": "400000", "max_voltage": 400000.0, "ref": "4ZY", "owner": null, "operator": "National Grid Electricity Transmission", "len": 88061.705001729177 }, "geometry": { "type": "LineString", "coordinates": [ [ 386007.986641676106956, 641337.322537371539511 ], [ 386818.492344661790412, 640764.969058494199999 ], [ 386764.498113503796048, 640032.511458416935056 ], [ 387170.889754346921109, 638320.040238714776933 ], [ 388741.616937601007521, 636235.766273369314149 ], [ 389389.713853375287727, 635070.237392217386514 ], [ 394489.808438417676371, 634684.611079836962745 ], [ 397584.075274823175278, 631960.574039463535883 ], [ 397978.674729999678675, 630885.096227264264598 ], [ 399905.685389583290089, 628831.131210731109604 ], [ 399941.549444681790192, 627046.279169676359743 ], [ 399462.20034755661618, 626413.940229273634031 ], [ 399950.779853849613573, 624769.256038372404873 ], [ 399744.271884940157179, 624143.208047258900478 ], [ 401946.287300783500541, 619435.606759970309213 ], [ 403719.055413237540051, 617766.149231389397755 ], [ 404442.254051383002661, 616132.665831438382156 ], [ 405700.227458842098713, 613922.487608675379306 ], [ 406827.446984148758929, 613110.441159901558422 ], [ 407906.60694393486483, 611804.047581694903784 ], [ 408560.490411231468897, 610378.026368732564151 ], [ 408785.478286706493236, 608703.476505801198073 ], [ 407805.89101967215538, 604502.691170750651509 ], [ 409367.361095632077195, 602005.074068314395845 ], [ 411593.991855806554668, 600640.064333878341131 ], [ 412710.824395175324753, 598210.819254633970559 ], [ 411583.769207586999983, 596353.089812303893268 ], [ 411131.661804264818784, 593679.754155831411481 ], [ 412177.312151902355254, 592281.091168374987319 ], [ 411877.461446739267558, 589148.598799154511653 ], [ 412085.509903641941492, 586710.882434750441462 ], [ 412922.609045613848139, 583835.52714712836314 ], [ 411070.522088796598837, 581832.486068925005384 ], [ 410873.896522190945689, 581157.240290041896515 ], [ 410975.244292375107761, 578283.009513824130408 ], [ 410336.363295131828636, 575682.163562892237678 ], [ 410527.519608970556874, 571976.241510606720112 ], [ 412637.938986455788836, 568918.425296446774155 ] ] } },
{ "type": "Feature", "properties": { "location": null, "name": "National Grid Deeside - Pentir", "phases": null, "osm_id": "144005353", "source": null, "brand": null, "cables": "6", "circuits": "2", "voltage": "400000", "max_voltage": 400000.0, "ref": "4ZB", "owner": null, "operator": "National Grid Electricity Transmission", "len": 78819.033029778773 }, "geometry": { "type": "LineString", "coordinates": [ [ 328241.517348291527014, 370832.036554948193952 ], [ 326394.393147821712773, 371789.062481304164976 ], [ 325540.581183741334826, 371187.156198060256429 ], [ 323971.476152587274555, 371358.337880203733221 ], [ 321797.692062780901324, 372853.398074993281625 ], [ 320429.044787411636207, 373144.119634825736284 ], [ 319374.499919537804089, 372556.428340969898272 ], [ 318761.283874225220643, 372592.671003322582692 ], [ 317771.545498702325858, 373389.111501485982444 ], [ 315549.419944631052203, 374584.37900589115452 ], [ 314175.724554568587337, 374670.06382974650478 ], [ 313779.334157403267454, 374571.67693329276517 ], [ 313411.109834403265268, 374478.374248619249556 ], [ 313124.893761146639008, 374407.561231652798597 ], [ 312129.475798858853523, 374161.612712031404953 ], [ 310508.45550490176538, 373412.041637664835434 ], [ 308827.881654781172983, 373202.158358214714099 ], [ 308210.561507578880992, 373387.399242988030892 ], [ 308001.134410995291546, 373261.027183458209038 ], [ 306798.037778972531669, 372962.813095767633058 ], [ 306038.262733136303723, 372852.173164471634664 ], [ 304206.115034332382493, 372865.548111364652868 ], [ 303165.334001543698832, 372359.368608517572284 ], [ 301327.822577737853862, 373247.252026954316534 ], [ 300058.939718963811174, 373768.59342613152694 ], [ 298218.054532493697479, 373386.947140669100918 ], [ 296774.341607086244039, 373425.649367889098357 ], [ 294745.973445056995843, 374012.147396810585633 ], [ 293231.287175367935561, 373214.301289081166033 ], [ 292282.331789166259114, 372295.690442174382042 ], [ 289815.367266386805568, 371038.438100258354098 ], [ 285945.102195411454886, 371103.703567078337073 ], [ 284268.274117095337715, 370462.495863093587104 ], [ 283655.294838735659141, 369683.587687531544361 ], [ 280619.621611032111105, 369069.75974021886941 ], [ 279602.959066528244875, 368610.568630445399322 ], [ 279306.60456859797705, 368633.813220920739695 ], [ 279130.046995388169307, 368647.674729944614228 ], [ 278308.381613928824663, 368572.572663116268814 ], [ 276613.691067666281015, 370435.956066228915006 ], [ 274355.277131519804243, 370397.448745074507315 ], [ 272118.247223245562054, 371324.315082134795375 ], [ 271422.120988418057095, 372033.445361775287893 ], [ 269247.217087307595648, 372362.456653129309416 ], [ 268074.56960910721682, 372286.826030959084164 ], [ 267218.595439064491075, 371811.564331952482462 ], [ 265459.365966048673727, 371300.805572349927388 ], [ 262877.007355545181781, 370175.629888952185865 ], [ 262689.665534110274166, 369980.205423276289366 ], [ 262275.021547815878876, 369573.152381664840505 ], [ 261187.85798303494812, 369217.658588962920476 ], [ 259525.233336758887162, 369332.013439073052723 ], [ 258645.359740387793863, 369147.896727842336986 ], [ 257638.732095034851227, 368162.86416376370471 ], [ 256043.657048213528469, 367833.006538856890984 ] ] } },
{ "type": "Feature", "properties": { "location": null, "name": "National Grid Treuddyn-Dade", "phases": null, "osm_id": "144005357", "source": "bing", "brand": null, "cables": "6", "circuits": "2", "voltage": "400000", "max_voltage": 400000.0, "ref": "ZK", "owner": null, "operator": "National Grid Electricity Transmission", "len": 14352.762321158982 }, "geometry": { "type": "LineString", "coordinates": [ [ 323265.276337281044107, 358345.990549775655381 ], [ 323715.290010045806412, 360014.460303536383435 ], [ 324326.880169449781533, 361138.170253238233272 ], [ 324388.192017230787314, 362196.152745606203098 ], [ 325876.686706278880592, 365240.595806315832306 ], [ 326076.469289229135029, 367780.907435001223348 ], [ 327241.846152980986517, 370849.260485375009011 ], [ 328306.664630213403143, 370792.234484432672616 ] ] } },
{ "type": "Feature", "properties": { "location": null, "name": "Scottish-Hydro Fort William-Invergarry", "phases": null, "osm_id": "144179035", "source": "OS_OpenData_VectorMap_District", "brand": null, "cables": "6", "circuits": "2", "voltage": "132000", "max_voltage": 132000.0, "ref": null, "owner": null, "operator": "Scottish and Southern Electricity Networks (SSEN)", "len": 34639.576115580981 }, "geometry": { "type": "LineString", "coordinates": [ [ 229890.792770735308295, 802601.669778938754462 ], [ 229666.064366794133093, 799260.488020864664577 ], [ 228945.622344944393262, 797423.652199983014725 ], [ 228965.540041034953902, 796280.734794904943556 ], [ 228141.008926289156079, 794868.530883815721609 ], [ 225812.623736358335009, 792060.220371571718715 ], [ 223916.465014901827089, 789418.153034902759828 ], [ 222339.086332097154809, 788284.289952103514224 ], [ 222064.376840300217737, 787576.784381126170047 ], [ 219571.371695076610195, 782921.278929881984368 ], [ 218618.098529516486451, 780387.871844738256186 ], [ 218160.799103467230452, 779619.179147933609784 ], [ 214625.535032749699894, 777280.771882889326662 ], [ 214395.545341150136665, 776416.724464642349631 ], [ 212404.931947796401801, 774276.717017433373258 ] ] } },
{ "type": "Feature", "properties": { "location": null, "name": "Scottish-Hydro Fort William-Invergarry", "phases": null, "osm_id": "144179037", "source": "OS_OpenData_VectorMap_District", "brand": null, "cables": "3", "circuits": null, "voltage": "132000", "max_voltage": 132000.0, "ref": null, "owner": null, "operator": null, "len": 2377.5853529715309 }, "geometry": { "type": "LineString", "coordinates": [ [ 229959.793768186500529, 802545.341775066801347 ], [ 231425.679866085527465, 801867.612644349690527 ], [ 231940.549723597068805, 801305.041634110617451 ] ] } },
{ "type": "Feature", "properties": { "location": null, "name": "Scottish-Hydro Invergarry-Fort Augustus", "phases": null, "osm_id": "144179500", "source": "OS_OpenData_VectorMap_District", "brand": null, "cables": "6", "circuits": "2", "voltage": "132000", "max_voltage": 132000.0, "ref": null, "owner": null, "operator": null, "len": 8266.7965121766338 }, "geometry": { "type": "LineString", "coordinates": [ [ 235394.951895751233678, 808214.744975633919239 ], [ 234846.924022493127268, 807422.17214125522878 ], [ 233231.388997405738337, 806208.364188095321879 ], [ 230967.548963772482239, 805183.713242517202161 ], [ 229890.792770735308295, 802601.669778938754462 ] ] } },
{ "type": "Feature", "properties": { "location": null, "name": "Tottenham-Hackney", "phases": null, "osm_id": "144303662", "source": null, "brand": null, "cables": "6", "circuits": "2", "voltage": "275000", "max_voltage": 275000.0, "ref": "VC", "owner": null, "operator": "National Grid Electricity Transmission", "len": 5622.6863206702401 }, "geometry": { "type": "LineString", "coordinates": [ [ 535765.653727575670928, 186337.670644348603673 ], [ 536286.448900549556129, 186644.031117706326768 ], [ 535075.063403783482499, 188122.420500381907914 ], [ 534964.860426762257703, 189929.205894498911221 ], [ 535315.238244220614433, 191177.998890403774567 ] ] } },
{ "type": "Feature", "properties": { "location": null, "name": "National Grid Indian Queens-Landulph", "phases": null, "osm_id": "144345849", "source": null, "brand": null, "cables": "6", "circuits": "2", "voltage": "400000", "max_voltage": 400000.0, "ref": "YE", "owner": null, "operator": "National Grid", "len": 49291.297688203289 }, "geometry": { "type": "LineString", "coordinates": [ [ 194105.652163083897904, 58908.841621787723852 ], [ 196069.756839249952463, 59865.80712385365041 ], [ 196389.879176331305644, 59774.16312150695012 ], [ 196767.306283688405529, 59667.695415839581983 ], [ 197828.901017813157523, 59371.730314657354029 ], [ 198883.118630885321181, 59130.774802688683849 ], [ 199954.116286188975209, 59878.222626378556015 ], [ 201482.950008932995843, 60439.834755712887272 ], [ 201751.086810810258612, 60682.95601891388651 ], [ 202076.506251632235944, 60961.368035167979542 ], [ 202502.57737755891867, 61357.018424949172186 ], [ 204070.361674017156474, 61804.926195948122768 ], [ 205659.265035819727927, 61998.753613452980062 ], [ 207899.252422175981337, 62768.091907977825031 ], [ 210116.957394477794878, 62212.826383467181586 ], [ 211289.422385235055117, 62436.340895517525496 ], [ 213820.274407279939624, 61651.739960096718278 ], [ 215883.014333533530589, 62542.424925072817132 ], [ 218074.743769798951689, 61548.866629023075802 ], [ 222366.498882563930238, 62030.212781582958996 ], [ 224155.373601487808628, 62325.781599880516296 ], [ 226427.270880212512566, 62290.821536375791766 ], [ 228587.89955203430145, 63644.113045071077067 ], [ 230682.63810198608553, 63773.307594286394306 ], [ 232036.370613612874877, 62688.291027524130186 ], [ 235183.958095796144335, 62026.933252738526789 ], [ 237744.085481933900155, 62304.18224346259376 ], [ 239477.683328689628979, 63043.40621395301423 ], [ 240521.36840700119501, 62972.435539267375134 ] ] } },
{ "type": "Feature", "properties": { "location": null, "name": "National Grid Kelmsley - Littlebrook - Rowdown", "phases": null, "osm_id": "144848608", "source": "Bing", "brand": null, "cables": "6", "circuits": "2", "voltage": "400000", "max_voltage": 400000.0, "ref": "YL", "owner": null, "operator": "National Grid", "len": 6835.3709711444717 }, "geometry": { "type": "LineString", "coordinates": [ [ 560873.077971022692509, 171920.660532863403205 ], [ 560798.557287982082926, 172738.287894437729847 ], [ 559500.120564528391697, 172780.086200898978859 ], [ 557360.045890926849097, 173333.550840453593992 ], [ 556308.882932009641081, 174868.80027288250858 ], [ 556426.204905922175385, 175502.158854228968266 ] ] } },
{ "type": "Feature", "properties": { "location": null, "name": "Scottish Power Auchencrosh-Coylton", "phases": null, "osm_id": "148382424", "source": "OS_OpenData_VectorMap_District", "brand": null, "cables": "3", "circuits": null, "voltage": "275000", "max_voltage": 275000.0, "ref": "YY", "owner": null, "operator": "SP Energy Networks", "len": 16013.250361269085 }, "geometry": { "type": "LineString", "coordinates": [ [ 209865.959213301481213, 579095.059428197098896 ], [ 211378.533908278855961, 579785.363732253550552 ], [ 213462.014697873702971, 580041.729925355990417 ], [ 214863.117775800463278, 581540.551117284572683 ], [ 216089.2389469826594, 582351.591966687003151 ], [ 218278.315062487410614, 583335.667889963835478 ], [ 218704.855029166559689, 583923.018528231652454 ], [ 220517.413013744779164, 584727.92876588483341 ], [ 221736.893465614615707, 584740.043168185628019 ], [ 222568.351146947708912, 585053.995528959203511 ], [ 223664.146592908946332, 586095.916449261480011 ] ] } },
{ "type": "Feature", "properties": { "location": null, "name": "National Grid Laleham-West Weybridge", "phases": null, "osm_id": "150825783", "source": "bing", "brand": null, "cables": "6", "circuits": "2", "voltage": "275000", "max_voltage": 275000.0, "ref": "ZC", "owner": null, "operator": null, "len": 8272.1059210045605 }, "geometry": { "type": "LineString", "coordinates": [ [ 506008.08816274109995, 162652.451257141365204 ], [ 506128.207410564995371, 163653.3070709722233 ], [ 506669.385637325118296, 164946.839416069560684 ], [ 505996.504444488731679, 167139.584682333457749 ], [ 506164.696688585216179, 169048.184202531527262 ], [ 505894.243545034667477, 169533.918233686068561 ], [ 506311.120281665585935, 170547.840576541551854 ] ] } },
{ "type": "Feature", "properties": { "location": null, "name": "National Grid Iver-Laleham", "phases": null, "osm_id": "150904956", "source": "bing", "brand": null, "cables": "6", "circuits": "2", "voltage": "275000", "max_voltage": 275000.0, "ref": "VW", "owner": null, "operator": "National Grid Electricity Transmission", "len": 17123.011663916845 }, "geometry": { "type": "LineString", "coordinates": [ [ 504394.74532640655525, 183729.764969168056268 ], [ 504868.124179174017627, 182643.312409715144895 ], [ 504822.385446417552885, 182343.535244809580036 ], [ 504431.982762757921591, 181782.98989583022194 ], [ 504599.841290144482628, 180243.908226902771275 ], [ 504071.09908786509186, 178774.30770639696857 ], [ 502016.084688727918547, 177162.153522023698315 ], [ 502133.814884654362686, 175778.193867610301822 ], [ 501560.101905253657605, 174089.437045660044532 ], [ 502733.297513203986455, 172828.804720491229091 ], [ 505243.469162934692577, 171343.603001921146642 ], [ 505462.645226807217114, 171327.983610201801639 ], [ 505702.975051541056018, 171311.521542511298321 ], [ 506349.240623403456993, 170604.674368781154044 ] ] } },
{ "type": "Feature", "properties": { "location": null, "name": "National Grid - Ocker Hill to Willenhall", "phases": null, "osm_id": "151084327", "source": "bing", "brand": null, "cables": "6", "circuits": "2", "voltage": "275000", "max_voltage": 275000.0, "ref": "YYD", "owner": null, "operator": "National Grid Electricity Transmission", "len": 3967.4693359805283 }, "geometry": { "type": "LineString", "coordinates": [ [ 396758.308711433259305, 297413.846735542523675 ], [ 396529.795358049101196, 296315.199038976395968 ], [ 396980.893613726773765, 295351.511912235466298 ], [ 398247.663641354069114, 294099.230569533654489 ] ] } },
{ "type": "Feature", "properties": { "location": null, "name": null, "phases": null, "osm_id": "154980670", "source": "Bing", "brand": null, "cables": "6", "circuits": "2", "voltage": "275000", "max_voltage": 275000.0, "ref": "VK", "owner": null, "operator": "National Grid Electricity Transmission", "len": 11307.425573523065 }, "geometry": { "type": "LineString", "coordinates": [ [ 388885.746725408709608, 403645.920570849266369 ], [ 388952.406483274244238, 405820.988583343510982 ], [ 388541.831375028763432, 407207.392703321704175 ], [ 388299.599627664720174, 409038.325895066198427 ], [ 386939.962091159715783, 410035.807208237180021 ], [ 386964.657563081709668, 411123.262573573505506 ], [ 386029.502224958327133, 412820.667913487239275 ], [ 385713.506949774571694, 413901.977855685516261 ] ] } },
{ "type": "Feature", "properties": { "location": null, "name": "Nursling-Mannington", "phases": null, "osm_id": "155738006", "source": "survey;bing", "brand": null, "cables": "6", "circuits": "2", "voltage": "400000", "max_voltage": 400000.0, "ref": "4YB", "owner": null, "operator": "National Grid", "len": 39645.221619450014 }, "geometry": { "type": "LineString", "coordinates": [ [ 435958.063704545551445, 116148.5479417774186 ], [ 435697.014296287030447, 116150.708579995814944 ], [ 435597.050756401498802, 116151.535840859229211 ], [ 435447.148517936235294, 116188.223345035512466 ], [ 435298.852975723915733, 116224.52571027041995 ], [ 434981.378786439367104, 116305.799316933203954 ], [ 433867.530089215782937, 116359.147395895124646 ], [ 432605.285040542075876, 117242.138379296055064 ], [ 431429.699756618589163, 119377.733966700994642 ], [ 431128.744432159292046, 119669.939382286887849 ], [ 430892.847854384745006, 119894.910584302328061 ], [ 430619.902566509146709, 119911.589269951276947 ], [ 429573.311610981938429, 119967.227822432148969 ], [ 428549.220211910433136, 119729.897602527256822 ], [ 427174.2638507236843, 118435.029708502755966 ], [ 425064.151274615433067, 118062.252873763180105 ], [ 421674.555112104222644, 117890.557187015772797 ], [ 417072.378420446708333, 118037.313729211658938 ], [ 416416.505194122088142, 117037.057751971995458 ], [ 414092.595210801926441, 116663.2529621408612 ], [ 412765.687333859794308, 115527.706403707474237 ], [ 412075.154676473001018, 115262.919959076272789 ], [ 410985.473740786896087, 114298.62123357958626 ], [ 410747.530373884364963, 112536.615580897283508 ], [ 411141.982654457504395, 111009.173011771548772 ], [ 410701.947615197685082, 110090.401195384300081 ], [ 410485.408872398547828, 108422.498641502228566 ], [ 410000.880000993958674, 107324.896233255421976 ], [ 407722.815711069677491, 106694.781121148640523 ], [ 407496.009960706403945, 105417.327038612769684 ] ] } },
{ "type": "Feature", "properties": { "location": null, "name": "National Grid Chickerell-Axminster", "phases": null, "osm_id": "155745289", "source": null, "brand": null, "cables": "6", "circuits": "2", "voltage": "400000", "max_voltage": 400000.0, "ref": "4YA", "owner": null, "operator": "National Grid", "len": 26766.816693735404 }, "geometry": { "type": "LineString", "coordinates": [ [ 335033.493970849900506, 98907.549636494164588 ], [ 336283.353906086122151, 98391.796751257032156 ], [ 340704.283930047298782, 97274.171847075136611 ], [ 343995.524835016520228, 96137.651222357380902 ], [ 347317.726439626130741, 95761.59680616427795 ], [ 349756.443698675720952, 94848.435999346809695 ], [ 354886.947788155230228, 92616.331556439341512 ], [ 357795.478950434306171, 92085.803358840901637 ], [ 360576.02848288154928, 91359.965696009225212 ] ] } },
{ "type": "Feature", "properties": { "location": null, "name": "Mannington-Chickerell", "phases": null, "osm_id": "155746903", "source": "Bing; NPE", "brand": null, "cables": "6", "circuits": "2", "voltage": "400000", "max_voltage": 400000.0, "ref": "4VN", "owner": null, "operator": "National Grid Company plc", "len": 53782.707293381311 }, "geometry": { "type": "LineString", "coordinates": [ [ 407393.121773638762534, 105400.757183370413259 ], [ 404967.01937616628129, 105429.565964627778158 ], [ 402985.425043146824464, 104802.827709477394819 ], [ 401643.445653957489412, 103551.505438310559839 ], [ 399755.833238680614159, 101138.597988332185196 ], [ 399395.29159494448686, 100423.086407667258754 ], [ 398313.244483537389897, 100384.182477440801449 ], [ 396493.428645651903935, 99261.532509826123714 ], [ 396247.623160751129035, 99117.689979295537341 ], [ 395639.23322121927049, 98755.365776434337022 ], [ 394598.432015643804334, 97240.644949312641984 ], [ 392934.395206198561937, 95915.187538889993448 ], [ 392748.066492147976533, 95611.73065199694247 ], [ 392609.418580289988313, 95380.53786987674539 ], [ 392236.700249866524246, 94732.420578119403217 ], [ 390983.163594845333137, 92452.479496686515631 ], [ 390311.181538200704381, 92012.124867819424253 ], [ 387549.985104664985556, 92037.90852643881226 ], [ 386803.90606094931718, 91740.89994723876589 ], [ 380948.81570321629988, 92106.486392816965235 ], [ 379055.862971546535846, 91384.525949302536901 ], [ 378374.309407110966276, 91372.949938718520571 ], [ 376021.46050665556686, 89187.868438751669601 ], [ 374538.338204388564918, 87606.239021115063224 ], [ 374582.702200657164212, 86701.406708825088572 ], [ 373681.196849772124551, 85738.170830455055693 ], [ 371794.574930391798262, 85348.206473501282744 ], [ 369915.331157121749129, 84768.274054689507466 ], [ 367625.313669402094092, 83661.491099175473209 ], [ 367029.580085854395293, 83055.266200267680688 ], [ 366062.466313271143008, 83189.192245067475596 ], [ 365648.645343241805676, 82712.997383601003094 ], [ 365757.248631032416597, 80731.874010419473052 ] ] } },
{ "type": "Feature", "properties": { "location": null, "name": null, "phases": null, "osm_id": "157725616", "source": "OS_OpenData_VectorMap_District", "brand": null, "cables": "6", "circuits": null, "voltage": "132000", "max_voltage": 132000.0, "ref": null, "owner": null, "operator": null, "len": 2482.3423940357543 }, "geometry": { "type": "LineString", "coordinates": [ [ 256590.537178321974352, 734096.347626658389345 ], [ 256599.335503093519947, 734140.353504817350768 ], [ 255071.69428721247823, 734294.685740173561499 ], [ 254517.933570661552949, 735006.753346172627062 ] ] } },
{ "type": "Feature", "properties": { "location": null, "name": null, "phases": null, "osm_id": "159736511", "source": "Bing", "brand": null, "cables": "6", "circuits": "2", "voltage": "275000", "max_voltage": 275000.0, "ref": "4ZV", "owner": null, "operator": "National Grid", "len": 22056.31718846313 }, "geometry": { "type": "LineString", "coordinates": [ [ 443245.272956034401432, 389488.997089205950033 ], [ 444090.954146523668896, 389259.17481726576807 ], [ 444786.432088746631052, 387973.874606722267345 ], [ 444359.739943693799432, 386430.300529258558527 ], [ 444618.246879039914347, 385468.195323318301234 ], [ 444431.586856037029065, 385139.793056480237283 ], [ 444933.04319578333525, 381744.514070939389057 ], [ 444426.658224495127797, 379604.995983274769969 ], [ 444673.311406894179527, 378567.677575946843717 ], [ 444213.809336799778976, 377493.108709944703151 ], [ 444575.510768197709695, 375130.493899328110274 ], [ 444498.855392100347672, 374196.339644922467414 ], [ 443601.370442588173319, 373268.275110661168583 ], [ 442618.115129169425927, 372702.217278537165839 ], [ 442140.846990854421165, 371183.21213184989756 ], [ 440951.573901352589019, 370217.136264544038568 ] ] } },
{ "type": "Feature", "properties": { "location": null, "name": null, "phases": null, "osm_id": "160261408", "source": null, "brand": null, "cables": "6", "circuits": "2", "voltage": "400000", "max_voltage": 400000.0, "ref": "ZA", "owner": null, "operator": "National Grid Electricity Transmission", "len": 101396.64067891955 }, "geometry": { "type": "LineString", "coordinates": [ [ 486750.441881506703794, 261362.59042845031945 ], [ 486736.438153010851238, 261471.97890947869746 ], [ 486930.782561926171184, 261663.912648793251719 ], [ 486650.97727982228389, 264132.270301412791014 ], [ 485703.411506233504042, 266609.455883121525403 ], [ 486122.696703895111568, 270643.480483907915186 ], [ 485043.464880986430217, 273091.389562907570507 ], [ 481983.121273508877493, 275230.196372173959389 ], [ 480875.742311507114209, 277394.968385663523804 ], [ 479526.14737408910878, 278478.732034567918163 ], [ 479261.825530130940024, 279568.293335543829016 ], [ 475958.161929174500983, 284044.731552363082301 ], [ 475817.681207213841844, 285776.586474298033863 ], [ 475752.485175512148999, 286506.38880965183489 ], [ 476319.508589280361775, 289279.644822481670417 ], [ 475861.648776171379723, 290810.04032894707052 ], [ 475886.254746097081807, 291055.964850709890015 ], [ 475938.544582234113477, 291441.778741467860527 ], [ 476060.370619176188484, 292507.718844223942142 ], [ 476149.52269378467463, 293236.748108949803282 ], [ 474446.087243756628595, 295205.581487419898622 ], [ 474355.797827678034082, 299005.31357912987005 ], [ 475006.108486335666385, 302494.658623044553678 ], [ 473643.177815846865997, 305535.895068465499207 ], [ 472985.062437235494144, 308250.697414069436491 ], [ 471689.485465110861696, 311621.760900960420258 ], [ 470971.158276441390626, 315331.684187288046815 ], [ 469919.160671937919687, 319135.688586593430955 ], [ 470695.348490647855215, 323835.900976478529628 ], [ 470546.469478133250959, 326731.218101071834099 ], [ 470559.381779268500395, 328847.049226300558075 ], [ 468273.941747350967489, 332913.744540569605306 ], [ 468491.955504673649557, 334009.914357345260214 ], [ 470466.651326020073611, 337417.289398967113812 ], [ 471994.12222693831427, 339527.996492677892093 ], [ 475179.79216966876993, 345315.723173699749168 ], [ 476816.577402066090144, 346999.150881480542012 ], [ 476146.08860110497335, 350179.991831839201041 ], [ 475747.736377384106163, 351420.193053075112402 ], [ 475771.596057701157406, 352412.331778859603219 ], [ 475776.106821860419586, 352742.490176345221698 ], [ 475782.052259708172642, 353069.967562443925999 ], [ 475793.929853631649166, 353612.786729908897541 ] ] } },
{ "type": "Feature", "properties": { "location": null, "name": null, "phases": null, "osm_id": "160279528", "source": null, "brand": null, "cables": "6", "circuits": "2", "voltage": "400000", "max_voltage": 400000.0, "ref": "2AJ", "owner": null, "operator": "National Grid", "len": 2707.9142092286011 }, "geometry": { "type": "LineString", "coordinates": [ [ 515259.655030503054149, 419188.186387924477458 ], [ 515619.423509938176721, 419398.050613094586879 ], [ 516517.156675868784077, 417289.821101216890384 ] ] } },
{ "type": "Feature", "properties": { "location": null, "name": null, "phases": null, "osm_id": "160279529", "source": null, "brand": null, "cables": "6", "circuits": "2", "voltage": "400000", "max_voltage": 400000.0, "ref": "4KG", "owner": null, "operator": "National Grid", "len": 36202.248246660936 }, "geometry": { "type": "LineString", "coordinates": [ [ 512897.062982495466713, 415880.911492973624263 ], [ 510390.532868975598831, 416252.504784798424225 ], [ 508988.702659648493864, 416886.488559832389001 ], [ 502220.817104016954545, 419157.903309809393249 ], [ 500578.663074108306319, 419142.700075466127601 ], [ 493868.904035533836577, 420248.761152813909575 ], [ 490168.38003646733705, 420351.268316371366382 ], [ 486141.216274150181562, 419714.08578467782354 ], [ 485732.510307110031135, 418828.596343440760393 ], [ 485171.009183916088659, 417990.704316110000946 ], [ 484670.688474932569079, 415238.464128273946699 ], [ 483000.850927235675044, 412322.490008391323499 ], [ 482410.227816104074009, 412109.98827458685264 ] ] } },
{ "type": "Feature", "properties": { "location": null, "name": null, "phases": null, "osm_id": "160279535", "source": null, "brand": null, "cables": "6", "circuits": "2", "voltage": "400000", "max_voltage": 400000.0, "ref": "4ZQ", "owner": null, "operator": "National Grid", "len": 31719.722876911957 }, "geometry": { "type": "LineString", "coordinates": [ [ 504090.862449603504501, 434903.916511869290844 ], [ 502832.022445353097282, 434856.656468806089833 ], [ 500571.86422146379482, 433429.849499710020609 ], [ 498272.8998439963907, 432142.5120108963456 ], [ 494782.411158609611448, 431158.470487504731864 ], [ 494131.667437067779247, 430826.787172317039222 ], [ 493078.154367925017141, 429318.673088944633491 ], [ 489906.235463985358365, 428558.553889488335699 ], [ 483466.100869566609617, 425036.138863650732674 ], [ 482875.624983777874149, 424435.905002330429852 ], [ 483090.714527864591219, 421545.206115395005327 ], [ 484353.304267272993457, 417108.549662975710817 ] ] } },
{ "type": "Feature", "properties": { "location": null, "name": null, "phases": null, "osm_id": "160279575", "source": null, "brand": null, "cables": "6", "circuits": "2", "voltage": "400000", "max_voltage": 400000.0, "ref": "4KG", "owner": null, "operator": "National Grid", "len": 6393.2427896181407 }, "geometry": { "type": "LineString", "coordinates": [ [ 517061.757235713885166, 411884.592069437261671 ], [ 514715.488259978359565, 412914.845492276072036 ], [ 513696.670008493005298, 413530.474347176903393 ], [ 513465.711513685411774, 415433.022821916209068 ], [ 512897.062982495466713, 415880.911492973624263 ] ] } },
{ "type": "Feature", "properties": { "location": null, "name": null, "phases": null, "osm_id": "160279578", "source": "OS_OpenData_VectorMap_District", "brand": null, "cables": "6", "circuits": "2", "voltage": "400000", "max_voltage": 400000.0, "ref": "4VC", "owner": null, "operator": "National Grid", "len": 76583.66001025842 }, "geometry": { "type": "LineString", "coordinates": [ [ 477586.872310153383296, 445626.307842740672641 ], [ 474244.754486431949772, 450118.365952688967809 ], [ 473316.728583580697887, 452735.002467037527822 ], [ 473173.699636811448727, 456019.828043334535323 ], [ 471536.638724136748351, 457232.244228966068476 ], [ 471057.68868165218737, 459197.951136684045196 ], [ 470651.657521394081414, 459634.467690253048204 ], [ 470428.58180595911108, 459877.017109996988438 ], [ 470205.610405458835885, 460114.637388073490001 ], [ 469860.251655178144574, 460252.573383499984629 ], [ 469491.838599250593688, 460399.515143033815548 ], [ 468442.104565482470207, 460820.476475420873612 ], [ 465140.643772963201627, 463439.846851770533249 ], [ 463150.20056376454886, 464288.607950262376107 ], [ 461542.548749996814877, 464948.14496306644287 ], [ 461148.791211510193534, 465116.010172107373364 ], [ 459436.690693543700036, 465818.201224839547649 ], [ 457382.282932825153694, 466386.214490002021194 ], [ 453701.620961618318688, 470551.927290124469437 ], [ 452057.163580811931752, 473641.096173031604849 ], [ 450545.833482941845432, 474771.578419933794066 ], [ 448138.516434124205261, 478772.374990669079125 ], [ 447734.984772940922994, 481109.684342385735363 ], [ 447372.970111514267046, 482299.410881478455849 ], [ 445890.316403931297828, 483970.623141227057204 ], [ 444806.178752303996589, 484723.763913986971602 ], [ 444819.81102741335053, 489041.351375449914485 ], [ 444204.79278919933131, 492731.783691203803755 ], [ 443487.616362776549067, 495816.896666338201612 ], [ 443550.1668540436076, 501999.054787359084003 ], [ 443653.566879514313769, 503452.943815555772744 ], [ 442143.126863237586804, 506645.822695785202086 ] ] } },
{ "type": "Feature", "properties": { "location": null, "name": "National Grid Legacy-Treuddyn", "phases": null, "osm_id": "160412768", "source": null, "brand": null, "cables": "6", "circuits": "2", "voltage": "400000", "max_voltage": 400000.0, "ref": "ZKA", "owner": null, "operator": "National Grid", "len": 12121.372305828938 }, "geometry": { "type": "LineString", "coordinates": [ [ 329311.408731062605511, 348505.653104787459597 ], [ 328899.415448893385474, 348865.992301867052447 ], [ 327519.710671591747086, 351467.455578902678099 ], [ 327839.592460636864416, 352325.277278975816444 ], [ 327319.494943169411272, 353509.183656151813921 ], [ 326762.533549298939761, 353755.159416527196299 ], [ 323891.196951182035264, 357035.127487878489774 ], [ 323265.276337281044107, 358345.990549775655381 ] ] } },
{ "type": "Feature", "properties": { "location": null, "name": null, "phases": null, "osm_id": "160412776", "source": null, "brand": null, "cables": "6", "circuits": "2", "voltage": "275000", "max_voltage": 275000.0, "ref": "ZZB", "owner": null, "operator": "National Grid Electricity Transmission", "len": 6956.8870855293026 }, "geometry": { "type": "LineString", "coordinates": [ [ 310094.256771267391741, 193681.419776400609408 ], [ 310380.300408338312991, 193335.862084650725592 ], [ 310410.564274937438313, 192873.047074323520064 ], [ 310423.562374787346926, 192684.563563109491952 ], [ 310440.77060892485315, 192413.204081597970799 ], [ 310458.979971336142626, 192183.344602793920785 ], [ 310470.532794855360407, 191977.120944352529477 ], [ 310528.589951478294097, 191166.457705497741699 ], [ 310465.330559137917589, 187842.475947193801403 ], [ 310063.934729730593972, 186916.524162648478523 ] ] } },
{ "type": "Feature", "properties": { "location": null, "name": null, "phases": null, "osm_id": "160414270", "source": "visual survey;bing", "brand": null, "cables": "6", "circuits": "2", "voltage": "400000", "max_voltage": 400000.0, "ref": "VM", "owner": null, "operator": "National Grid Electricity Transmission", "len": 20671.859454789115 }, "geometry": { "type": "LineString", "coordinates": [ [ 383793.939050006389152, 301587.077951345941983 ], [ 381919.952334025991149, 302380.005424771574326 ], [ 381067.429410084791016, 302128.90904777799733 ], [ 378462.004185888159554, 301984.601473802526016 ], [ 377101.367458162712865, 301048.391975343227386 ], [ 371348.156433589174412, 301094.39847521064803 ], [ 369915.751738245773595, 301624.043383581680246 ], [ 368679.253260638040956, 300982.876668396813329 ], [ 367644.148273778730072, 300911.957891641068272 ], [ 366423.452255345415324, 301929.657173318555579 ], [ 365251.387167711742222, 303776.088931340840645 ] ] } },
{ "type": "Feature", "properties": { "location": null, "name": "Deeside - Capenhurst", "phases": null, "osm_id": "160417225", "source": null, "brand": null, "cables": "6", "circuits": "2", "voltage": "400000", "max_voltage": 400000.0, "ref": "4ZD", "owner": null, "operator": "National Grid Electricity Transmission", "len": 11173.203628956609 }, "geometry": { "type": "LineString", "coordinates": [ [ 336744.325024020625278, 375111.969211059564259 ], [ 336481.143763298983686, 375272.659617470460944 ], [ 336154.848338679701556, 375299.557549379242118 ], [ 334681.976927559415344, 374269.136056717543397 ], [ 333639.97051077807555, 372720.907135160639882 ], [ 331877.203092306735925, 370657.862619954335969 ], [ 331577.87943325098604, 369968.265747756056953 ], [ 330704.828630372881889, 369828.950669635029044 ], [ 329500.425248128594831, 370377.401169148390181 ], [ 329139.778601162019186, 370651.572955153824296 ], [ 328755.663069152622484, 370676.826165971753653 ], [ 328467.776788285467774, 370897.744798318075482 ] ] } },
{ "type": "Feature", "properties": { "location": null, "name": null, "phases": null, "osm_id": "160580046", "source": "Bing", "brand": null, "cables": "6", "circuits": "2", "voltage": "400000", "max_voltage": 400000.0, "ref": "ZZI", "owner": null, "operator": "National Grid", "len": 7642.4176956297542 }, "geometry": { "type": "LineString", "coordinates": [ [ 460388.33034413139103, 409285.570664225611836 ], [ 459784.702433160331566, 409615.63997629476944 ], [ 461223.875938838464208, 415993.75642772129504 ], [ 461638.877852193894796, 415965.383811526582576 ] ] } },
{ "type": "Feature", "properties": { "location": null, "name": null, "phases": null, "osm_id": "160580051", "source": "Bing", "brand": null, "cables": "6", "circuits": "2", "voltage": "400000", "max_voltage": 400000.0, "ref": "4YQ", "owner": null, "operator": "National Grid Electricity Transmission", "len": 10201.485313932824 }, "geometry": { "type": "LineString", "coordinates": [ [ 449527.973179932741914, 412830.7767326143221 ], [ 450242.510136778932065, 416137.826216967427172 ], [ 452852.815669624949805, 420594.787891895568464 ], [ 452814.915853398677427, 422247.38192539679585 ] ] } },
{ "type": "Feature", "properties": { "location": null, "name": null, "phases": null, "osm_id": "160580054", "source": "Bing", "brand": null, "cables": "6", "circuits": "2", "voltage": "400000", "max_voltage": 400000.0, "ref": "ZDA", "owner": null, "operator": "National Grid", "len": 21422.99138444004 }, "geometry": { "type": "LineString", "coordinates": [ [ 461638.877852193894796, 415965.383811526582576 ], [ 466378.805537971435115, 414995.306586448685266 ], [ 469044.787259262055159, 414722.789951186336111 ], [ 473017.985751811298542, 412377.518497523211408 ], [ 475698.340409965079743, 412396.358521682152059 ], [ 477754.623455396736972, 412108.164980273053516 ], [ 481024.6439580230508, 411839.405642618075944 ], [ 482277.620196137577295, 411870.063017427863088 ] ] } },
{ "type": "Feature", "properties": { "location": null, "name": null, "phases": null, "osm_id": "160616341", "source": "Bing", "brand": null, "cables": "6", "circuits": "2", "voltage": "275000", "max_voltage": 275000.0, "ref": "ZZV", "owner": null, "operator": "National Grid", "len": 2695.3220478016519 }, "geometry": { "type": "LineString", "coordinates": [ [ 440973.156133663840592, 390782.279808968654834 ], [ 442170.35183869121829, 390820.38094355748035 ], [ 443159.288145033293404, 389695.849152581882663 ] ] } },
{ "type": "Feature", "properties": { "location": null, "name": "XEA", "phases": null, "osm_id": "160616342", "source": "Bing", "brand": null, "cables": "6", "circuits": "2", "voltage": "275000", "max_voltage": 275000.0, "ref": "XEA", "owner": null, "operator": "National Grid", "len": 4386.4169855544733 }, "geometry": { "type": "LineString", "coordinates": [ [ 448931.53362492506858, 390293.883562529517803 ], [ 449411.038757350295782, 391195.425622309325263 ], [ 449983.058082910429221, 393207.893110930337571 ], [ 450129.053629319358151, 394472.599392748204991 ] ] } },
{ "type": "Feature", "properties": { "location": null, "name": null, "phases": null, "osm_id": "160616343", "source": "Bing", "brand": null, "cables": "6", "circuits": "2", "voltage": "275000", "max_voltage": 275000.0, "ref": "XEA", "owner": null, "operator": "National Grid", "len": 5097.2934670000686 }, "geometry": { "type": "LineString", "coordinates": [ [ 443374.698460702726152, 389805.340860994358081 ], [ 444467.364070340408944, 389794.79066195798805 ], [ 445561.453740702709183, 389343.023940513900016 ], [ 448350.275404756539501, 389767.13331234594807 ] ] } },
{ "type": "Feature", "properties": { "location": null, "name": "YYL", "phases": null, "osm_id": "160616350", "source": "Bing", "brand": null, "cables": "6", "circuits": "2", "voltage": "275000", "max_voltage": 275000.0, "ref": "YYL", "owner": null, "operator": "National Grid", "len": 7464.6212039239654 }, "geometry": { "type": "LineString", "coordinates": [ [ 445281.97138717159396, 394475.264540277654305 ], [ 445895.301701499382034, 394894.243677174614277 ], [ 446678.213258802716155, 396938.89329674851615 ], [ 447759.560231509094592, 396761.008418418990914 ], [ 448822.637937783321831, 396191.825321541226003 ], [ 449779.799240952532273, 394597.133253469422925 ], [ 450129.053629319358151, 394472.599392748204991 ] ] } },
{ "type": "Feature", "properties": { "location": null, "name": "XE", "phases": null, "osm_id": "160616358", "source": "Bing", "brand": null, "cables": "3", "circuits": "1", "voltage": "275000", "max_voltage": 275000.0, "ref": "XE", "owner": null, "operator": "National Grid", "len": 46810.201294154307 }, "geometry": { "type": "LineString", "coordinates": [ [ 450129.053629319358151, 394472.599392748204991 ], [ 450467.235054333985317, 394562.277244456578046 ], [ 453211.063521434261929, 393432.040799832961056 ], [ 456280.230383034970146, 393392.908075732761063 ], [ 456865.532964795129374, 393066.518319022434298 ], [ 457116.603713089367375, 392919.578588037809823 ], [ 458879.958920401113573, 391942.509317646676209 ], [ 460364.740700308058877, 388694.279046741430648 ], [ 461829.453366375295445, 386801.500311343639623 ], [ 463446.790190321509726, 386182.337120083102491 ], [ 465000.11469716578722, 384744.833302847633604 ], [ 465966.84568790497724, 383268.738645308942068 ], [ 466142.395447835966479, 380797.219430175609887 ], [ 466386.800258202361874, 379544.559876306389924 ], [ 466440.440860425587744, 379279.555288752366323 ], [ 466501.088086748844944, 378969.886020469362848 ], [ 465768.875799869361799, 374451.235322009306401 ], [ 467401.336478553246707, 372181.366691660834476 ], [ 469557.404569121135864, 370454.545778230880387 ], [ 471172.528045499930158, 369570.580828882870264 ], [ 473388.570143301505595, 369536.223374137189239 ], [ 475202.059165765705984, 369769.538770239101723 ], [ 478615.640643573715352, 370464.101418533595279 ], [ 480629.250291839591227, 370664.664519554411527 ] ] } },
{ "type": "Feature", "properties": { "location": null, "name": null, "phases": null, "osm_id": "160777367", "source": "Bing", "brand": null, "cables": "6", "circuits": "2", "voltage": "400000;0", "max_voltage": 400000.0, "ref": "YYO", "owner": null, "operator": null, "len": 12404.952127229011 }, "geometry": { "type": "LineString", "coordinates": [ [ 426847.548348404350691, 399097.688643161032815 ], [ 428971.841186192235909, 398385.563349724980071 ], [ 429503.792773433378898, 397987.154138048470486 ], [ 429622.990267881483305, 397029.84827747248346 ], [ 430234.875235755462199, 395746.589615641976707 ], [ 430499.604221370711457, 394399.578045480069704 ], [ 431453.032320305646863, 393858.771113947615959 ], [ 432010.664934422180522, 392741.843393779534381 ], [ 432911.99632327829022, 392102.157285213295836 ], [ 434052.867715960834175, 390115.499642730224878 ] ] } },
{ "type": "Feature", "properties": { "location": null, "name": null, "phases": null, "osm_id": "160777370", "source": "Bing", "brand": null, "cables": "6", "circuits": "2", "voltage": "400000", "max_voltage": 400000.0, "ref": "4ZO", "owner": null, "operator": "National Grid Electricity Transmission", "len": 28824.738325114911 }, "geometry": { "type": "LineString", "coordinates": [ [ 425739.107264304417185, 400030.105442068597768 ], [ 426394.644874511926901, 400576.470869268523529 ], [ 425982.75716625637142, 401793.165960608923342 ], [ 425988.780895580537617, 402762.7620799827273 ], [ 427318.955722064827569, 403856.299311144975945 ], [ 427921.070750756014604, 405806.768274538044352 ], [ 430382.637182943639345, 407589.584968666255008 ], [ 430873.383288300479762, 408230.587136967340484 ], [ 432480.934961608902086, 408179.084981019492261 ], [ 433420.368331530888099, 409188.424377305200323 ], [ 434061.467309127096087, 409479.08085962489713 ], [ 434457.797006494074594, 410461.634526470268611 ], [ 437498.921521305746865, 410854.878831402573269 ], [ 438615.898477223061491, 411599.014561588992365 ], [ 438795.877747027028818, 411645.42773173173191 ], [ 439083.455971853050869, 411716.046139580314048 ], [ 439352.933389372949023, 411793.685571037523914 ], [ 440840.612514720240142, 412159.961620409274474 ], [ 442878.930167228507344, 412068.956131022423506 ], [ 444661.079184462199919, 412813.553080485842656 ], [ 447342.552773423376493, 412851.789000508200843 ] ] } },
{ "type": "Feature", "properties": { "location": null, "name": "Brinsworth - Tinsley Park", "phases": null, "osm_id": "160783500", "source": "Bing", "brand": null, "cables": "6", "circuits": "2", "voltage": "275000", "max_voltage": 275000.0, "ref": "ZYB", "owner": null, "operator": "National Grid", "len": 3130.1864257455377 }, "geometry": { "type": "LineString", "coordinates": [ [ 440391.610936065553688, 389515.407185872085392 ], [ 441405.980618156027049, 389049.171986574830953 ], [ 442800.128575215989258, 389016.691576320677996 ], [ 443182.460929637309164, 389503.847161826153751 ] ] } },
{ "type": "Feature", "properties": { "location": null, "name": "Penwortham-Kirkby", "phases": null, "osm_id": "160793824", "source": "Bing;Yahoo", "brand": null, "cables": "6", "circuits": "2", "voltage": "275000", "max_voltage": 275000.0, "ref": "ZU", "owner": null, "operator": "National Grid Electricity Transmission", "len": 10705.684788260209 }, "geometry": { "type": "LineString", "coordinates": [ [ 345794.731766962271649, 407670.476304572308436 ], [ 345776.241322824556846, 407653.053454235661775 ], [ 345005.169505580328405, 406909.287106937612407 ], [ 345073.143715624639299, 403363.0076267629629 ], [ 344062.282787093950901, 400461.252433777612168 ], [ 344312.743301828799304, 399450.395012985973153 ], [ 343990.427880673087202, 397529.437121591879986 ] ] } },
{ "type": "Feature", "properties": { "location": null, "name": null, "phases": null, "osm_id": "162124586", "source": "OS_OpenData_VectorMap_District", "brand": null, "cables": "6", "circuits": "2", "voltage": "400000;275000", "max_voltage": 400000.0, "ref": "XF", "owner": null, "operator": "SP Energy Networks", "len": 5650.2830625050919 }, "geometry": { "type": "LineString", "coordinates": [ [ 239095.160317998495884, 663127.490223973989487 ], [ 239273.283609736332437, 663463.527320287073962 ], [ 241206.839330084330868, 664948.95043767534662 ], [ 242288.253679574729176, 665260.471463589463383 ], [ 243144.279301816481166, 666736.511647165752947 ] ] } },
{ "type": "Feature", "properties": { "location": null, "name": null, "phases": null, "osm_id": "162124600", "source": "OS_OpenData_VectorMap_District", "brand": null, "cables": "6", "circuits": "2", "voltage": "400000", "max_voltage": 400000.0, "ref": "ZO", "owner": null, "operator": "SP Energy Networks", "len": 13589.900781319482 }, "geometry": { "type": "LineString", "coordinates": [ [ 231638.613166865776293, 670470.069648959673941 ], [ 235025.442867763660615, 671424.851797194336541 ], [ 236039.178669871937018, 671373.467603117111139 ], [ 237862.49750818600296, 670503.526659237453714 ], [ 240967.666380132839549, 669465.37109628028702 ], [ 240977.42387876228895, 668493.240462683024816 ], [ 243144.279301816481166, 666736.511647165752947 ] ] } },
{ "type": "Feature", "properties": { "location": null, "name": null, "phases": null, "osm_id": "166648308", "source": "OS_OpenData_VectorMap_District", "brand": null, "cables": "6", "circuits": "2", "voltage": "275000", "max_voltage": 275000.0, "ref": "YZ", "owner": null, "operator": "SSEN Transmission", "len": 69048.347235629903 }, "geometry": { "type": "LineString", "coordinates": [ [ 328797.198280008044094, 746888.974422840052284 ], [ 326938.663596342667006, 745797.066014517564327 ], [ 322788.690615122090094, 743600.966433087014593 ], [ 321158.516625134972855, 742132.710078882984817 ], [ 319579.528329936962109, 741014.042369457660243 ], [ 319343.754306690476369, 740672.080659824772738 ], [ 319194.006533413426951, 740454.907778062857687 ], [ 318752.542332582932431, 739807.689182010944933 ], [ 317914.071319690730888, 738599.339089580462314 ], [ 316668.734058877395, 736200.583166374941356 ], [ 314732.270390295248944, 734636.646232859464362 ], [ 314388.699820195441134, 731729.179770545102656 ], [ 313703.498491500911769, 729734.783590347273275 ], [ 309149.019821126712486, 728437.728545160265639 ], [ 307784.761068576364778, 725644.185510507668369 ], [ 307068.580458680866286, 725072.211429532850161 ], [ 306983.212240943918005, 724342.169626412098296 ], [ 307190.905347312625963, 723684.660516262287274 ], [ 307210.552378899068572, 723622.477908830158412 ], [ 307272.74843889294425, 723425.615755806211382 ], [ 307586.177145946770906, 723137.881389171117917 ], [ 307846.296140025369823, 722888.75281247519888 ], [ 308617.922037291049492, 722178.656846933648922 ], [ 309093.059103588224389, 721009.665887044859119 ], [ 309325.789095336571336, 720471.549783315742388 ], [ 309499.113154120394029, 720077.524092283565551 ], [ 309608.913837643922307, 719825.151524200802669 ], [ 309703.106719535717275, 719611.906255428679287 ], [ 309992.109682360955048, 718942.899337250040844 ], [ 309878.876269561238587, 717143.391745390952565 ], [ 310283.289525294560008, 715298.608769304235466 ], [ 311521.716382004728075, 711230.995257139788009 ], [ 311274.856286213966087, 707572.665897877071984 ], [ 310609.724371474119835, 706480.682433099951595 ], [ 309233.1765219863737, 705588.540907841990702 ], [ 307874.079999729641713, 705166.191556059522554 ], [ 305383.178404910955578, 701147.457103889784776 ], [ 304017.376411552948412, 699832.619867951027118 ], [ 302241.973840223217849, 698867.898851349600591 ], [ 300218.426155918510631, 698382.874190935399383 ], [ 298361.640925828949548, 696828.134345959755592 ] ] } },
{ "type": "Feature", "properties": { "location": null, "name": null, "phases": null, "osm_id": "166650421", "source": "OS_OpenData_VectorMap_District", "brand": null, "cables": "6", "circuits": "2", "voltage": "400000", "max_voltage": 400000.0, "ref": "ZA", "owner": null, "operator": "SP Energy Networks", "len": 54703.102568926035 }, "geometry": { "type": "LineString", "coordinates": [ [ 341364.687443522154354, 666125.500635604606941 ], [ 341549.440504920959938, 663294.32991781947203 ], [ 340953.145726144080982, 662501.978136432357132 ], [ 342087.526205704081804, 661606.104806399554946 ], [ 343105.856018316175323, 659815.826097272103652 ], [ 344049.758386897388846, 659457.458006773260422 ], [ 344086.831676494737621, 659235.570419164723717 ], [ 344203.435008144355379, 658495.496605209773406 ], [ 344366.478598064859398, 657493.674048707005568 ], [ 345550.909645369567443, 654971.062249815207906 ], [ 347596.200343706004787, 653543.81770411983598 ], [ 348210.489333718898706, 652379.315331347519532 ], [ 349044.694833083718549, 651620.528903266415 ], [ 349209.444059592206031, 651470.70376761094667 ], [ 349533.485359035839792, 651176.067240376840346 ], [ 350386.408578615635633, 650400.733946123626083 ], [ 350673.578586174640805, 646730.513633167021908 ], [ 352025.722202851437032, 644581.249361176160164 ], [ 354484.721090432081837, 642631.99381433671806 ], [ 356318.89091824478237, 642692.912188285612501 ], [ 358395.392254106351174, 641443.408956224098802 ], [ 361374.227845176006667, 641561.301088229753077 ], [ 362849.030913996044546, 641782.413399647455662 ], [ 364779.717159409367014, 641741.434593540849164 ], [ 367488.151865831227042, 642597.862808086443692 ], [ 372924.858185943681747, 642469.252758096554317 ], [ 374294.874335271830205, 642918.997907460434362 ], [ 376635.593302278488409, 642532.125706356600858 ], [ 377191.758028663345613, 642235.767321204068139 ], [ 379239.417713275470305, 641829.019381697056815 ] ] } },
{ "type": "Feature", "properties": { "location": null, "name": null, "phases": null, "osm_id": "166650429", "source": "OS_OpenData_VectorMap_District", "brand": null, "cables": "6", "circuits": "2", "voltage": "275000", "max_voltage": 275000.0, "ref": null, "owner": null, "operator": null, "len": 9505.1111595703387 }, "geometry": { "type": "LineString", "coordinates": [ [ 335356.269949652079958, 669001.500465895980597 ], [ 336858.632802328735124, 668853.543407805846073 ], [ 338097.604532578610815, 669476.710597356781363 ], [ 339249.423232968780212, 671262.081461665336974 ], [ 339502.946778747020289, 673096.636822770582512 ], [ 340337.536904497363139, 673974.201217636233196 ], [ 339671.528104135708418, 675229.342828927445225 ] ] } },
{ "type": "Feature", "properties": { "location": null, "name": null, "phases": null, "osm_id": "166650430", "source": "OS_OpenData_VectorMap_District", "brand": null, "cables": "6", "circuits": "2", "voltage": "400000", "max_voltage": 400000.0, "ref": "XJ", "owner": null, "operator": "SP Energy Networks", "len": 8519.8444354016265 }, "geometry": { "type": "LineString", "coordinates": [ [ 335235.6886647802894, 668812.599154615192674 ], [ 333754.712205766118132, 669284.917366278008558 ], [ 332226.719360472867265, 668549.419224939658307 ], [ 331200.823330248822458, 668473.292671583360061 ], [ 329259.836045433708932, 667289.4449410547968 ], [ 327310.690014533000067, 667022.535139354295097 ] ] } },
{ "type": "Feature", "properties": { "location": null, "name": null, "phases": null, "osm_id": "166650434", "source": "OS_OpenData_VectorMap_District", "brand": null, "cables": "6", "circuits": "2", "voltage": "400000", "max_voltage": 400000.0, "ref": "ZS", "owner": null, "operator": "SP Energy Networks", "len": 30692.137968674753 }, "geometry": { "type": "LineString", "coordinates": [ [ 335404.158891786530148, 668776.746767984936014 ], [ 335667.867490624252241, 668648.456913054222241 ], [ 335968.943090671673417, 668502.564300650381483 ], [ 336245.142310447990894, 668365.052889418555424 ], [ 337868.490388393052854, 669120.864587485557422 ], [ 339328.962347963766661, 668616.514089349424466 ], [ 339931.25986503821332, 667545.66067571809981 ], [ 341070.110008428338915, 666605.029565878212452 ], [ 341348.307105768413749, 666373.32873474038206 ], [ 341582.527061675093137, 666291.089129742933437 ], [ 342653.862730252672918, 665906.418946591205895 ], [ 344372.982974142476451, 666968.23225233098492 ], [ 344826.932866098999511, 666926.109944494208321 ], [ 347124.035301988769788, 664814.093264133669436 ], [ 348722.234414904552978, 664388.774220035411417 ], [ 349646.393507080385461, 663870.982599749229848 ], [ 350052.230815297283698, 662948.954335768357851 ], [ 349964.90883545728866, 661641.551564837456681 ], [ 350341.876029532577377, 660403.386910497676581 ], [ 350962.215677929634694, 659686.946357114124112 ], [ 352210.013426175049972, 659012.701391349546611 ], [ 353048.65563842933625, 657924.592859305208549 ], [ 354659.156084762362298, 657324.541204609442502 ], [ 355827.300912985752802, 658990.902247545775026 ], [ 358370.953540457005147, 659172.857512719812803 ] ] } },
{ "type": "Feature", "properties": { "location": null, "name": "National Grid Fourstones-Stella West", "phases": null, "osm_id": "166650688", "source": "OS_OpenData_VectorMap_District", "brand": null, "cables": "6", "circuits": "2", "voltage": "275000", "max_voltage": 275000.0, "ref": "XB", "owner": null, "operator": "National Grid", "len": 22633.76826024866 }, "geometry": { "type": "LineString", "coordinates": [ [ 389753.435191662749276, 568544.925614422070794 ], [ 394506.59078427561326, 567971.847587529802695 ], [ 398780.297750324534718, 568179.166627182625234 ], [ 402681.820084939652588, 568206.111494917888194 ], [ 406891.204993548919447, 566600.283158178557642 ], [ 411222.641201651771553, 566662.086218733340502 ], [ 412026.062616715964396, 566865.118066477472894 ] ] } },
{ "type": "Feature", "properties": { "location": null, "name": null, "phases": null, "osm_id": "166650690", "source": "OS_OpenData_VectorMap_District", "brand": null, "cables": "6", "circuits": "2", "voltage": "275000", "max_voltage": 275000.0, "ref": "XB", "owner": null, "operator": "National Grid", "len": 55436.400051882854 }, "geometry": { "type": "LineString", "coordinates": [ [ 389515.358668731700163, 568561.096496133483015 ], [ 388488.121632392809261, 569638.043417934444733 ], [ 384367.58601262117736, 568930.151649134233594 ], [ 381845.826491295360029, 565931.098334644688293 ], [ 378442.425897252745926, 565668.283307354780845 ], [ 376950.976991928706411, 565209.459837779984809 ], [ 373736.92262787045911, 565053.291542978142388 ], [ 367099.321824237063993, 564955.377818594803102 ], [ 365204.717578752723057, 564650.387350036646239 ], [ 362037.07447405718267, 563465.433965766918845 ], [ 358478.178966594277881, 562354.371511071221903 ], [ 355293.209235164686106, 559929.521100731450133 ], [ 352771.600766596908215, 559452.039306995808147 ], [ 349880.088918623281643, 559500.702482048422098 ], [ 347516.7220598605345, 558201.797612620866857 ], [ 345410.739341807318851, 558153.486070432001725 ], [ 343785.8949549527606, 559859.020867091137916 ], [ 341992.866231069667265, 561008.05707079754211 ], [ 338757.313723035273142, 561168.004411490052007 ] ] } },
{ "type": "Feature", "properties": { "location": null, "name": "Fourstones - Stella West", "phases": null, "osm_id": "166651708", "source": "OS_OpenData_VectorMap_District", "brand": null, "cables": "6", "circuits": "2", "voltage": "275000", "max_voltage": 275000.0, "ref": "XB", "owner": null, "operator": "National Grid", "len": 5105.3186016334266 }, "geometry": { "type": "LineString", "coordinates": [ [ 412026.062616715964396, 566865.118066477472894 ], [ 412948.340279122290667, 566066.097528026322834 ], [ 415791.486904732533731, 565530.944244668120518 ], [ 415962.597217325994279, 565244.291775020072237 ], [ 416396.916643222502898, 565015.527570517850108 ], [ 416472.748824662936386, 564866.439872660324909 ] ] } },
{ "type": "Feature", "properties": { "location": null, "name": null, "phases": null, "osm_id": "166651714", "source": "OS_OpenData_VectorMap_District", "brand": null, "cables": "6", "circuits": "2", "voltage": "275000", "max_voltage": 275000.0, "ref": "ZZA", "owner": null, "operator": null, "len": 16494.508137790715 }, "geometry": { "type": "LineString", "coordinates": [ [ 431975.727221646404359, 570092.280948081752285 ], [ 431266.457569846708793, 570933.151174978818744 ], [ 430455.361291656445246, 571270.011408713180572 ], [ 430691.817564466036856, 572144.735757356043905 ], [ 429636.854427726182621, 574071.671789220534265 ], [ 429635.065037718217354, 575219.041479987208731 ], [ 428164.971620477095712, 577379.256038693129085 ], [ 427294.643062189803459, 579614.189728028839454 ], [ 427405.900819713133387, 581582.490253653028049 ], [ 428346.250447403814178, 582107.967423439142294 ], [ 428782.81541184039088, 582952.875163334538229 ], [ 430037.591883132467046, 582948.724922116613016 ] ] } },
{ "type": "Feature", "properties": { "location": null, "name": null, "phases": null, "osm_id": "166703762", "source": "OS_OpenData_VectorMap_District", "brand": null, "cables": "6", "circuits": "2", "voltage": "275000", "max_voltage": 275000.0, "ref": "ZE", "owner": null, "operator": "SP Energy Networks", "len": 4461.9916094662112 }, "geometry": { "type": "LineString", "coordinates": [ [ 267435.123706305515952, 657383.831208676914684 ], [ 267905.635076839418616, 655502.994247767142951 ], [ 269391.101087427872699, 653463.408869546023197 ] ] } },
{ "type": "Feature", "properties": { "location": null, "name": "SP Transmission Strathaven-Busby", "phases": null, "osm_id": "166703763", "source": "OS_OpenData_VectorMap_District", "brand": null, "cables": "6", "circuits": "2", "voltage": "275000", "max_voltage": 275000.0, "ref": "XQ", "owner": null, "operator": "SP Transmission", "len": 9135.4809020099947 }, "geometry": { "type": "LineString", "coordinates": [ [ 264229.198826079955325, 651866.001276200520806 ], [ 259301.82699233823223, 651880.658331796876155 ], [ 258383.39875374615076, 652756.81342277629301 ], [ 258266.810160859226016, 655693.27304204471875 ] ] } },
{ "type": "Feature", "properties": { "location": null, "name": null, "phases": null, "osm_id": "166703767", "source": "OS_OpenData_VectorMap_District", "brand": null, "cables": "6", "circuits": "2", "voltage": "400000", "max_voltage": 400000.0, "ref": "XR", "owner": null, "operator": "SSEN Transmission", "len": 23446.604439536281 }, "geometry": { "type": "LineString", "coordinates": [ [ 369012.530451195430942, 835461.47581947746221 ], [ 369653.177974632300902, 834447.908416457823478 ], [ 369913.320429478946608, 831067.720144217368215 ], [ 370475.404438828350976, 828816.809407036053017 ], [ 371450.831436486041639, 826994.007596956449561 ], [ 371743.413298764557112, 825103.800651085563004 ], [ 375392.039966130396351, 821860.961285295896232 ], [ 376349.749014332948718, 819153.919538849848323 ], [ 376880.108496781962458, 816413.678437803755514 ], [ 376791.951545476855244, 814402.374065509065986 ] ] } },
{ "type": "Feature", "properties": { "location": null, "name": null, "phases": null, "osm_id": "166703768", "source": "OS_OpenData_VectorMap_District", "brand": null, "cables": "6", "circuits": "2", "voltage": "275000", "max_voltage": 275000.0, "ref": "VP;VX2", "owner": null, "operator": "SSEN Transmission", "len": 34896.526318934804 }, "geometry": { "type": "LineString", "coordinates": [ [ 389452.343242478033062, 821260.34927519375924 ], [ 389769.09747158898972, 821739.947429397958331 ], [ 390001.961997475940734, 824472.671893401187845 ], [ 390758.601005065080244, 825345.019569944706745 ], [ 391756.175817626295611, 827692.23066507303156 ], [ 392081.599499874690082, 831002.304248073371127 ], [ 392715.083649169129785, 832057.433568981243297 ], [ 394140.6055663038278, 832416.47728978691157 ], [ 397375.737136648851447, 833930.867162499227561 ], [ 399293.400729129032698, 836237.940362495486625 ], [ 401366.087388846674003, 837065.826233750325628 ], [ 403344.354035630589351, 838076.029300540918484 ], [ 405125.263889514957555, 840546.418162802350707 ], [ 406536.821021417155862, 841413.485509084654041 ], [ 407887.184459033771418, 842781.699541129986756 ], [ 410839.022421790228691, 842819.414184555760585 ], [ 412060.229483395640273, 842574.416270970483311 ] ] } },
{ "type": "Feature", "properties": { "location": null, "name": "Inverarnan - Killin", "phases": null, "osm_id": "166703774", "source": "OS_OpenData_VectorMap_District", "brand": null, "cables": "6", "circuits": "2", "voltage": "132000", "max_voltage": 132000.0, "ref": "NL", "owner": null, "operator": "SSEN Transmission", "len": 6129.5682328344792 }, "geometry": { "type": "LineString", "coordinates": [ [ 231651.099717974371742, 718179.330361190252006 ], [ 231544.433501510618953, 718715.758720438345335 ], [ 231993.614233657426666, 720380.964712514891289 ], [ 234149.774111266277032, 720993.460317695862614 ], [ 235207.900672358518932, 722215.452609130297787 ] ] } },
{ "type": "Feature", "properties": { "location": null, "name": null, "phases": null, "osm_id": "166703779", "source": "OS_OpenData_VectorMap_District", "brand": null, "cables": "6", "circuits": "2", "voltage": "275000", "max_voltage": 275000.0, "ref": null, "owner": null, "operator": "SSEN Transmission", "len": 55155.016499996389 }, "geometry": { "type": "LineString", "coordinates": [ [ 265934.148683828650974, 839902.823088229517452 ], [ 267247.566839311039075, 839366.987394705414772 ], [ 270241.140414780762512, 840149.497996997204609 ], [ 273542.319563764031045, 841651.224642030196264 ], [ 275093.96321853128029, 842182.424892029492185 ], [ 278687.393197189550847, 844071.327494860510342 ], [ 280770.274718015047256, 844164.685103737283498 ], [ 283165.779788061743602, 845857.008861315902323 ], [ 289197.477578033518512, 847491.984423216083087 ], [ 292564.192325141339097, 846980.951161747216247 ], [ 296532.59218759246869, 844029.436567403376102 ], [ 302452.291960018919781, 845571.790157374925911 ], [ 304223.2806080430164, 847142.449642768478952 ], [ 305644.366397033212706, 849690.302743007661775 ], [ 306682.700933452870231, 850221.84320519817993 ], [ 307313.503176614874974, 851051.827269104658626 ], [ 312033.000395442359149, 851858.390949063235894 ], [ 312666.25402713852236, 852420.76779791736044 ], [ 315099.460047639789991, 852723.983640646212734 ] ] } },
{ "type": "Feature", "properties": { "location": null, "name": null, "phases": null, "osm_id": "170476911", "source": "OS_OpenData_VectorMap_District", "brand": null, "cables": "6", "circuits": "2", "voltage": "400000;275000", "max_voltage": 400000.0, "ref": "ZZA", "owner": null, "operator": "National Grid Electricity Transmission", "len": 2755.4060055962136 }, "geometry": { "type": "LineString", "coordinates": [ [ 456264.295516186801251, 519553.607516025309451 ], [ 455948.448088115197606, 520799.438084051478654 ], [ 455233.255667173420079, 521061.913162991637364 ], [ 455073.472422850609291, 521751.982016937457956 ] ] } },
{ "type": "Feature", "properties": { "location": null, "name": "National Grid Norton-Spennymoor", "phases": null, "osm_id": "176235065", "source": null, "brand": null, "cables": "6", "circuits": "2", "voltage": "400000", "max_voltage": 400000.0, "ref": "ZXC", "owner": null, "operator": "National Grid Electricity Transmission", "len": 15618.968420502009 }, "geometry": { "type": "LineString", "coordinates": [ [ 429018.978868687932845, 534505.178490661084652 ], [ 429633.763686416205019, 534721.249122725683264 ], [ 431943.952850927249528, 534870.619920557946898 ], [ 433736.707884149742313, 534329.520714313373901 ], [ 436055.06659791932907, 533936.36963125015609 ], [ 437233.310770401789341, 532126.751991874189116 ], [ 437699.61246086662868, 528134.967557131545618 ], [ 439267.233115817187354, 526521.094359117792919 ] ] } },
{ "type": "Feature", "properties": { "location": null, "name": null, "phases": null, "osm_id": "178899706", "source": null, "brand": null, "cables": "6", "circuits": "2", "voltage": "275000", "max_voltage": 275000.0, "ref": "ZZN", "owner": null, "operator": "National Grid", "len": 7367.198958876379 }, "geometry": { "type": "LineString", "coordinates": [ [ 375302.772574668808375, 393245.812341464217752 ], [ 377193.371147196274251, 393828.547555439174175 ], [ 379698.253194067801815, 393471.723568320623599 ], [ 380804.849462057813071, 391901.288284545647912 ], [ 381638.518555438320618, 391472.429715048172511 ] ] } },
{ "type": "Feature", "properties": { "location": null, "name": "National Grid Macclesfield-?", "phases": null, "osm_id": "178899726", "source": null, "brand": null, "cables": "6", "circuits": "2", "voltage": "400000;275000", "max_voltage": 400000.0, "ref": "YV", "owner": null, "operator": "National Grid", "len": 17410.434539970869 }, "geometry": { "type": "LineString", "coordinates": [ [ 393109.560506173293106, 389711.480178155528847 ], [ 393146.207633293175604, 387896.205301411566325 ], [ 394427.538463184318971, 386368.371257405495271 ], [ 394406.712803983362392, 385004.746008903370239 ], [ 394714.559212432708591, 384336.830256254645064 ], [ 394766.721063245786354, 382525.326705524872523 ], [ 393183.851268595142756, 380359.191004314401653 ], [ 392505.308060348208528, 380349.4362069441122 ], [ 391618.016238445939962, 378779.703475453017745 ], [ 391522.21909961476922, 377010.373706634680275 ], [ 392454.060353735403623, 375973.808436458348297 ], [ 391987.349769834196195, 374697.537346940138377 ] ] } },
{ "type": "Feature", "properties": { "location": null, "name": "Kearsley to Whitegate", "phases": null, "osm_id": "178903604", "source": "Bing", "brand": null, "cables": "6", "circuits": "2", "voltage": "275000", "max_voltage": 275000.0, "ref": "VJ", "owner": null, "operator": "National Grid Electricity Transmission", "len": 14168.955167526776 }, "geometry": { "type": "LineString", "coordinates": [ [ 376437.194497386226431, 404684.371140614093747 ], [ 378677.368107882502954, 403575.730141991458368 ], [ 379755.846950417617336, 403553.168312131601851 ], [ 380520.640966940089129, 404535.210346429317724 ], [ 382500.313957691309042, 405619.525280753266998 ], [ 383453.913707734842319, 405493.369310993002728 ], [ 384666.295528973394539, 404832.678487911645789 ], [ 385806.386851940595079, 404991.118778055242728 ], [ 386564.573520323203411, 403963.826051749987528 ], [ 387937.779517868708353, 403575.864418360521086 ], [ 388826.952728333766572, 403639.396518473222386 ] ] } },
{ "type": "Feature", "properties": { "location": null, "name": "National Grid Didcot-Bramley", "phases": null, "osm_id": "179187619", "source": null, "brand": null, "cables": "6", "circuits": "2", "voltage": "400000", "max_voltage": 400000.0, "ref": "4YG", "owner": null, "operator": "National Grid", "len": 13335.957405567849 }, "geometry": { "type": "LineString", "coordinates": [ [ 451728.734961014124565, 192143.942204609746113 ], [ 453660.269371140166186, 190313.467851991590578 ], [ 453995.344156977895182, 188520.444924723473378 ], [ 456546.766795756411739, 186878.820512783597223 ], [ 458361.766853349516168, 185383.627352142415475 ], [ 458872.246219165157527, 182921.706892648187932 ], [ 458337.605005082848947, 182135.192488090833649 ] ] } },
{ "type": "Feature", "properties": { "location": null, "name": null, "phases": null, "osm_id": "184961338", "source": null, "brand": null, "cables": "6", "circuits": "2", "voltage": "275000;132000", "max_voltage": 275000.0, "ref": "VE", "owner": null, "operator": "National Grid Electricity Transmission", "len": 5564.2007917752126 }, "geometry": { "type": "LineString", "coordinates": [ [ 282977.259892838599626, 183266.10355599533068 ], [ 281236.865783211891539, 183222.987522405281197 ], [ 279317.446181190607604, 184090.898733745212667 ], [ 278711.610365081345662, 185697.195894782198593 ] ] } },
{ "type": "Feature", "properties": { "location": null, "name": null, "phases": null, "osm_id": "184961343", "source": "Bing", "brand": null, "cables": "6", "circuits": "2", "voltage": "275000", "max_voltage": 275000.0, "ref": "XM", "owner": null, "operator": "National Grid Electricity Transmission", "len": 22245.065810380649 }, "geometry": { "type": "LineString", "coordinates": [ [ 283229.147286190302111, 183306.847991329152137 ], [ 284020.763031803362537, 183522.696248807245865 ], [ 284235.226523537538014, 182566.147071496583521 ], [ 285054.511222654546145, 181428.248279892664868 ], [ 286620.024905633996241, 179708.854984678619076 ], [ 288721.337559850595426, 179299.129821903945412 ], [ 289605.142367996042594, 178197.684067032532766 ], [ 290496.892956192430574, 177877.3604993330664 ], [ 292010.233241128560621, 178394.102870194299612 ], [ 294404.886936152761336, 177655.596711481339298 ], [ 297041.547155095380731, 177096.008441701706033 ], [ 299052.205757376155816, 176871.417339052888565 ], [ 301203.353453207411803, 176959.742077338276431 ], [ 302347.470683832012583, 177436.734031522879377 ] ] } },
{ "type": "Feature", "properties": { "location": null, "name": null, "phases": null, "osm_id": "193460866", "source": null, "brand": null, "cables": "6", "circuits": "2", "voltage": "400000;275000", "max_voltage": 400000.0, "ref": "ZP", "owner": null, "operator": "National Grid Electricity Transmission", "len": 12278.620602795248 }, "geometry": { "type": "LineString", "coordinates": [ [ 385654.307919795624912, 414029.315581456699874 ], [ 385361.222644351480994, 414243.383541977556888 ], [ 385356.391719486389775, 414598.966995501250494 ], [ 385343.988513533142395, 414954.140507522097323 ], [ 385335.942181696242187, 415262.08275750069879 ], [ 387235.719592676847242, 416663.630771962343715 ], [ 389102.448422643821687, 416696.06029151508119 ], [ 392957.859241208818275, 417933.873171604529489 ], [ 395568.893573201145045, 417722.816402616095729 ] ] } },
{ "type": "Feature", "properties": { "location": null, "name": null, "phases": null, "osm_id": "193461513", "source": "Bing", "brand": null, "cables": "6", "circuits": "2", "voltage": "275000", "max_voltage": 275000.0, "ref": "4ZT", "owner": null, "operator": "National Grid Electricity Transmission", "len": 4167.2610312836405 }, "geometry": { "type": "LineString", "coordinates": [ [ 448219.596380718867294, 428859.33700656844303 ], [ 448199.697282605804503, 427404.168948741396889 ], [ 447920.765525940223597, 425958.94053848774638 ], [ 447455.276650861138478, 425499.623400479904376 ], [ 447400.57469447713811, 424916.075405383133329 ] ] } },
{ "type": "Feature", "properties": { "location": null, "name": null, "phases": null, "osm_id": "195653083", "source": "OS_OpenData_VectorMap_District", "brand": null, "cables": "6", "circuits": "2", "voltage": "132000", "max_voltage": 132000.0, "ref": null, "owner": null, "operator": "SSEN Transmission", "len": 6124.9975512514848 }, "geometry": { "type": "LineString", "coordinates": [ [ 259186.873814553109696, 891928.572806604439393 ], [ 257888.68619277299149, 893588.471149538527243 ], [ 257551.569371081801364, 894827.069650579127483 ], [ 257859.58630826685112, 895508.322852336918004 ], [ 257288.415543084818637, 897410.864399885758758 ] ] } },
{ "type": "Feature", "properties": { "location": null, "name": null, "phases": null, "osm_id": "197906205", "source": "OS_OpenData_VectorMap_District", "brand": null, "cables": "6", "circuits": "2", "voltage": "275000", "max_voltage": 275000.0, "ref": "XF", "owner": null, "operator": null, "len": 26059.527349721884 }, "geometry": { "type": "LineString", "coordinates": [ [ 429701.508745991101023, 583033.350120577844791 ], [ 428762.400227728416212, 582991.91721073363442 ], [ 428299.110899694787804, 582184.646729465341195 ], [ 427368.798888573306613, 581605.633459282573313 ], [ 427276.871148017118685, 580017.832219374016859 ], [ 425125.547010487585794, 579492.693148145452142 ], [ 424546.771560727152973, 578945.690714173135348 ], [ 424375.910687496769242, 576743.298990900861099 ], [ 423281.885273245628923, 574157.37481682212092 ], [ 423817.334051562298555, 571306.646413377602585 ], [ 422868.771425935148727, 570385.572528846678324 ], [ 420639.027949105075095, 569968.144290174474008 ], [ 420179.79703520872863, 569380.44775029073935 ], [ 418031.783896710257977, 567721.95320094411727 ], [ 417558.543308578780852, 566295.887560774805024 ], [ 417702.82238356990274, 565227.88732870738022 ], [ 417393.618194335896987, 564739.452349934494123 ], [ 417027.988499348401092, 564742.352051331778057 ] ] } },
{ "type": "Feature", "properties": { "location": null, "name": "Lovedean-Nursling", "phases": null, "osm_id": "209273302", "source": null, "brand": null, "cables": "6", "circuits": "2", "voltage": "400000", "max_voltage": 400000.0, "ref": "4YC", "owner": null, "operator": "National Grid", "len": 36382.682858694905 }, "geometry": { "type": "LineString", "coordinates": [ [ 436108.714935349416919, 116148.40185531010502 ], [ 436689.61943375505507, 117623.762971105054021 ], [ 437521.765906504646409, 118767.17117476335261 ], [ 440899.051939440949354, 119369.64362309515127 ], [ 443795.219717384956311, 119086.670953667227877 ], [ 444934.511563107254915, 121022.034219428809593 ], [ 448814.538137133000419, 120599.605653109552804 ], [ 452983.017158860107884, 118690.270296869042795 ], [ 453435.658233774243854, 117889.183077460242203 ], [ 455223.019903856853489, 116197.68777757344651 ], [ 456650.539676642685663, 116072.682223513256758 ], [ 457546.290599869098514, 115401.045270358066773 ], [ 458950.944428422895726, 115510.372414082085015 ], [ 459976.40163818502333, 115263.872951731143985 ], [ 462714.180392887094058, 113957.446335721906507 ], [ 465735.433852195681538, 113561.425956360384589 ], [ 467563.035719094856177, 113671.74943101851386 ] ] } },
{ "type": "Feature", "properties": { "location": null, "name": null, "phases": null, "osm_id": "210383463", "source": null, "brand": null, "cables": "3", "circuits": null, "voltage": "132000", "max_voltage": 132000.0, "ref": null, "owner": null, "operator": null, "len": 12983.230869696037 }, "geometry": { "type": "LineString", "coordinates": [ [ 209524.846680079295766, 766487.648324958863668 ], [ 209775.595930064475397, 764070.217962723458186 ], [ 210195.365271912130993, 763366.434796291869134 ], [ 211936.763855396653526, 763641.538093321258202 ], [ 212851.361552630201913, 764101.822852030512877 ], [ 215600.441239837324247, 763505.590697073726915 ], [ 216671.602148319827393, 763022.935903079924174 ], [ 218885.328922195883933, 762619.215144491172396 ], [ 219291.824779422953725, 762039.08365170948673 ] ] } },
{ "type": "Feature", "properties": { "location": null, "name": "Monk Fryston-Norton", "phases": null, "osm_id": "211047672", "source": null, "brand": null, "cables": "6", "circuits": "2", "voltage": "275000", "max_voltage": 275000.0, "ref": "XC", "owner": null, "operator": "National Grid Electricity Transmission", "len": 29471.779353020764 }, "geometry": { "type": "LineString", "coordinates": [ [ 451394.256422270496842, 456694.452375081949867 ], [ 450494.808451463177335, 453841.271860679611564 ], [ 449256.064073099230882, 451990.34581908385735 ], [ 448365.586099581734743, 447616.835085913073272 ], [ 447132.890840712934732, 443220.380729602533393 ], [ 446307.062994324078318, 441705.742960802745074 ], [ 445620.061036586412229, 440421.36192617949564 ], [ 446455.081287301261909, 438172.669638717663474 ], [ 447114.981492702441756, 434964.065123713575304 ], [ 447065.907706481986679, 431338.732623673626222 ], [ 447682.375313093652949, 429420.783818688476458 ], [ 448387.645780955615919, 429243.183468097471632 ] ] } },
{ "type": "Feature", "properties": { "location": null, "name": null, "phases": null, "osm_id": "211047676", "source": null, "brand": null, "cables": "6", "circuits": "2", "voltage": "275000", "max_voltage": 275000.0, "ref": "XK", "owner": null, "operator": "National Grid Electricity Transmission", "len": 15887.655735684921 }, "geometry": { "type": "LineString", "coordinates": [ [ 433319.757288578548469, 431110.207227699109353 ], [ 433644.001830416673329, 430608.192614394472912 ], [ 434841.234266470652074, 430946.874557481496595 ], [ 436371.256661222781986, 430668.664308046340011 ], [ 438030.735736934293527, 429803.484552800073288 ], [ 440599.854296060453635, 430167.556682037888095 ], [ 441416.311271273065358, 429719.175463979598135 ], [ 441806.277296598127577, 429716.355695455335081 ], [ 442578.618233854766004, 429715.773947090958245 ], [ 442934.576874758407939, 429717.757976303459145 ], [ 443278.534150180756114, 429793.69523552886676 ], [ 443986.454164055525325, 429955.880830480251461 ], [ 446121.212349397828802, 429292.417988569824956 ], [ 448380.438681474537589, 429210.563201701268554 ] ] } },
{ "type": "Feature", "properties": { "location": null, "name": "High Marnham-Chesterfield", "phases": null, "osm_id": "212440897", "source": "survey;OS OpenData VectorMap District;OS OpenData VectorMap District;Bing;survey;Bing", "brand": null, "cables": "6", "circuits": "2", "voltage": "275000", "max_voltage": 275000.0, "ref": "4ZV", "owner": null, "operator": "National Grid", "len": 43179.76303103783 }, "geometry": { "type": "LineString", "coordinates": [ [ 440863.999208833323792, 369568.669204131932929 ], [ 441282.212482536851894, 368919.430065883789212 ], [ 441470.713553589652292, 368625.007128733035643 ], [ 441784.058956676512025, 368474.753328670747578 ], [ 442816.087643090984784, 368614.758329586009495 ], [ 446439.329857333563268, 368017.688643603003584 ], [ 447705.897698128886987, 367237.481190230580978 ], [ 451966.188145127438474, 366131.671461520600133 ], [ 453784.052184124011546, 366445.656136116012931 ], [ 459857.944060938840266, 365289.831823932530824 ], [ 462927.911063424311578, 365230.663618409773335 ], [ 464848.404190662200563, 366514.85000853514066 ], [ 467506.979792441590689, 365168.697517794673331 ], [ 467889.724934165016748, 365093.627084387873765 ], [ 468216.581513314740732, 365029.663050578790717 ], [ 468538.872986147762276, 364965.388813128869515 ], [ 469191.993143785861321, 364843.392616878030822 ], [ 472034.424721212708391, 365712.161443776392844 ], [ 472498.72196038934635, 366315.788048477610573 ], [ 474583.282485731644556, 366948.969111628714018 ], [ 476312.882701028953306, 368105.447643536899704 ], [ 477237.374092719692271, 369148.373108440835495 ], [ 480577.434419402154163, 370535.013670938555151 ] ] } },
{ "type": "Feature", "properties": { "location": null, "name": null, "phases": null, "osm_id": "216618065", "source": null, "brand": null, "cables": "6", "circuits": "2", "voltage": "275000", "max_voltage": 275000.0, "ref": "ZZA", "owner": null, "operator": "National Grid Electricity Transmission", "len": 7146.7231465155728 }, "geometry": { "type": "LineString", "coordinates": [ [ 434833.647781942447182, 554101.740764559828676 ], [ 433486.637225863873027, 555190.340261720353737 ], [ 432194.877221099101007, 557170.177756420453079 ], [ 432864.304643219918944, 558368.677781593170948 ], [ 432553.434199359733611, 559115.525323335081339 ], [ 433403.174204674782231, 559297.914452158496715 ] ] } },
{ "type": "Feature", "properties": { "location": null, "name": null, "phases": null, "osm_id": "216876901", "source": null, "brand": null, "cables": "6", "circuits": "2", "voltage": "275000", "max_voltage": 275000.0, "ref": "ZZG", "owner": null, "operator": "National Grid Electricity Transmission", "len": 23670.943455097004 }, "geometry": { "type": "LineString", "coordinates": [ [ 459443.593728980049491, 408710.441179244662635 ], [ 456912.286114350426942, 408980.786232956219465 ], [ 454727.907878809724934, 409426.852337860269472 ], [ 453571.288605777604971, 409318.483993429515976 ], [ 449289.051416529517155, 410538.138950553431641 ], [ 448718.088178163103294, 410546.635534914850723 ], [ 445486.193998501461465, 408811.716433682886418 ], [ 444615.862720381235704, 407933.820507717377041 ], [ 443321.424200173991267, 404660.354800727625843 ], [ 442449.168073033739347, 403114.301847705559339 ], [ 441453.612948969530407, 400809.119050939334556 ] ] } },
{ "type": "Feature", "properties": { "location": null, "name": null, "phases": null, "osm_id": "217687136", "source": null, "brand": null, "cables": "6", "circuits": "2", "voltage": "400000", "max_voltage": 400000.0, "ref": "2WS", "owner": null, "operator": "National Grid Electricity Transmission", "len": 5741.1526958300738 }, "geometry": { "type": "LineString", "coordinates": [ [ 529968.689590129535645, 328477.74507934122812 ], [ 528985.404026010422967, 326160.235049573529977 ], [ 526037.147025194950402, 324856.452373212727252 ] ] } },
{ "type": "Feature", "properties": { "location": null, "name": "Canterbury North-Kemsley", "phases": null, "osm_id": "218444037", "source": "Bing", "brand": null, "cables": "6", "circuits": "2", "voltage": "400000", "max_voltage": 400000.0, "ref": "ZV", "owner": null, "operator": "National Grid", "len": 13280.019908545528 }, "geometry": { "type": "LineString", "coordinates": [ [ 605072.354431658983231, 164101.574921195860952 ], [ 605381.809939560596831, 163945.660907200945076 ], [ 609594.869996300782077, 163536.753526252228767 ], [ 611411.021110031288117, 163538.019127886160277 ], [ 615770.393100084154867, 161193.675101183209335 ], [ 616484.884574353927746, 160427.150520351598971 ], [ 616038.36787256912794, 159660.897927860583877 ] ] } },
{ "type": "Feature", "properties": { "location": null, "name": null, "phases": null, "osm_id": "220798108", "source": "OS_OpenData_VectorMap_District", "brand": null, "cables": "6", "circuits": "2", "voltage": "400000;275000", "max_voltage": 400000.0, "ref": "YYJ", "owner": null, "operator": "National Grid Electricity Transmission", "len": 11919.487925647314 }, "geometry": { "type": "LineString", "coordinates": [ [ 441282.683206607820466, 522164.453951887553558 ], [ 441598.242120435985271, 522192.252138432115316 ], [ 441587.682294392085169, 523561.256977271288633 ], [ 442436.205539140151814, 524588.067044211435132 ], [ 443609.844798079051543, 525056.357858344214037 ], [ 445234.316654395428486, 526304.852909166715108 ], [ 446589.150343423418235, 526224.385638711159118 ], [ 448117.787469639151823, 525731.032499007531442 ], [ 449338.933888236177154, 523406.586590856313705 ] ] } },
{ "type": "Feature", "properties": { "location": null, "name": null, "phases": null, "osm_id": "222381050", "source": "OS 1:25k;OS_OpenData_VectorMap_District", "brand": null, "cables": "6", "circuits": "2", "voltage": "132000;33000", "max_voltage": 132000.0, "ref": null, "owner": null, "operator": null, "len": 19228.21493238004 }, "geometry": { "type": "LineString", "coordinates": [ [ 303957.333557194389869, 825223.829950375366025 ], [ 305836.038730188156478, 825815.47895821381826 ], [ 308065.914563945319969, 826994.285846500424668 ], [ 309291.373245958937332, 828079.972587968339212 ], [ 310383.69088324875338, 829454.667792824679054 ], [ 313445.355956341023557, 832534.187822459614836 ], [ 314448.630779768456705, 834148.349540776340291 ], [ 315467.26333046524087, 834205.470732865855098 ], [ 316279.717629083141219, 833587.391109979012981 ], [ 317091.236692483245861, 833520.353211554465815 ], [ 319126.170730369631201, 834468.138697537244298 ] ] } },
{ "type": "Feature", "properties": { "location": null, "name": null, "phases": null, "osm_id": "222987716", "source": null, "brand": null, "cables": "6", "circuits": "2", "voltage": "275000", "max_voltage": 275000.0, "ref": "VP", "owner": null, "operator": "National Grid", "len": 6047.6444196616258 }, "geometry": { "type": "LineString", "coordinates": [ [ 320509.153982377727516, 177976.45718074881006 ], [ 320982.376988850184716, 180682.914809471229091 ], [ 321486.737859925604425, 181482.629061944433488 ], [ 320878.498117658426054, 183757.366443509585224 ] ] } },
{ "type": "Feature", "properties": { "location": null, "name": "Eccles-?", "phases": null, "osm_id": "224311252", "source": "OS_OpenData_VectorMap_District", "brand": null, "cables": "6", "circuits": "2", "voltage": "132000", "max_voltage": 132000.0, "ref": null, "owner": null, "operator": null, "len": 21489.327112122122 }, "geometry": { "type": "LineString", "coordinates": [ [ 379456.802467548230197, 641942.419948702445254 ], [ 380027.971484828856774, 642055.323688434320502 ], [ 380520.809526287019253, 643443.753543077385984 ], [ 382075.236194305121899, 644544.079039559350349 ], [ 385282.465712766803335, 645969.879121243022382 ], [ 385719.193063246377278, 646439.464668247150257 ], [ 387823.77477337536402, 647726.714727201731876 ], [ 389703.443949637352489, 649706.839133092784323 ], [ 390869.796494828246068, 650249.457197778858244 ], [ 391615.949788104102481, 653216.948952444479801 ], [ 393745.282564000575803, 654278.4953271424165 ], [ 395121.848094993154518, 653805.966412609675899 ] ] } },
{ "type": "Feature", "properties": { "location": null, "name": null, "phases": null, "osm_id": "226759289", "source": "Bing;survey", "brand": null, "cables": "6", "circuits": "2", "voltage": "400000;275000", "max_voltage": 400000.0, "ref": "ZZA", "owner": null, "operator": "National Grid Electricity Transmission", "len": 4325.8113243396783 }, "geometry": { "type": "LineString", "coordinates": [ [ 455073.472422850609291, 521751.982016937457956 ], [ 454027.126459199353121, 521385.374747948604636 ], [ 452308.097488313447684, 522479.984668841119856 ], [ 451812.911773703061044, 523550.120601346716285 ] ] } },
{ "type": "Feature", "properties": { "location": null, "name": null, "phases": null, "osm_id": "226890249", "source": null, "brand": null, "cables": "6", "circuits": "2", "voltage": "400000", "max_voltage": 400000.0, "ref": "4YR", "owner": null, "operator": "National Grid Electricity Transmission", "len": 5861.8565012128947 }, "geometry": { "type": "LineString", "coordinates": [ [ 447911.589498148416169, 424601.5393993871985 ], [ 448641.087936820695177, 424739.768924132687971 ], [ 451833.519106043153442, 424398.038995362934656 ], [ 451965.747907512763049, 423391.202912155946251 ], [ 452779.501691863755696, 423022.88498368364526 ] ] } },
{ "type": "Feature", "properties": { "location": null, "name": null, "phases": null, "osm_id": "227395338", "source": "OS_OpenData_VectorMap_District", "brand": null, "cables": "6", "circuits": "2", "voltage": "275000", "max_voltage": 275000.0, "ref": "4TH", "owner": null, "operator": "National Grid Electricity Transmission", "len": 4362.8190536515413 }, "geometry": { "type": "LineString", "coordinates": [ [ 448252.77102918131277, 525713.177098178537562 ], [ 449288.221476983861066, 526425.735357296420261 ], [ 449747.581739875429776, 527074.314321354380809 ], [ 450912.649451973498799, 527498.818599384161644 ], [ 451910.548806701903231, 527109.621451533166692 ] ] } },
{ "type": "Feature", "properties": { "location": null, "name": null, "phases": null, "osm_id": "227395340", "source": "OS_OpenData_VectorMap_District", "brand": null, "cables": "6", "circuits": "2", "voltage": "275000", "max_voltage": 275000.0, "ref": "YYQ", "owner": null, "operator": "National Grid", "len": 2567.4831313650793 }, "geometry": { "type": "LineString", "coordinates": [ [ 457095.50469487241935, 523839.307489460567012 ], [ 455556.86837286897935, 522160.448542782803997 ], [ 455273.303258483414538, 522222.199307095259428 ] ] } },
{ "type": "Feature", "properties": { "location": null, "name": null, "phases": null, "osm_id": "227495566", "source": "OS_OpenData_VectorMap_District;survey;Bing Sat", "brand": null, "cables": "6", "circuits": "2", "voltage": "400000", "max_voltage": 400000.0, "ref": "2TX", "owner": null, "operator": "National Grid Electricity Transmission", "len": 5363.5421531185775 }, "geometry": { "type": "LineString", "coordinates": [ [ 456369.059418619610369, 519259.134814412333071 ], [ 456595.177679032902233, 518718.556266980711371 ], [ 454852.218851447978523, 516793.346746696392074 ], [ 454812.79382229084149, 515680.636754066799767 ], [ 454423.389979333675001, 514687.035057320259511 ] ] } },
{ "type": "Feature", "properties": { "location": null, "name": null, "phases": null, "osm_id": "228452919", "source": "OS_OpenData_VectorMap_District", "brand": null, "cables": "6", "circuits": "2", "voltage": "400000", "max_voltage": 400000.0, "ref": "YG", "owner": null, "operator": null, "len": 26622.318100431134 }, "geometry": { "type": "LineString", "coordinates": [ [ 429816.018648840545211, 583194.034478249028325 ], [ 428306.363719771848992, 583995.730510338791646 ], [ 426439.003774927696213, 584155.685727457283065 ], [ 425459.894631224568002, 583623.53174770064652 ], [ 424425.9854600126273, 583864.009169639204629 ], [ 422610.499419781030156, 582663.95621113886591 ], [ 421312.144032240321394, 582135.037749766255729 ], [ 420728.102640996978153, 581593.346117849345319 ], [ 419179.02845798904309, 581352.054023896344006 ], [ 418456.444456599070691, 579752.411721719661728 ], [ 418451.418132862134371, 577531.019467920530587 ], [ 416103.686860906193033, 575388.117858660290949 ], [ 414705.027628485113382, 573748.669033494894393 ], [ 413457.459687590366229, 572902.257199525018223 ], [ 412463.310010550718289, 570932.513827017624862 ], [ 412701.288168489641976, 569051.475343881873414 ] ] } },
{ "type": "Feature", "properties": { "location": null, "name": null, "phases": null, "osm_id": "228458092", "source": null, "brand": null, "cables": "6", "circuits": "2", "voltage": "275000", "max_voltage": 275000.0, "ref": null, "owner": null, "operator": null, "len": 4265.768497080785 }, "geometry": { "type": "LineString", "coordinates": [ [ 435398.851961463224143, 564374.466629371861927 ], [ 435119.593608334951568, 563130.437324183993042 ], [ 433912.011204132519197, 562377.005776733160019 ], [ 434063.473511059535667, 560816.90648017229978 ] ] } },
{ "type": "Feature", "properties": { "location": null, "name": null, "phases": null, "osm_id": "228458095", "source": null, "brand": null, "cables": "6", "circuits": "2", "voltage": "275000", "max_voltage": 275000.0, "ref": "ZZA", "owner": null, "operator": null, "len": 6629.9328791734042 }, "geometry": { "type": "LineString", "coordinates": [ [ 435331.463411362259649, 564537.049539219588041 ], [ 434006.426377144467551, 565215.312247930211015 ], [ 433451.813183172198478, 567200.432062199921347 ], [ 432019.025421310623642, 569927.161677898722701 ] ] } },
{ "type": "Feature", "properties": { "location": null, "name": "National Grid West Burton-Bicker Fen", "phases": null, "osm_id": "233060681", "source": null, "brand": null, "cables": "6", "circuits": "2", "voltage": "400000", "max_voltage": 400000.0, "ref": "4ZM", "owner": null, "operator": "National Grid Electricity Transmission", "len": 65554.83018016674 }, "geometry": { "type": "LineString", "coordinates": [ [ 519586.3819101434201, 338610.786230191006325 ], [ 517818.114366958208848, 340397.521745622681919 ], [ 515641.496396951726638, 344064.538773120788392 ], [ 514051.774705778690986, 345645.370294744556304 ], [ 511226.639556354261003, 346693.117428391124122 ], [ 509342.427877459442243, 348980.144718951662071 ], [ 508599.968699638731778, 349279.300531245826278 ], [ 507854.227702411008067, 349566.70867871720111 ], [ 507665.69726249051746, 349642.838329890568275 ], [ 507536.854349619941786, 349694.878922673000488 ], [ 506791.351231409003958, 349979.503679400600959 ], [ 506038.478528913343325, 350276.197889569157269 ], [ 505369.981291045900434, 351488.971448914904613 ], [ 502442.944654798251577, 354202.488560385769233 ], [ 501423.217441996617708, 356388.173528147686739 ], [ 501302.348605544306338, 357483.878462175780442 ], [ 499098.51998648699373, 359610.695710398431402 ], [ 496166.554305647267029, 359840.474512790155131 ], [ 494898.136719005997293, 360720.657932518050075 ], [ 492962.180506044358481, 364654.904185240913648 ], [ 490027.573955454863608, 366930.98288462247001 ], [ 489479.529303774412256, 368591.729787028685678 ], [ 488441.016497069038451, 373039.41364506771788 ], [ 488257.099294032901525, 374388.869436911714729 ], [ 485700.984602365177125, 378271.553634749143384 ], [ 485422.44466625811765, 380125.775965075707063 ], [ 481428.307609941402916, 382009.946582205884624 ], [ 480177.14411844155984, 383776.560298154421616 ], [ 479449.095476878224872, 385301.685372141364496 ] ] } },
{ "type": "Feature", "properties": { "location": null, "name": "National Grid Cellarhead-Drakelow", "phases": null, "osm_id": "233101391", "source": "Bing", "brand": null, "cables": "6", "circuits": "2", "voltage": "400000", "max_voltage": 400000.0, "ref": "ZE", "owner": null, "operator": "National Grid", "len": 44843.208829437775 }, "geometry": { "type": "LineString", "coordinates": [ [ 394724.769140248361509, 349305.433473842276726 ], [ 394953.190668057941366, 347649.378393858729396 ], [ 396871.465892756241374, 343096.528153648192529 ], [ 399289.190216452232562, 339454.175468658097088 ], [ 403099.77947579236934, 337241.128255363379139 ], [ 406330.753890585154295, 334856.650607303250581 ], [ 407619.463311959756538, 331039.410820207151119 ], [ 409878.087034446711186, 327178.102121792850085 ], [ 413162.136619554425124, 323860.656306633667555 ], [ 414136.798075692262501, 321667.704166196403094 ], [ 417273.600246057612821, 319899.157710333180148 ], [ 421960.654338529857341, 319672.977718624693807 ], [ 422843.332824597717263, 319193.536261409695726 ], [ 423293.720946897403337, 319541.218916839454323 ] ] } },
{ "type": "Feature", "properties": { "location": null, "name": null, "phases": null, "osm_id": "233101395", "source": "Bing", "brand": null, "cables": "6", "circuits": "2", "voltage": "400000;275000", "max_voltage": 400000.0, "ref": "ZN", "owner": null, "operator": "National Grid Electricity Transmission", "len": 6944.6649885096467 }, "geometry": { "type": "LineString", "coordinates": [ [ 385832.873972404689994, 295468.596758990897797 ], [ 385079.622632053913549, 296045.684814143460244 ], [ 383467.336615593754686, 299307.456523870583624 ], [ 383516.725877370685339, 301126.416292786831036 ], [ 383793.939050006389152, 301587.077951345941983 ] ] } },
{ "type": "Feature", "properties": { "location": null, "name": null, "phases": null, "osm_id": "235142106", "source": "OS_OpenData_VectorMap_District", "brand": null, "cables": "6", "circuits": "2", "voltage": "132000", "max_voltage": 132000.0, "ref": null, "owner": null, "operator": null, "len": 3626.0166326347189 }, "geometry": { "type": "LineString", "coordinates": [ [ 375905.423388173046988, 642052.09577746829018 ], [ 379297.374231462483294, 641485.860544920549728 ], [ 379458.195403927587904, 641581.534766753204167 ] ] } },
{ "type": "Feature", "properties": { "location": null, "name": null, "phases": null, "osm_id": "235575877", "source": "Bing", "brand": null, "cables": "6", "circuits": "2", "voltage": "400000;275000", "max_voltage": 400000.0, "ref": "ZN", "owner": null, "operator": "National Grid Electricity Transmission", "len": 4047.2182824976649 }, "geometry": { "type": "LineString", "coordinates": [ [ 390385.107905354117975, 273860.512843411590438 ], [ 390382.55976605520118, 274214.88518568634754 ], [ 387787.434751334018074, 276842.121306536602788 ] ] } },
{ "type": "Feature", "properties": { "location": null, "name": null, "phases": null, "osm_id": "235577750", "source": "Bing", "brand": null, "cables": "6", "circuits": "2", "voltage": "400000", "max_voltage": 400000.0, "ref": "ZS", "owner": null, "operator": "National Grid", "len": 7481.9819960697077 }, "geometry": { "type": "LineString", "coordinates": [ [ 433022.655742818082217, 325474.243484962382354 ], [ 434366.154066883551423, 325651.447351600392722 ], [ 435444.922173471772112, 326281.651471064426005 ], [ 438200.419254100881517, 327063.03134114574641 ], [ 440207.641442131367512, 326906.131388185662217 ] ] } },
{ "type": "Feature", "properties": { "location": null, "name": "Hams Hall-Drakelow", "phases": null, "osm_id": "238974296", "source": "GPS;bing;BING;visual survey;estimate;Bing;Bing;Bing;Bing;Bing;Bing", "brand": null, "cables": "6", "circuits": "2", "voltage": "400000", "max_voltage": 400000.0, "ref": "ZF", "owner": null, "operator": "National Grid", "len": 19343.983300333402 }, "geometry": { "type": "LineString", "coordinates": [ [ 423644.391668020747602, 319410.259998401917983 ], [ 423335.897575235110708, 312349.091923931264319 ], [ 421092.571334382984787, 309414.357108020689338 ], [ 419725.035937387670856, 306440.669777408184018 ], [ 418632.246646407758817, 304836.124840522941668 ], [ 417027.426993841771036, 303050.08028115396155 ], [ 416972.049066609935835, 302085.046637069259305 ] ] } },
{ "type": "Feature", "properties": { "location": null, "name": null, "phases": null, "osm_id": "239134264", "source": "bing", "brand": null, "cables": "6", "circuits": "2", "voltage": "275000", "max_voltage": 275000.0, "ref": "YYE", "owner": null, "operator": "National Grid", "len": 7935.226425980255 }, "geometry": { "type": "LineString", "coordinates": [ [ 426362.882079956238158, 276404.705135048134252 ], [ 424964.079952613450587, 275160.461630466510542 ], [ 421909.309241255570669, 276374.976560896146111 ], [ 420425.045013501134235, 277273.80433958384674 ], [ 420041.719628896389622, 277358.7782403434976 ], [ 419704.976672198623419, 277422.331921390607022 ], [ 419406.564314647868741, 277486.559262138034683 ] ] } },
{ "type": "Feature", "properties": { "location": null, "name": null, "phases": null, "osm_id": "241693047", "source": "Bing", "brand": null, "cables": "6", "circuits": "2", "voltage": "275000", "max_voltage": 275000.0, "ref": "YW", "owner": null, "operator": "National Grid", "len": 4761.0405566971176 }, "geometry": { "type": "LineString", "coordinates": [ [ 411434.49165580177214, 425152.015966781065799 ], [ 412173.931506870721933, 424610.936732496949844 ], [ 412267.770742111722939, 424172.083940260345116 ], [ 413120.34704961872194, 423321.981226778530981 ], [ 413014.922579319274519, 423008.218224550713785 ], [ 412109.149691701866686, 422548.342117669759318 ], [ 411834.942248086270411, 422143.34655777644366 ], [ 411619.764186981832609, 422060.83893619896844 ], [ 411654.423184312647209, 421940.063790892309044 ] ] } },
{ "type": "Feature", "properties": { "location": null, "name": null, "phases": null, "osm_id": "241693076", "source": null, "brand": null, "cables": "6", "circuits": "2", "voltage": "275000", "max_voltage": 275000.0, "ref": "ZPC", "owner": null, "operator": "National Grid", "len": 2179.0186119009718 }, "geometry": { "type": "LineString", "coordinates": [ [ 411756.920356824761257, 421896.492085812613368 ], [ 413000.106183742871508, 420106.908024987089448 ] ] } },
{ "type": "Feature", "properties": { "location": null, "name": "Beauly-Denny Power Line", "phases": null, "osm_id": "244109922", "source": "bing", "brand": null, "cables": "6", "circuits": "2", "voltage": "400000;275000", "max_voltage": 400000.0, "ref": null, "owner": null, "operator": "SSEN Transmission", "len": 24101.692775529889 }, "geometry": { "type": "LineString", "coordinates": [ [ 250432.825180395971984, 844546.032029556576163 ], [ 249438.13797736572451, 843966.494361429591663 ], [ 247424.29935283731902, 841872.463045071228407 ], [ 247166.095162414392689, 841112.51393745385576 ], [ 243783.235598265309818, 837683.444157698308118 ], [ 242302.483510670863325, 837450.194860643008724 ], [ 240690.672358354786411, 835585.301754531799816 ], [ 239610.733107623644173, 833619.749274164205417 ], [ 238485.158538958552526, 832476.152835512300953 ], [ 237226.678564540343359, 832068.325251180096529 ], [ 234463.776793296798132, 830546.14231732673943 ], [ 232718.095796349807642, 829313.234912990126759 ] ] } },
{ "type": "Feature", "properties": { "location": null, "name": "National Grid Barking - Northfleet East - West Thurrock", "phases": null, "osm_id": "246483615", "source": null, "brand": null, "cables": "6", "circuits": "2", "voltage": "400000", "max_voltage": 400000.0, "ref": "ZR", "owner": null, "operator": "National Grid", "len": 15451.925243068616 }, "geometry": { "type": "LineString", "coordinates": [ [ 558997.664849585504271, 177217.648338162398431 ], [ 558654.914275222923607, 179437.138767915195785 ], [ 557396.776757553336211, 178974.691084271296859 ], [ 555892.465236276620999, 178920.926671862078365 ], [ 555333.340834215166979, 179066.572169207793195 ], [ 552307.957707983325236, 181695.459782347839791 ], [ 550626.686455764342099, 181991.836584125994705 ], [ 549253.174299010075629, 182769.496774918865412 ], [ 547305.291484612505883, 182955.615279806137551 ], [ 546895.465962768997997, 182615.908907777105924 ] ] } },
{ "type": "Feature", "properties": { "location": null, "name": "Barking/Littlebrook - Tilbury", "phases": null, "osm_id": "246485021", "source": "Bing", "brand": null, "cables": "6", "circuits": "2", "voltage": "400000", "max_voltage": 400000.0, "ref": "ZBA", "owner": null, "operator": "National Grid", "len": 13365.57046046992 }, "geometry": { "type": "LineString", "coordinates": [ [ 558693.354625059757382, 179475.792589702527039 ], [ 556865.573581287171692, 178999.024329771986231 ], [ 555896.078627884620801, 178957.188270388869569 ], [ 555393.132946487981826, 179216.596732744306792 ], [ 551886.429416424478404, 182099.562762337154709 ], [ 551426.605834197835065, 181924.38686234143097 ], [ 549366.325976462801918, 182853.557070151669905 ], [ 547316.93396045838017, 183010.887458204524592 ], [ 546848.332524795318022, 182647.355127561837435 ] ] } },
{ "type": "Feature", "properties": { "location": null, "name": null, "phases": null, "osm_id": "249165726", "source": "OS_OpenData_VectorMap_District", "brand": null, "cables": "6", "circuits": "2", "voltage": "132000", "max_voltage": 132000.0, "ref": null, "owner": null, "operator": "SP Energy Networks", "len": 1766.7637734689058 }, "geometry": { "type": "LineString", "coordinates": [ [ 250656.436957950965734, 662801.211854018853046 ], [ 249015.037168177659623, 663454.863872583955526 ] ] } },
{ "type": "Feature", "properties": { "location": null, "name": null, "phases": null, "osm_id": "249165731", "source": "OS_OpenData_VectorMap_District", "brand": null, "cables": "6", "circuits": "2", "voltage": "132000", "max_voltage": 132000.0, "ref": null, "owner": null, "operator": "SP Energy Networks", "len": 4436.9053990694347 }, "geometry": { "type": "LineString", "coordinates": [ [ 250665.574402547004865, 662836.587500128080137 ], [ 251510.35816401935881, 663350.794124085223302 ], [ 252035.714818051405018, 666758.467319574905559 ] ] } },
{ "type": "Feature", "properties": { "location": null, "name": null, "phases": null, "osm_id": "254528706", "source": "Bing", "brand": null, "cables": "6", "circuits": "2", "voltage": "275000;0", "max_voltage": 275000.0, "ref": "XM", "owner": null, "operator": "National Grid Electricity Transmission", "len": 4975.3974739703281 }, "geometry": { "type": "LineString", "coordinates": [ [ 302696.062856110802386, 177580.172815682890359 ], [ 304594.618272916355636, 177656.712110825115815 ], [ 307504.16349886788521, 178652.712020656443201 ] ] } },
{ "type": "Feature", "properties": { "location": null, "name": null, "phases": null, "osm_id": "254528710", "source": null, "brand": null, "cables": "6", "circuits": "2", "voltage": "275000", "max_voltage": 275000.0, "ref": "WG", "owner": null, "operator": "National Grid Electricity Transmission", "len": 6437.8503842421615 }, "geometry": { "type": "LineString", "coordinates": [ [ 325483.872344226634596, 181147.180760060262401 ], [ 325434.511135290842503, 180423.144247468211688 ], [ 325421.634092867258005, 180155.375879970612004 ], [ 325016.987279777880758, 179523.400972947303671 ], [ 323660.035668400465511, 178327.26455571182305 ], [ 322107.490172022487968, 177588.52518743602559 ], [ 321636.76008135342272, 176522.41369112249231 ] ] } },
{ "type": "Feature", "properties": { "location": null, "name": "National Grid", "phases": null, "osm_id": "254528712", "source": "Bing", "brand": null, "cables": "6", "circuits": "2", "voltage": "275000", "max_voltage": 275000.0, "ref": null, "owner": null, "operator": null, "len": 6011.5862601976114 }, "geometry": { "type": "LineString", "coordinates": [ [ 307504.16349886788521, 178652.712020656443201 ], [ 307794.303031535586342, 178790.261576851946302 ], [ 308787.205572639359161, 179218.102361926692538 ], [ 309134.820056441472843, 179267.599245922872797 ], [ 309712.510456942836754, 179622.783231255831197 ], [ 311707.618841646995861, 180671.409929567191284 ], [ 312801.579454514314421, 181421.053989637177438 ] ] } },
{ "type": "Feature", "properties": { "location": null, "name": "Scottish Power Auchencrosh-Coylton", "phases": null, "osm_id": "260829183", "source": "OS_OpenData_VectorMap_District", "brand": null, "cables": "3", "circuits": null, "voltage": "275000", "max_voltage": 275000.0, "ref": "YY", "owner": null, "operator": "SP Energy Networks", "len": 47829.850305616208 }, "geometry": { "type": "LineString", "coordinates": [ [ 223664.146592908946332, 586095.916449261480011 ], [ 226061.722497681155801, 588375.102651964873075 ], [ 228053.529517106100684, 589998.927698589046486 ], [ 229637.961658531712601, 591496.945759393041953 ], [ 232493.904159170546336, 592915.339723240816966 ], [ 233680.587994477362372, 594180.78433940524701 ], [ 234962.140200081688818, 594480.28393769543618 ], [ 235962.838138001039624, 594138.34372662496753 ], [ 237388.964923782885307, 595031.424050524947233 ], [ 238237.911990693886764, 596847.728335863212124 ], [ 239734.202633386041271, 597528.160758600570261 ], [ 241424.597925224195933, 598933.843736820621416 ], [ 241401.581483436078997, 601279.963330990984105 ], [ 241969.805665742052952, 601880.031366679118946 ], [ 242017.976561498100637, 602788.85711080103647 ], [ 240851.349769738473697, 603570.665215326123871 ], [ 240856.48753681150265, 604980.983568567084149 ], [ 240295.15826510018087, 605565.055192111758515 ], [ 239668.767997657560045, 609594.610653170617297 ], [ 239921.416294580179965, 611113.936756122275256 ], [ 239917.922843767417362, 611476.751863780780695 ], [ 239912.564524573012022, 611807.006630448973738 ], [ 239906.431708305462962, 612153.219680819776841 ], [ 240514.663127659965539, 612966.325178043800406 ], [ 240887.331238369195489, 613252.915538393775932 ], [ 241126.317283108859556, 613550.115204998874106 ], [ 241300.932503807736794, 613761.041338384267874 ], [ 241481.378928393009119, 613973.779895892250352 ], [ 242560.150436425115913, 614285.631369880749844 ], [ 243612.282775265950477, 615154.092433792771772 ], [ 245183.93621884600725, 616105.025867459131405 ], [ 246381.211141329345992, 618358.633649388211779 ], [ 246189.062908996187616, 619627.856634719879366 ] ] } },
{ "type": "Feature", "properties": { "location": null, "name": null, "phases": null, "osm_id": "260838181", "source": "OS_OpenData_VectorMap_District", "brand": null, "cables": "6", "circuits": "2", "voltage": "275000", "max_voltage": 275000.0, "ref": "ZG", "owner": null, "operator": "SP Energy Networks", "len": 3782.7694286217329 }, "geometry": { "type": "LineString", "coordinates": [ [ 282624.909046656801365, 684507.480407850001939 ], [ 283886.402122817642521, 682155.899958257446997 ], [ 283965.209671553922817, 681044.496610999456607 ] ] } },
{ "type": "Feature", "properties": { "location": null, "name": "National Grid Rayleigh Main-Tilbury", "phases": null, "osm_id": "264214669", "source": "Bing", "brand": null, "cables": "6", "circuits": "2", "voltage": "400000", "max_voltage": 400000.0, "ref": "ZJ", "owner": null, "operator": "National Grid", "len": 10750.52827116027 }, "geometry": { "type": "LineString", "coordinates": [ [ 577738.586904698167928, 191393.985125342383981 ], [ 577325.925408094888553, 190174.424256941187195 ], [ 576358.268618036527187, 189580.246834604418837 ], [ 575718.973192228004336, 187204.322398852207698 ], [ 573986.394085805630311, 186183.735224258445669 ], [ 572403.160687710740604, 183993.291151292040013 ], [ 571570.566664779093117, 183194.878661214665044 ] ] } },
{ "type": "Feature", "properties": { "location": null, "name": "Tottenham - Redbridge", "phases": null, "osm_id": "264374114", "source": null, "brand": null, "cables": "6", "circuits": "2", "voltage": "275000", "max_voltage": 275000.0, "ref": "ZBH", "owner": null, "operator": null, "len": 2069.20458843913 }, "geometry": { "type": "LineString", "coordinates": [ [ 535393.579971438739449, 191363.097717946395278 ], [ 535940.873962478013709, 191092.70342807052657 ], [ 537382.580830045742914, 191315.097681879415177 ] ] } },
{ "type": "Feature", "properties": { "location": null, "name": "National Grid Rayleigh Main-Tilbury", "phases": null, "osm_id": "264531746", "source": "Bing", "brand": null, "cables": "6", "circuits": "2", "voltage": "400000", "max_voltage": 400000.0, "ref": "ZJ", "owner": null, "operator": null, "len": 9413.2511726073099 }, "geometry": { "type": "LineString", "coordinates": [ [ 571570.566664779093117, 183194.878661214665044 ], [ 570390.352570492425002, 182833.76123425521655 ], [ 569791.140923806582578, 182036.111447346163914 ], [ 568193.944201166508719, 181286.449285331415012 ], [ 566946.700409934506752, 179714.840895219997037 ], [ 566965.124894260196015, 177494.259596404270269 ], [ 566566.942079034168273, 177166.868677071877755 ], [ 566433.228995360783301, 176505.789333526277915 ] ] } },
{ "type": "Feature", "properties": { "location": null, "name": "National Grid Bramford-Stocking Pelham", "phases": null, "osm_id": "264650839", "source": null, "brand": null, "cables": "6", "circuits": "2", "voltage": "400000", "max_voltage": 400000.0, "ref": "4YL", "owner": null, "operator": null, "len": 19606.401123305877 }, "geometry": { "type": "LineString", "coordinates": [ [ 587193.628649696009234, 237057.379592846380547 ], [ 591389.028538352577016, 237009.302356900589075 ], [ 593882.941566122579388, 237234.714849042880815 ], [ 596062.224534446140751, 238209.721338832750916 ], [ 597468.964103038073517, 238492.963575899717398 ], [ 603243.427395062171854, 241119.813757458061446 ], [ 605898.145550578134134, 241799.512080460146535 ] ] } },
{ "type": "Feature", "properties": { "location": null, "name": null, "phases": null, "osm_id": "264654059", "source": null, "brand": null, "cables": "3", "circuits": null, "voltage": "400000", "max_voltage": 400000.0, "ref": "4ZM", "owner": null, "operator": null, "len": 1036.2332914686156 }, "geometry": { "type": "LineString", "coordinates": [ [ 545973.249230824876577, 227691.681106188625563 ], [ 545631.388149586273357, 228110.465902848169208 ], [ 545538.800965165602975, 228230.404045435774606 ], [ 545567.348552887677215, 228483.909394106594846 ], [ 545643.768854173948057, 228529.540144774829969 ] ] } },
{ "type": "Feature", "properties": { "location": null, "name": "National Grid Bicker Fen-Walpole", "phases": null, "osm_id": "264828818", "source": null, "brand": null, "cables": "6", "circuits": "2", "voltage": "400000", "max_voltage": 400000.0, "ref": "4ZM", "owner": null, "operator": "National Grid Electricity Transmission", "len": 14353.877903670647 }, "geometry": { "type": "LineString", "coordinates": [ [ 529968.689590129535645, 328477.74507934122812 ], [ 528452.377054678392597, 330464.452348933671601 ], [ 524016.903638444200624, 335100.956307831394952 ], [ 519732.782535576494411, 338450.639237586350646 ] ] } },
{ "type": "Feature", "properties": { "location": null, "name": "Drax to Thorpe Marsh Line", "phases": null, "osm_id": "273599903", "source": "Bing", "brand": null, "cables": "6", "circuits": "2", "voltage": "400000", "max_voltage": 400000.0, "ref": "4VH", "owner": null, "operator": "National Grid", "len": 13438.711653417344 }, "geometry": { "type": "LineString", "coordinates": [ [ 466656.816833861579653, 426948.57818067073822 ], [ 466643.389987394853961, 426235.864959864644334 ], [ 463196.970116584387142, 423747.642288234550506 ], [ 463260.834288915386423, 422241.799897972785402 ], [ 462780.332095502060838, 421394.012961443688255 ], [ 462981.111206038971432, 419157.047742979775649 ], [ 461953.699012676661368, 418440.01837855426129 ], [ 461638.877852193894796, 415965.383811526582576 ] ] } },
{ "type": "Feature", "properties": { "location": null, "name": null, "phases": null, "osm_id": "291507467", "source": null, "brand": null, "cables": "6", "circuits": null, "voltage": "132000", "max_voltage": 132000.0, "ref": null, "owner": null, "operator": null, "len": 6540.4544191950408 }, "geometry": { "type": "LineString", "coordinates": [ [ 544628.208030163426884, 175502.884192411962431 ], [ 545660.838094522594474, 175538.81398958270438 ], [ 546195.957812032778747, 174588.617144483316224 ], [ 548520.828537955181673, 172854.618863497278653 ], [ 549322.355412035249174, 173076.059868128388189 ], [ 549917.99723025248386, 172738.134629038453568 ] ] } },
{ "type": "Feature", "properties": { "location": null, "name": "National Grid Taunton-Alverdiscott", "phases": null, "osm_id": "292220948", "source": null, "brand": null, "cables": "6", "circuits": "2", "voltage": "400000", "max_voltage": 400000.0, "ref": "4VW", "owner": null, "operator": "National Grid", "len": 72767.663833453887 }, "geometry": { "type": "LineString", "coordinates": [ [ 250493.540766010235529, 125346.904258716851473 ], [ 251203.61004512096406, 126558.345471679844195 ], [ 253608.087187852623174, 126593.918212726566708 ], [ 257290.678870518400799, 126061.232300176488934 ], [ 259009.245345569011988, 125291.454405913391383 ], [ 260666.432565052353311, 125691.148085565626388 ], [ 261970.741478531243047, 125706.474318101565586 ], [ 263877.484607202932239, 126690.944067402102519 ], [ 265486.170906673301943, 126677.80904929706594 ], [ 266915.842232404509559, 125864.913632470503217 ], [ 267937.662030947278254, 125005.876294896326726 ], [ 270233.469854144204874, 124576.963539442891488 ], [ 272850.822442040662281, 124747.366550001170253 ], [ 273891.111124498245772, 125261.162995928694727 ], [ 275721.000734549248591, 126765.153872223309008 ], [ 279541.420677262824029, 126543.948544478305848 ], [ 281054.524913030560128, 126703.950122468988411 ], [ 282968.605342258000746, 126104.735955487209139 ], [ 285152.21496564312838, 125786.899654020176968 ], [ 287068.825956501241308, 125067.234643695846898 ], [ 288028.078959408449009, 124254.120474331575679 ], [ 290705.756468743958976, 124256.1323910439678 ], [ 292112.089968929998577, 123448.469848190870835 ], [ 294456.877567034447566, 123943.806216005963506 ], [ 295232.571225002873689, 123764.129383031919133 ], [ 295838.42004921840271, 124317.122856400645105 ], [ 297793.187494066660292, 124383.762637791136513 ], [ 299835.908996499376372, 125021.216172810585704 ], [ 301426.004130314395297, 124852.876790834066924 ], [ 302260.770166175614577, 124101.46577387250727 ], [ 305785.811340609798208, 123954.500499707792187 ], [ 307541.448884745012037, 123698.041681429254822 ], [ 309533.873595667944755, 123947.200162732129684 ], [ 310245.912763411412016, 124268.414951880200533 ], [ 311640.229756786022335, 124193.534519579756306 ], [ 312435.923664521193132, 123799.339093309710734 ], [ 313676.610158197814599, 124035.867583131912397 ], [ 317222.092424835951533, 123998.705573799350532 ], [ 318298.276337315619458, 124735.429554055444896 ], [ 318933.518981730565429, 124809.994529328512726 ] ] } },
{ "type": "Feature", "properties": { "location": null, "name": "National Grid Melksham-Cilfynydd", "phases": null, "osm_id": "292471786", "source": null, "brand": null, "cables": "6", "circuits": "2", "voltage": "400000", "max_voltage": 400000.0, "ref": "4YX", "owner": null, "operator": null, "len": 4060.0023142311829 }, "geometry": { "type": "LineString", "coordinates": [ [ 358683.825447698298376, 186827.238770634052344 ], [ 358746.347289666999131, 187493.550438756647054 ], [ 358768.936655216966756, 187784.017323331499938 ], [ 358827.570896602876019, 188411.033475771546364 ], [ 358843.997004049597308, 188621.080367239133921 ], [ 358850.307389303052332, 188701.789008135499898 ], [ 358797.052519342629239, 189080.731261410051957 ], [ 358737.635099370323587, 189465.630789019400254 ], [ 357493.020850272674579, 190119.458576396340504 ] ] } },
{ "type": "Feature", "properties": { "location": null, "name": null, "phases": null, "osm_id": "292475119", "source": null, "brand": null, "cables": "6", "circuits": "2", "voltage": "275000", "max_voltage": 275000.0, "ref": "XMO", "owner": null, "operator": "National Grid Electricity Transmission", "len": 5572.5443371075653 }, "geometry": { "type": "LineString", "coordinates": [ [ 332740.563457589538302, 183143.93099607777549 ], [ 333753.912563789519481, 182799.323898288886994 ], [ 335335.994357347139157, 183904.227611689362675 ], [ 336655.906723880791105, 184313.115615740651265 ], [ 337088.897221246967092, 185422.291749029187486 ] ] } },
{ "type": "Feature", "properties": { "location": null, "name": null, "phases": null, "osm_id": "292475120", "source": null, "brand": null, "cables": "6", "circuits": "2", "voltage": "400000", "max_voltage": 400000.0, "ref": "4YX", "owner": null, "operator": null, "len": 9822.9525807985101 }, "geometry": { "type": "LineString", "coordinates": [ [ 336929.566716547531541, 185592.068336334836204 ], [ 335467.294367380382027, 185529.137854418891948 ], [ 335134.427225762745366, 185622.057061855099164 ], [ 334757.509552666859236, 185727.857359243789688 ], [ 334381.191198488639202, 185832.221093134605326 ], [ 334058.905757976404857, 185923.050120793108363 ], [ 333765.779482147772796, 186098.567234471149277 ], [ 333183.853094089950901, 185806.287347313947976 ], [ 331168.444901022303384, 186179.872141575033311 ], [ 330488.521699298173189, 185724.804755287594162 ], [ 330219.157067347143311, 184533.146905582456384 ], [ 329658.712911490409169, 184360.08946435386315 ], [ 328653.03244948561769, 183655.656397986691445 ] ] } },
{ "type": "Feature", "properties": { "location": null, "name": "Swansea North - Pembroke", "phases": null, "osm_id": "292478326", "source": null, "brand": null, "cables": "6", "circuits": "2", "voltage": "400000", "max_voltage": 400000.0, "ref": "4YV", "owner": null, "operator": "National Grid", "len": 83875.815893076229 }, "geometry": { "type": "LineString", "coordinates": [ [ 264741.688899246335495, 200900.754417665651999 ], [ 264483.809962862520479, 201108.8067952558049 ], [ 264041.952727126190439, 201368.717456707265228 ], [ 263794.44080019654939, 201511.926118087954819 ], [ 263469.444865887053311, 201701.81635990581708 ], [ 262796.965491070121061, 202089.698081078298856 ], [ 261608.697306976886466, 203155.729867384536192 ], [ 260164.348727270669769, 204821.769627139728982 ], [ 258129.861855575611116, 206026.325450150237884 ], [ 256679.609456241247244, 208282.665072580741253 ], [ 254914.388272090291139, 208771.653394307242706 ], [ 253935.590895407454809, 209341.085078534844797 ], [ 253124.957646679715253, 209110.105379469227046 ], [ 250679.908086597832153, 209846.300550123443827 ], [ 249332.224725511856377, 210083.072822927788366 ], [ 245959.752316781872651, 211034.001758473634254 ], [ 242804.190946438291576, 211261.474973462987691 ], [ 241971.388211018085713, 212911.226412853167858 ], [ 241865.526272396033164, 213131.148460369324312 ], [ 241702.148262938979315, 213463.875039045233279 ], [ 240891.252162699878681, 214554.789490174327511 ], [ 240564.810545889951754, 214675.848294752184302 ], [ 240162.293409238074673, 214827.391037854424212 ], [ 238997.502208258141764, 214943.14005785738118 ], [ 237491.949479800125118, 215915.836415272613522 ], [ 236523.860658791934839, 215575.480668820498977 ], [ 233856.735053779411828, 215376.255645551427733 ], [ 231187.300868375255959, 214136.281291392049752 ], [ 227840.511283248401014, 213742.314213865553029 ], [ 224499.078123051818693, 214242.37172594119329 ], [ 219058.907494820741704, 212376.653888268396258 ], [ 215286.543914082838455, 210077.292162600555457 ], [ 211332.293995044892654, 209465.914717528678011 ], [ 209850.092992929450702, 207218.60741903888993 ], [ 208367.707988699752605, 205719.964431868109386 ], [ 207100.034519693290349, 203720.944440633815248 ], [ 205759.863737308216514, 202259.414314819092397 ], [ 204088.933892574801575, 202581.679213872586843 ], [ 202837.067402498912998, 202519.134360970405396 ], [ 201311.084185259736842, 201645.631967974943109 ], [ 200856.875784549367381, 201116.980764582229313 ], [ 199170.55496540517197, 200151.820298031612765 ], [ 197869.229466783290263, 200089.591677722695749 ], [ 196206.076917152036913, 201342.747492560767569 ], [ 193979.425994711520616, 201369.100706330034882 ], [ 193748.212299712671665, 201592.474064356763847 ], [ 193600.18168862524908, 201750.196900604874827 ], [ 193427.693281666055555, 201929.76440007815836 ], [ 193421.791156592895277, 202249.888200685905758 ] ] } },
{ "type": "Feature", "properties": { "location": null, "name": "Swansea North-TATA Steel Port Talbot", "phases": null, "osm_id": "292478328", "source": null, "brand": null, "cables": "6", "circuits": "2", "voltage": "275000;132000", "max_voltage": 275000.0, "ref": "VE", "owner": null, "operator": "National Grid Electricity Transmission", "len": 10411.778557385787 }, "geometry": { "type": "LineString", "coordinates": [ [ 265109.595038086757995, 200088.287501293001696 ], [ 265890.193313002877403, 200455.66879132919712 ], [ 267195.224090439500287, 200520.699199919064995 ], [ 269191.493568492354825, 198975.185053147666622 ], [ 269537.369380753720179, 198065.023204363591503 ], [ 270145.9617902096943, 197694.941794005979318 ], [ 270474.275872964819428, 197229.423933089827187 ], [ 269585.342017320450395, 196288.866572022903711 ], [ 269373.275211690808646, 195902.287763572705444 ], [ 269196.674211882578675, 195573.976649122021627 ], [ 269085.105917221750133, 195368.974433751660399 ], [ 268590.333478241111152, 194781.010900628054515 ], [ 268500.97334856010275, 194440.058490729425102 ] ] } },
{ "type": "Feature", "properties": { "location": null, "name": null, "phases": null, "osm_id": "292480867", "source": null, "brand": null, "cables": "6", "circuits": "2", "voltage": "275000;132000", "max_voltage": 275000.0, "ref": "VE", "owner": null, "operator": "National Grid Electricity Transmission", "len": 9427.9077597227024 }, "geometry": { "type": "LineString", "coordinates": [ [ 275665.826470049039926, 193818.085150767466985 ], [ 277374.233249703829642, 191720.674414607754443 ], [ 278990.7227554715937, 190824.048594430496451 ], [ 279404.132564733037725, 187036.286600657273084 ], [ 278518.950540906866081, 186445.897385041578673 ] ] } },
{ "type": "Feature", "properties": { "location": null, "name": "Pentir-Trawsfynydd", "phases": null, "osm_id": "292652535", "source": "Bing;National Grid Network Route Maps Data", "brand": null, "cables": "6", "circuits": "2", "voltage": "400000", "max_voltage": 400000.0, "ref": "4ZC", "owner": null, "operator": "National Grid Electricity Transmission", "len": 4456.8120170327884 }, "geometry": { "type": "LineString", "coordinates": [ [ 254958.311388788977638, 363607.518729549658019 ], [ 255202.388029388646828, 364681.191825249348767 ], [ 255985.068621330166934, 365554.166154515987728 ], [ 256243.297673514840426, 366705.561037780193146 ], [ 255902.462441394833149, 367649.17675393394893 ] ] } },
{ "type": "Feature", "properties": { "location": null, "name": "Penwortham to Danes / Kearsley to Carrington", "phases": null, "osm_id": "293584681", "source": null, "brand": null, "cables": "6", "circuits": "2", "voltage": "400000", "max_voltage": 400000.0, "ref": "ZQ", "owner": null, "operator": "National Grid Electricity Transmission", "len": 12648.793679981218 }, "geometry": { "type": "LineString", "coordinates": [ [ 376328.903893815935589, 404272.117473897873424 ], [ 376374.028659278468695, 403912.195756220433395 ], [ 376388.722193946887273, 403658.399921165255364 ], [ 376405.305603297019843, 403342.279651028162334 ], [ 376420.799388850049581, 403027.845054784440435 ], [ 376014.804371918842662, 401665.787868207262363 ], [ 375541.392617479490582, 401203.271816144871991 ], [ 375303.602525433525443, 400164.039906937221531 ], [ 372944.777672100171912, 398348.640139304625336 ], [ 372493.68165408342611, 397063.253110387711786 ], [ 373362.758750502602197, 395832.448117188760079 ], [ 373088.935307835286949, 394618.67186082812259 ], [ 373067.86084124201443, 393457.377843285445124 ] ] } },
{ "type": "Feature", "properties": { "location": null, "name": null, "phases": null, "osm_id": "295169548", "source": null, "brand": null, "cables": "6", "circuits": "2", "voltage": "132000", "max_voltage": 132000.0, "ref": null, "owner": null, "operator": null, "len": 10019.800742269712 }, "geometry": { "type": "LineString", "coordinates": [ [ 239274.967993395228405, 857354.201121186721139 ], [ 239063.177469857444521, 859582.079252260620706 ], [ 239726.326766370242694, 860246.769324358785525 ], [ 238979.510229667765088, 862103.75284587056376 ], [ 237873.295624931546627, 862930.430241607013159 ], [ 235027.895033793232869, 863301.018926213611849 ], [ 234775.007097686670022, 863835.193017663201317 ] ] } },
{ "type": "Feature", "properties": { "location": null, "name": null, "phases": null, "osm_id": "295416675", "source": null, "brand": null, "cables": "3", "circuits": null, "voltage": "132000", "max_voltage": 132000.0, "ref": null, "owner": null, "operator": "Scottish and Southern Electricity Networks", "len": 5084.7032639093495 }, "geometry": { "type": "LineString", "coordinates": [ [ 231390.905646730854642, 813182.979931190377101 ], [ 234897.362620084255468, 814683.55760153895244 ], [ 235777.957135754375486, 815599.589369181776419 ] ] } },
{ "type": "Feature", "properties": { "location": null, "name": "Imperial Park - Cilfynydd", "phases": null, "osm_id": "295657861", "source": null, "brand": null, "cables": "6", "circuits": "2", "voltage": "400000", "max_voltage": 400000.0, "ref": "4YX", "owner": null, "operator": "National Grid", "len": 25091.960047552959 }, "geometry": { "type": "LineString", "coordinates": [ [ 328653.03244948561769, 183655.656397986691445 ], [ 328373.592396894237027, 183544.972328467993066 ], [ 327634.496529482246842, 183895.671568716468755 ], [ 327176.940672442433424, 185109.089744009892456 ], [ 324740.754801587550901, 185361.466558806598186 ], [ 323683.063478198775556, 184828.84053643833613 ], [ 322134.057868057512678, 184749.940183889411855 ], [ 320188.174321562575642, 185772.478065050963778 ], [ 319565.07145067100646, 187026.969995467865374 ], [ 318735.661089659784921, 187907.605610846483614 ], [ 318713.682035400357563, 189269.346202703658491 ], [ 316657.983603394939564, 189516.329900557815563 ], [ 316304.00579312449554, 189775.722581583482679 ], [ 316295.523224190925248, 192134.994243370951153 ], [ 315527.760224253637716, 192737.568003909429535 ], [ 312613.808442928362638, 193609.492499992076773 ], [ 311665.710141319024842, 193630.437295919109602 ], [ 311324.844945197866764, 193633.451931571122259 ], [ 310940.562148154131137, 193637.800142567837611 ], [ 310507.600994338514283, 193643.907673121546395 ], [ 310186.696774717478547, 193715.296361569664441 ] ] } },
{ "type": "Feature", "properties": { "location": null, "name": null, "phases": null, "osm_id": "305074368", "source": "OS_OpenData_VectorMap_District", "brand": null, "cables": "6", "circuits": "2", "voltage": "132000", "max_voltage": 132000.0, "ref": null, "owner": null, "operator": "SSEN Transmission", "len": 25550.336910737082 }, "geometry": { "type": "LineString", "coordinates": [ [ 288830.539665350108407, 906004.011201199144125 ], [ 287980.077216306584887, 905626.359036046429537 ], [ 286419.100184182461817, 903578.418161961482838 ], [ 283764.918925148551352, 902090.820839817984961 ], [ 281958.733172710635699, 900292.38396677619312 ], [ 279636.770043136726599, 899220.169270851300098 ], [ 276687.412736118072644, 899383.335167594603263 ], [ 274427.159898198849987, 898821.367297003278509 ], [ 266963.605343764764257, 898045.408360207336955 ], [ 265854.739619590167422, 898062.664667345117778 ] ] } },
{ "type": "Feature", "properties": { "location": null, "name": null, "phases": null, "osm_id": "305074370", "source": "OS_OpenData_VectorMap_District", "brand": null, "cables": "6", "circuits": "2", "voltage": "275000", "max_voltage": 275000.0, "ref": null, "owner": null, "operator": "SSEN Transmission", "len": 18116.729454309268 }, "geometry": { "type": "LineString", "coordinates": [ [ 278847.307487510610372, 907825.331392004503869 ], [ 276655.118931885401253, 906539.657284026849084 ], [ 275612.685041667078622, 905374.538331593153998 ], [ 274731.383950318093412, 902505.042427798383869 ], [ 274307.077438347798306, 901656.61039962049108 ], [ 272094.14970200706739, 898658.110875641228631 ], [ 266931.920643881137948, 898110.698080270201899 ], [ 265788.341920299222693, 898128.650888999341987 ] ] } },
{ "type": "Feature", "properties": { "location": null, "name": null, "phases": null, "osm_id": "305627322", "source": "OS_OpenData_VectorMap_District", "brand": null, "cables": "6", "circuits": "2", "voltage": "275000", "max_voltage": 275000.0, "ref": "BFY", "owner": null, "operator": "SSEN Transmission", "len": 30217.020731051583 }, "geometry": { "type": "LineString", "coordinates": [ [ 262800.090468971873634, 869881.890048532397486 ], [ 260614.835747410310432, 868273.312151717604138 ], [ 258835.370646166382357, 867339.865776460617781 ], [ 258551.476644733949797, 866079.463433959637769 ], [ 256060.743746928055771, 862680.920715099200606 ], [ 253572.516413117817137, 860656.300486571271904 ], [ 253077.499774628551677, 860100.272032813518308 ], [ 253359.234371569298673, 857290.650984742329456 ], [ 253643.872372090729186, 856398.442221985314973 ], [ 252591.411358274315717, 854038.661570956814103 ], [ 251246.913046913279686, 850343.713319280883297 ], [ 251643.288942541810684, 849346.008175676339306 ], [ 251527.254857579653617, 847284.731847448623739 ], [ 250744.786933311930625, 844782.016692175180651 ] ] } },
{ "type": "Feature", "properties": { "location": null, "name": null, "phases": null, "osm_id": "305627325", "source": "OS_OpenData_VectorMap_District", "brand": null, "cables": "6", "circuits": "2", "voltage": "275000", "max_voltage": 275000.0, "ref": null, "owner": null, "operator": "SSEN Transmission", "len": 2676.1304712598194 }, "geometry": { "type": "LineString", "coordinates": [ [ 263942.363198531675152, 872527.838358860462904 ], [ 263259.118881991831586, 871241.360759184928611 ], [ 262922.825564174214378, 870069.172976640402339 ] ] } },
{ "type": "Feature", "properties": { "location": null, "name": null, "phases": null, "osm_id": "305627327", "source": null, "brand": null, "cables": "3", "circuits": null, "voltage": "132000", "max_voltage": 132000.0, "ref": null, "owner": null, "operator": "SSEN Transmission", "len": 24327.798626078718 }, "geometry": { "type": "LineString", "coordinates": [ [ 257391.587065640458604, 910051.791029866086319 ], [ 255406.32277029013494, 911612.176288771093823 ], [ 253582.388724044867558, 914221.054954480961896 ], [ 253122.295365119003691, 915391.825074744527228 ], [ 249559.22708217552281, 919886.516899573849514 ], [ 245377.031668051786255, 920871.587159324088134 ], [ 243147.820370782428654, 922538.06330106779933 ], [ 240808.515758390014526, 923938.416305908816867 ], [ 239650.178723212477053, 925341.670176999294199 ] ] } },
{ "type": "Feature", "properties": { "location": null, "name": null, "phases": null, "osm_id": "305791133", "source": null, "brand": null, "cables": "6", "circuits": "2", "voltage": "132000", "max_voltage": 132000.0, "ref": null, "owner": null, "operator": "Scottish and Southern Electricity Networks", "len": 33784.24012254359 }, "geometry": { "type": "LineString", "coordinates": [ [ 289554.760418251564261, 855559.396146963932551 ], [ 292566.159251822391525, 856817.556794050266035 ], [ 295278.982814804301597, 856590.899385632015765 ], [ 299799.889611550606787, 859505.948019484407268 ], [ 302703.643647653632797, 859658.16650753619615 ], [ 304932.769948243221734, 860332.087862034910358 ], [ 309068.542543544317596, 858925.1888418312883 ], [ 311049.732727043039631, 860083.344981730217114 ], [ 312759.394602524698712, 861325.706340170581825 ], [ 315202.796329881530255, 863725.981664709281176 ], [ 317781.272972726786975, 864581.345725890249014 ], [ 319996.92934584512841, 864115.998909812537022 ] ] } },
{ "type": "Feature", "properties": { "location": null, "name": null, "phases": null, "osm_id": "305791134", "source": "OS_OpenData_VectorMap_District", "brand": null, "cables": "3", "circuits": null, "voltage": "132000", "max_voltage": 132000.0, "ref": null, "owner": null, "operator": null, "len": 41936.211524264399 }, "geometry": { "type": "LineString", "coordinates": [ [ 179936.162206812994555, 822376.421745934057981 ], [ 182731.056091413251124, 820946.287552360910922 ], [ 184086.95785225238069, 819450.233358841505833 ], [ 184310.459608706791187, 817912.901142664020881 ], [ 186998.760955774050672, 815117.076220329734497 ], [ 187969.383455449074972, 813453.27140633831732 ], [ 188377.92804467517999, 812078.152966227033176 ], [ 192356.277271506318357, 809196.421016048872843 ], [ 193353.12287667975761, 808711.613456242368557 ], [ 196151.021634406060912, 806492.282950462889858 ], [ 196448.744007275789045, 805084.670353247551247 ], [ 197401.119903386745136, 804001.103981623775326 ], [ 199894.623936240997864, 803579.498940495308489 ], [ 200708.860738224815577, 803649.399886441067792 ], [ 201451.644376569864107, 804385.576747032930143 ], [ 202353.983376729738666, 803491.449848341057077 ], [ 204390.053599286417011, 802366.138736856519245 ], [ 205813.813843026204268, 802033.527242290205322 ], [ 207475.36831472479389, 802578.585928800748661 ], [ 208587.646620317886118, 802160.644072519382462 ], [ 211438.872450845490675, 802011.941869444563054 ], [ 211651.492428648198256, 801869.265672466135584 ], [ 211638.960330994857941, 801870.10451812564861 ] ] } },
{ "type": "Feature", "properties": { "location": null, "name": null, "phases": null, "osm_id": "305791135", "source": "OS_OpenData_VectorMap_District", "brand": null, "cables": "6", "circuits": "1", "voltage": "132000", "max_voltage": 132000.0, "ref": null, "owner": null, "operator": null, "len": 1059.4306609595178 }, "geometry": { "type": "LineString", "coordinates": [ [ 179308.384781082771951, 823229.820145935285836 ], [ 179936.162206812994555, 822376.421745934057981 ] ] } },
{ "type": "Feature", "properties": { "location": null, "name": "Scottish-Hydro Invergarry-Stornoway", "phases": null, "osm_id": "305791139", "source": "OS_OpenData_VectorMap_District", "brand": null, "cables": "3", "circuits": null, "voltage": "132000", "max_voltage": 132000.0, "ref": null, "owner": null, "operator": "Scottish & Southern Energy", "len": 1148.2998833297447 }, "geometry": { "type": "LineString", "coordinates": [ [ 211648.040871889446862, 801859.62356310011819 ], [ 211651.492428648198256, 801869.265672466135584 ], [ 211335.023748562758556, 801641.860313883167692 ], [ 210730.999307530495571, 801200.050407641101629 ] ] } },
{ "type": "Feature", "properties": { "location": null, "name": null, "phases": null, "osm_id": "306046710", "source": "OS 1:25k;OS_OpenData_VectorMap_District", "brand": null, "cables": "6", "circuits": "2", "voltage": "132000;33000", "max_voltage": 132000.0, "ref": null, "owner": null, "operator": null, "len": 16432.730182690822 }, "geometry": { "type": "LineString", "coordinates": [ [ 332268.526324249221943, 839409.273656509816647 ], [ 333275.314493960409891, 839530.76160723308567 ], [ 335598.30564023682382, 841128.265490789315663 ], [ 335841.910626652068458, 841859.716255707433447 ], [ 338018.495351698074955, 843450.787654937477782 ], [ 339002.408754178031813, 844836.641581332543865 ], [ 340789.757119665155187, 846758.93672232539393 ], [ 341597.963293069158681, 848032.27929254155606 ], [ 341973.878942313662264, 848374.750037545105442 ], [ 342289.743026614247356, 848657.536729397834279 ], [ 342478.166703529597726, 848832.010086807073094 ], [ 342881.662383931106888, 849199.43521413684357 ], [ 343082.252708950778469, 849381.569644562201574 ], [ 343302.257484751578886, 849579.921170790563338 ], [ 343844.70758325321367, 850417.038449877290986 ] ] } },
{ "type": "Feature", "properties": { "location": null, "name": null, "phases": null, "osm_id": "306046713", "source": "OS_OpenData_VectorMap_District", "brand": null, "cables": "3", "circuits": null, "voltage": "132000", "max_voltage": 132000.0, "ref": null, "owner": null, "operator": "Scottish and Southern Electricity Networks", "len": 5747.2101876432362 }, "geometry": { "type": "LineString", "coordinates": [ [ 226049.149030428787228, 811643.911885020439513 ], [ 229007.550835061440011, 811863.287137624574825 ], [ 231079.085386365099112, 812765.251758560771123 ], [ 231178.243427525681909, 812896.856854834477417 ], [ 231342.759602033620467, 813115.037584139849059 ], [ 231390.905646730854642, 813182.979931190377101 ] ] } },
{ "type": "Feature", "properties": { "location": null, "name": null, "phases": null, "osm_id": "306046717", "source": null, "brand": null, "cables": "3", "circuits": null, "voltage": "132000", "max_voltage": 132000.0, "ref": null, "owner": null, "operator": "Scottish & Southern Energy", "len": 1079.6302511115068 }, "geometry": { "type": "LineString", "coordinates": [ [ 226049.149030428787228, 811643.911885020439513 ], [ 226505.532318626967026, 810697.142237903433852 ], [ 226533.885831196501385, 810693.373309510410763 ] ] } },
{ "type": "Feature", "properties": { "location": null, "name": null, "phases": null, "osm_id": "306451396", "source": "OS_OpenData_VectorMap_District", "brand": null, "cables": "3", "circuits": null, "voltage": "132000", "max_voltage": 132000.0, "ref": null, "owner": null, "operator": null, "len": 9491.9867147057121 }, "geometry": { "type": "LineString", "coordinates": [ [ 381716.564331186993513, 781483.035623091622256 ], [ 381725.93711473105941, 781490.897840682184324 ], [ 381263.585309479967691, 780254.522132959216833 ], [ 379761.697911172814202, 777397.193882523686625 ], [ 376145.708414954075124, 774043.566009734058753 ] ] } },
{ "type": "Feature", "properties": { "location": null, "name": null, "phases": null, "osm_id": "306451397", "source": null, "brand": null, "cables": "6", "circuits": "2", "voltage": "132000", "max_voltage": 132000.0, "ref": null, "owner": null, "operator": null, "len": 23070.167907867275 }, "geometry": { "type": "LineString", "coordinates": [ [ 362004.889782057260163, 741536.616800310788676 ], [ 361425.777987639827188, 741529.708957856055349 ], [ 359760.797963490476832, 740862.2452910002321 ], [ 356931.881908702314831, 741252.44162186817266 ], [ 354892.721164327522274, 740708.240982144372538 ], [ 352146.402762257901486, 739731.79602422285825 ], [ 348012.060150373610668, 739139.897054652916268 ], [ 346633.674724560347386, 738813.885903205256909 ], [ 343855.180966798274312, 737482.731173882610165 ], [ 340811.68211164243985, 736437.845102743944153 ], [ 340006.431399694993161, 736892.16424496716354 ] ] } },
{ "type": "Feature", "properties": { "location": null, "name": null, "phases": null, "osm_id": "306451406", "source": "OS_OpenData_VectorMap_District", "brand": null, "cables": "6", "circuits": "2", "voltage": "275000", "max_voltage": 275000.0, "ref": null, "owner": null, "operator": "SSEN Transmission", "len": 32575.511696373062 }, "geometry": { "type": "LineString", "coordinates": [ [ 315099.460047639789991, 852723.983640646212734 ], [ 319869.448384675837588, 854178.389732999494299 ], [ 326110.162835518713109, 856528.691903562285006 ], [ 329224.036607483285479, 858033.168016129056923 ], [ 331862.924862094572745, 856411.258106330642477 ], [ 334071.966073668969329, 856309.06137460633181 ], [ 336348.624850571970455, 855487.706478760344908 ], [ 341088.139891599887051, 851009.61754581972491 ], [ 342282.431114660110325, 849829.256997531978413 ], [ 342680.767862538632471, 849441.445060794474557 ], [ 342923.777782533317804, 849197.640174133353867 ], [ 343376.111788937530946, 848754.993949155323207 ] ] } },
{ "type": "Feature", "properties": { "location": null, "name": null, "phases": null, "osm_id": "306452372", "source": "OS_OpenData_VectorMap_District", "brand": null, "cables": "6", "circuits": null, "voltage": "132000", "max_voltage": 132000.0, "ref": null, "owner": null, "operator": null, "len": 1963.7076966324273 }, "geometry": { "type": "LineString", "coordinates": [ [ 388619.992789827636443, 813877.781572736799717 ], [ 390217.768670480174478, 812736.177371177240275 ] ] } },
{ "type": "Feature", "properties": { "location": null, "name": null, "phases": null, "osm_id": "306595694", "source": "OS_OpenData_VectorMap_District", "brand": null, "cables": "6", "circuits": null, "voltage": "132000", "max_voltage": 132000.0, "ref": null, "owner": null, "operator": null, "len": 10077.169605849647 }, "geometry": { "type": "LineString", "coordinates": [ [ 403159.532853344106115, 857561.699364038766362 ], [ 401614.300117367703933, 860671.27485777484253 ], [ 400174.253153543628287, 861897.209310031030327 ], [ 398789.531324575655162, 864402.103101621149108 ], [ 398677.953873498016037, 866250.197791709797457 ] ] } },
{ "type": "Feature", "properties": { "location": null, "name": null, "phases": null, "osm_id": "306595702", "source": "OS_OpenData_VectorMap_District", "brand": null, "cables": "6", "circuits": null, "voltage": "132000", "max_voltage": 132000.0, "ref": null, "owner": null, "operator": null, "len": 19752.236389350644 }, "geometry": { "type": "LineString", "coordinates": [ [ 351615.724603046895936, 865028.984644548851065 ], [ 352904.248708405881189, 865242.878097855253145 ], [ 356200.302330775361042, 865206.354401811258867 ], [ 360380.170558642712422, 864294.553734412416816 ], [ 362138.463203050545417, 863677.979768908931874 ], [ 366395.460639438475482, 862605.375520236324519 ], [ 368677.506416556832846, 862425.160219216835685 ], [ 370007.744665326667018, 863261.658316641813144 ], [ 370372.743565417244099, 863925.775734417024069 ] ] } },
{ "type": "Feature", "properties": { "location": null, "name": null, "phases": null, "osm_id": "306595705", "source": "OS_OpenData_VectorMap_District", "brand": null, "cables": "3", "circuits": null, "voltage": "132000", "max_voltage": 132000.0, "ref": null, "owner": null, "operator": null, "len": 1857.6010802453011 }, "geometry": { "type": "LineString", "coordinates": [ [ 410717.001357509929221, 848041.895557296345942 ], [ 411727.045183982292656, 846515.144923963816836 ], [ 411712.027516750094946, 846492.725107195437886 ] ] } },
{ "type": "Feature", "properties": { "location": null, "name": null, "phases": null, "osm_id": "306595707", "source": null, "brand": null, "cables": "6", "circuits": "2", "voltage": "132000", "max_voltage": 132000.0, "ref": null, "owner": null, "operator": null, "len": 1314.9169096026328 }, "geometry": { "type": "LineString", "coordinates": [ [ 335773.90281161427265, 731750.405099641648121 ], [ 337021.23249475605553, 731334.261926307808608 ] ] } },
{ "type": "Feature", "properties": { "location": null, "name": null, "phases": null, "osm_id": "307717796", "source": "OS_OpenData_VectorMap_District", "brand": null, "cables": "6", "circuits": "2", "voltage": "132000", "max_voltage": 132000.0, "ref": null, "owner": null, "operator": null, "len": 2131.1506185033409 }, "geometry": { "type": "LineString", "coordinates": [ [ 219167.542656301520765, 713268.147559576318599 ], [ 220249.795761248649796, 714280.471120867878199 ], [ 220882.70619734597858, 714135.792739816009998 ] ] } },
{ "type": "Feature", "properties": { "location": null, "name": null, "phases": null, "osm_id": "307717797", "source": "OS_OpenData_VectorMap_District", "brand": null, "cables": "6", "circuits": "2", "voltage": "132000", "max_voltage": 132000.0, "ref": null, "owner": null, "operator": "SSEN Transmission", "len": 7434.1842667156761 }, "geometry": { "type": "LineString", "coordinates": [ [ 204109.303446908423211, 723959.732790844398551 ], [ 203638.144627363479231, 724193.140913003589958 ], [ 202881.686850914382376, 726226.206839456921443 ], [ 202241.941469328710809, 730397.051451058941893 ], [ 202008.973907320178114, 730861.409177521709353 ] ] } },
{ "type": "Feature", "properties": { "location": null, "name": null, "phases": null, "osm_id": "307717800", "source": "OS_OpenData_VectorMap_District", "brand": null, "cables": "6", "circuits": "1", "voltage": "132000", "max_voltage": 132000.0, "ref": null, "owner": null, "operator": "SSEN Transmission", "len": 5083.9390231863599 }, "geometry": { "type": "LineString", "coordinates": [ [ 221233.589760600210866, 714057.764311144943349 ], [ 225715.942638658394571, 713015.98235715192277 ], [ 226197.153199087828398, 712986.487487685750239 ] ] } },
{ "type": "Feature", "properties": { "location": null, "name": null, "phases": null, "osm_id": "307717803", "source": null, "brand": null, "cables": "3", "circuits": "1", "voltage": "132000", "max_voltage": 132000.0, "ref": null, "owner": null, "operator": "SSEN Transmission", "len": 4226.0983255795927 }, "geometry": { "type": "LineString", "coordinates": [ [ 217151.903565287124366, 714444.683201996842399 ], [ 218820.57533748325659, 714390.465571225504391 ], [ 219977.145407746516867, 714621.515583528904244 ], [ 221233.589760600210866, 714057.764311144943349 ] ] } },
{ "type": "Feature", "properties": { "location": null, "name": null, "phases": null, "osm_id": "307717804", "source": null, "brand": null, "cables": "3", "circuits": "1", "voltage": "132000", "max_voltage": 132000.0, "ref": null, "owner": null, "operator": "SSEN Transmission", "len": 6885.4362734889337 }, "geometry": { "type": "LineString", "coordinates": [ [ 211725.30193750327453, 711899.227201813249849 ], [ 212697.56194690920529, 711939.358167813508771 ], [ 214462.631375203549396, 711423.253016522387043 ], [ 216178.916655865381472, 712901.44386763125658 ], [ 217144.776846638298593, 714430.154769682907499 ] ] } },
{ "type": "Feature", "properties": { "location": null, "name": null, "phases": null, "osm_id": "307767543", "source": "OS_OpenData_VectorMap_District", "brand": null, "cables": "6", "circuits": "2", "voltage": "132000", "max_voltage": 132000.0, "ref": null, "owner": null, "operator": "SSEN Transmission", "len": 6183.9985755193993 }, "geometry": { "type": "LineString", "coordinates": [ [ 228013.672825345449382, 714455.84346795512829 ], [ 228373.415815976564772, 712435.802138446480967 ], [ 229787.152631962992018, 709863.890820874134079 ], [ 230806.334781492274487, 709235.528333309688605 ] ] } },
{ "type": "Feature", "properties": { "location": null, "name": null, "phases": null, "osm_id": "307767545", "source": null, "brand": null, "cables": "3", "circuits": "1", "voltage": "132000", "max_voltage": 132000.0, "ref": null, "owner": null, "operator": null, "len": 2538.2916591433104 }, "geometry": { "type": "LineString", "coordinates": [ [ 228013.672825345449382, 714455.84346795512829 ], [ 227244.092291547567584, 713204.744056218769401 ], [ 226197.153199087828398, 712986.487487685750239 ] ] } },
{ "type": "Feature", "properties": { "location": null, "name": null, "phases": null, "osm_id": "307767547", "source": null, "brand": null, "cables": "6", "circuits": "1", "voltage": "132000", "max_voltage": 132000.0, "ref": null, "owner": null, "operator": "SSEN Transmission", "len": 4563.1901836322932 }, "geometry": { "type": "LineString", "coordinates": [ [ 226230.85995920735877, 712925.993327049771324 ], [ 225704.252648167457664, 712962.724220367497765 ], [ 221770.128124303766526, 713860.68749884958379 ] ] } },
{ "type": "Feature", "properties": { "location": null, "name": null, "phases": null, "osm_id": "307767553", "source": "OS_OpenData_VectorMap_District", "brand": null, "cables": "6", "circuits": "2", "voltage": "132000", "max_voltage": 132000.0, "ref": "CM", "owner": null, "operator": "SP Energy Networks", "len": 1560.0346712883761 }, "geometry": { "type": "LineString", "coordinates": [ [ 223263.702677650639089, 692076.988040811847895 ], [ 224823.10761733938125, 692121.309702515602112 ] ] } },
{ "type": "Feature", "properties": { "location": null, "name": null, "phases": null, "osm_id": "307767559", "source": "OS_OpenData_VectorMap_District", "brand": null, "cables": "3", "circuits": "1", "voltage": "132000", "max_voltage": 132000.0, "ref": null, "owner": null, "operator": "SSEN Transmission", "len": 4923.1149347432965 }, "geometry": { "type": "LineString", "coordinates": [ [ 221770.128124303766526, 713860.68749884958379 ], [ 225696.660693034122232, 712936.434114997158758 ], [ 226585.271300697495462, 712902.186488683219068 ] ] } },
{ "type": "Feature", "properties": { "location": null, "name": null, "phases": null, "osm_id": "307767562", "source": "OS7;OS_OpenData_VectorMap_District", "brand": null, "cables": "6", "circuits": "2", "voltage": "132000", "max_voltage": 132000.0, "ref": "CL", "owner": null, "operator": "SP Energy Networks", "len": 27173.715145898372 }, "geometry": { "type": "LineString", "coordinates": [ [ 240138.054948923847405, 677306.397481566877104 ], [ 239146.216784361138707, 677324.559622756554745 ], [ 234036.072795490152203, 680220.973033780581318 ], [ 232751.376484148291638, 682533.721846807398833 ], [ 231097.191992843552725, 684612.258928398019634 ], [ 229922.68067511630943, 686795.967306065838784 ], [ 229144.202035636961227, 687801.426380099379458 ], [ 227887.788680796133121, 688533.13751599448733 ], [ 226128.408775541262003, 689982.715847160783596 ], [ 226009.286773619271116, 690179.879538591718301 ], [ 225588.605479890247807, 690884.835024660569616 ], [ 225260.465333515865495, 691434.840041746734641 ], [ 225083.86281995094032, 691730.891639087232761 ], [ 224957.917671671544667, 691942.042323249159381 ], [ 224846.706177756947, 692128.458536373334937 ], [ 224775.588244921644218, 692822.117957635782659 ], [ 224698.341299489547964, 693694.186727144755423 ], [ 224735.335053460206836, 695055.133332376601174 ], [ 226103.621889855974587, 696631.562596271280199 ] ] } },
{ "type": "Feature", "properties": { "location": null, "name": null, "phases": null, "osm_id": "307767575", "source": "OS7", "brand": null, "cables": "6", "circuits": "2", "voltage": "132000", "max_voltage": 132000.0, "ref": "CK", "owner": null, "operator": "SP Energy Networks", "len": 10173.087507216225 }, "geometry": { "type": "LineString", "coordinates": [ [ 231269.561648040602449, 684481.764252819819376 ], [ 229993.425022128882119, 686839.577304911334068 ], [ 229185.662508609471843, 687845.786562037887052 ], [ 227922.857603624259355, 688583.191144358483143 ], [ 226180.657153088395717, 690018.977617274736986 ], [ 224905.888854773394996, 692148.38514543522615 ] ] } },
{ "type": "Feature", "properties": { "location": null, "name": "Cruachan - Dalmally", "phases": null, "osm_id": "307770003", "source": "OS_OpenData_VectorMap_District", "brand": null, "cables": "6", "circuits": "2", "voltage": "275000", "max_voltage": 275000.0, "ref": "YX", "owner": null, "operator": "SP Energy Networks", "len": 8008.9283264070418 }, "geometry": { "type": "LineString", "coordinates": [ [ 214181.03003481545602, 729422.864430087152869 ], [ 213699.771206247067312, 729370.105977876810357 ], [ 212600.410649441182613, 727902.436075431643985 ], [ 211167.683643409400247, 726585.518700817599893 ], [ 209922.033471828966867, 726371.061534008593298 ], [ 208254.450997006410034, 727132.78276344994083 ], [ 208018.48107941361377, 727735.995273017673753 ] ] } },
{ "type": "Feature", "properties": { "location": null, "name": null, "phases": null, "osm_id": "308788882", "source": "OS_OpenData_VectorMap_District", "brand": null, "cables": "6", "circuits": "2", "voltage": "400000", "max_voltage": 400000.0, "ref": "ZS", "owner": null, "operator": "SP Energy Networks", "len": 9317.9758015537609 }, "geometry": { "type": "LineString", "coordinates": [ [ 366443.480340434703976, 669201.624916677363217 ], [ 366866.006504022050649, 670960.620507602463476 ], [ 369588.796976657467894, 672501.361521521699615 ], [ 371121.989916719088797, 672601.088481112848967 ], [ 371964.716372169437818, 673101.486593140638433 ], [ 373826.512389929150231, 673190.514025084557943 ] ] } },
{ "type": "Feature", "properties": { "location": null, "name": null, "phases": null, "osm_id": "308788884", "source": "OS_OpenData_VectorMap_District", "brand": null, "cables": "6", "circuits": "2", "voltage": "400000", "max_voltage": 400000.0, "ref": "ZS", "owner": null, "operator": null, "len": 13757.36764014059 }, "geometry": { "type": "LineString", "coordinates": [ [ 358370.953540457005147, 659172.857512719812803 ], [ 358641.631659452803433, 659195.127247464843094 ], [ 362107.868224131176248, 662309.751427903189324 ], [ 362151.143010445113759, 664651.861320007010363 ], [ 363814.782687810307834, 665905.05080403375905 ], [ 364506.706858269346412, 666880.738976390566677 ], [ 365222.654019770445302, 667161.949012326425873 ], [ 366355.013381054915953, 668616.633297102293 ], [ 366443.480340434703976, 669201.624916677363217 ] ] } },
{ "type": "Feature", "properties": { "location": null, "name": null, "phases": null, "osm_id": "308788889", "source": null, "brand": null, "cables": "3", "circuits": null, "voltage": "132000", "max_voltage": 132000.0, "ref": null, "owner": null, "operator": null, "len": 22847.568578173225 }, "geometry": { "type": "LineString", "coordinates": [ [ 347386.410695863596629, 657189.047583968611434 ], [ 348040.945091749250423, 655564.545906958403066 ], [ 349555.561664747714531, 654159.459405089961365 ], [ 349201.948850934044458, 652219.244369007996283 ], [ 349143.340873465174809, 651897.762701725820079 ], [ 349106.064404067234136, 651693.305071979528293 ], [ 349067.268184030486736, 651480.506417111144401 ], [ 348976.84819621097995, 650984.592254219111055 ], [ 351274.550330368510913, 644745.626558788237162 ], [ 353057.498538500396535, 641914.460876447730698 ], [ 351525.41566971008433, 636311.589323767344467 ] ] } },
{ "type": "Feature", "properties": { "location": null, "name": null, "phases": null, "osm_id": "308793170", "source": "OS_OpenData_VectorMap_District", "brand": null, "cables": "3", "circuits": "1", "voltage": "132000", "max_voltage": 132000.0, "ref": "CG", "owner": null, "operator": "SP Energy Networks", "len": 4654.2462588125591 }, "geometry": { "type": "LineString", "coordinates": [ [ 241997.300817376264604, 618504.930656394106336 ], [ 241610.406933659251081, 616008.68729435140267 ], [ 241449.165133163478458, 613994.233630784670822 ], [ 241474.676015390316024, 613917.042151855421253 ], [ 241489.439182509144302, 613895.635022330097854 ] ] } },
{ "type": "Feature", "properties": { "location": null, "name": null, "phases": null, "osm_id": "310438988", "source": null, "brand": null, "cables": "3", "circuits": null, "voltage": "132000", "max_voltage": 132000.0, "ref": null, "owner": null, "operator": null, "len": 1306.9396391513283 }, "geometry": { "type": "LineString", "coordinates": [ [ 348104.154723139596172, 615940.627807540586218 ], [ 348380.060690815036651, 615897.185790318879299 ], [ 348448.498079729324672, 615925.387276087305509 ], [ 348536.348927893734071, 615962.689387536956929 ], [ 349364.76070414861897, 615738.650848216493614 ] ] } },
{ "type": "Feature", "properties": { "location": null, "name": null, "phases": null, "osm_id": "310438992", "source": "OS_OpenData_VectorMap_District", "brand": null, "cables": "6", "circuits": "2", "voltage": "132000", "max_voltage": 132000.0, "ref": null, "owner": null, "operator": null, "len": 20023.328255984907 }, "geometry": { "type": "LineString", "coordinates": [ [ 348205.036223826638889, 616252.50662980938796 ], [ 349560.349747742933687, 620172.843485038378276 ], [ 349720.426346537831705, 625246.474853332620114 ], [ 352069.622383134905249, 626860.237568735610694 ], [ 353513.615881633537356, 631490.437049104599282 ], [ 352354.295265693916008, 634364.366774027352221 ] ] } },
{ "type": "Feature", "properties": { "location": null, "name": "National Grid Penwortham-Stanah", "phases": null, "osm_id": "310495260", "source": "Bing", "brand": null, "cables": "6", "circuits": "2", "voltage": "400000", "max_voltage": 400000.0, "ref": "VF", "owner": null, "operator": "National Grid", "len": 3753.4626745671958 }, "geometry": { "type": "LineString", "coordinates": [ [ 338574.859836682211608, 442491.456760943052359 ], [ 337869.089090945024509, 443328.934276943211444 ], [ 335241.50247394037433, 442926.310902193305083 ] ] } },
{ "type": "Feature", "properties": { "location": null, "name": null, "phases": null, "osm_id": "310502652", "source": "OS_OpenData_VectorMap_District", "brand": null, "cables": "6", "circuits": "2", "voltage": "400000", "max_voltage": 400000.0, "ref": "4ZY", "owner": null, "operator": null, "len": 7061.3071675389128 }, "geometry": { "type": "LineString", "coordinates": [ [ 412637.938986455788836, 568918.425296446774155 ], [ 412170.526604239130393, 566796.988077233312652 ], [ 413206.274398600973655, 566095.47753736237064 ], [ 415694.557757799164392, 565748.052951170597225 ], [ 416509.710387277824339, 564971.826532448641956 ] ] } },
{ "type": "Feature", "properties": { "location": null, "name": null, "phases": null, "osm_id": "310506273", "source": "OS_OpenData_VectorMap_District", "brand": null, "cables": "6", "circuits": "2", "voltage": "275000", "max_voltage": 275000.0, "ref": "ZZA", "owner": null, "operator": "National Grid", "len": 9442.6747690303728 }, "geometry": { "type": "LineString", "coordinates": [ [ 434833.647781942447182, 554101.740764559828676 ], [ 435071.902916698949412, 553145.779409124981612 ], [ 436388.256974982563406, 551384.469378153793514 ], [ 436519.95043432735838, 550324.185780319385231 ], [ 437210.734382295748219, 548738.362901355838403 ], [ 437164.681046394514851, 546797.367783641791902 ], [ 438319.834702304040547, 545811.139301268616691 ] ] } },
{ "type": "Feature", "properties": { "location": null, "name": null, "phases": null, "osm_id": "311840840", "source": "OS_OpenData_VectorMap_District", "brand": null, "cables": "6", "circuits": "2", "voltage": "275000", "max_voltage": 275000.0, "ref": "ZZA", "owner": null, "operator": "National Grid Electricity Transmission", "len": 6153.6523073230474 }, "geometry": { "type": "LineString", "coordinates": [ [ 438021.762958062696271, 540740.261201318004169 ], [ 437284.826800347771496, 542865.316577502409928 ], [ 437133.009646393766161, 545628.476312558632344 ], [ 438260.777695932658389, 545773.992973043932579 ] ] } },
{ "type": "Feature", "properties": { "location": null, "name": null, "phases": null, "osm_id": "311840843", "source": "OS_OpenData_VectorMap_District", "brand": null, "cables": "6", "circuits": "2", "voltage": "275000", "max_voltage": 275000.0, "ref": "ZZA", "owner": null, "operator": "National Grid Electricity Transmission", "len": 10172.09417291411 }, "geometry": { "type": "LineString", "coordinates": [ [ 445431.421506949584, 534506.829828982823528 ], [ 443604.422799692314584, 534611.398137134849094 ], [ 442023.480548928724602, 535845.260769327636808 ], [ 441292.488521854102146, 537066.39767519349698 ], [ 440730.139458298857789, 539037.972351106232964 ], [ 438170.13919462141348, 540320.389508171007037 ] ] } },
{ "type": "Feature", "properties": { "location": null, "name": null, "phases": null, "osm_id": "313180493", "source": null, "brand": null, "cables": "6", "circuits": "2", "voltage": "400000", "max_voltage": 400000.0, "ref": "4ZQ", "owner": null, "operator": "National Grid", "len": 5436.0313214923281 }, "geometry": { "type": "LineString", "coordinates": [ [ 484353.304267272993457, 417108.549662975710817 ], [ 483906.179143416928127, 414414.184358566591982 ], [ 483004.061881395231467, 412603.391348350967746 ], [ 482363.257552832597867, 412370.670651222288143 ] ] } },
{ "type": "Feature", "properties": { "location": null, "name": null, "phases": null, "osm_id": "313887568", "source": null, "brand": null, "cables": "6", "circuits": "2", "voltage": "400000;275000", "max_voltage": 400000.0, "ref": "ZP", "owner": null, "operator": "National Grid Electricity Transmission", "len": 28347.750108933815 }, "geometry": { "type": "LineString", "coordinates": [ [ 413088.359664576186333, 419989.628678725857753 ], [ 413764.263271105883177, 420509.418866385356523 ], [ 415501.7103136992082, 420987.405441193724982 ], [ 417180.592057895322796, 420855.612236249085981 ], [ 417861.212624455569312, 420132.458775259437971 ], [ 418044.671591240097769, 419311.263386703329161 ], [ 418905.667618632258382, 418524.077367619145662 ], [ 419489.377915652468801, 418005.021325011621229 ], [ 419954.897816209762823, 417583.50054316065507 ], [ 420274.492058767646085, 417294.696910723403562 ], [ 420542.842035222216509, 417048.804781597049441 ], [ 424118.889854799374007, 417242.168484658119269 ], [ 426743.988999148248695, 417921.304038683185354 ], [ 427020.126957686210517, 418097.176598889520392 ], [ 427290.252212414285168, 418267.02278555452358 ], [ 427645.431365259515587, 418486.970899075560737 ], [ 427965.462553099147044, 418694.677166364330333 ], [ 428934.071852276276331, 419223.66508460015757 ], [ 429515.72272529109614, 419631.501832648122218 ], [ 430656.916063674958423, 421505.759927300037816 ], [ 430495.922603967483155, 422577.956590205489192 ], [ 432135.315648328047246, 424349.791291254921816 ], [ 433903.798533613386098, 424262.526706879027188 ], [ 434118.968564012204297, 424322.650239431881346 ], [ 434442.820834215322975, 424414.853804698563181 ], [ 434746.781956177088432, 424502.538090892019682 ], [ 434947.192207308893558, 424692.557499513262883 ], [ 435574.712141571217217, 424590.847161825513467 ] ] } },
{ "type": "Feature", "properties": { "location": null, "name": null, "phases": null, "osm_id": "313890844", "source": null, "brand": null, "cables": "6", "circuits": "2", "voltage": "400000;275000", "max_voltage": 400000.0, "ref": "ZP", "owner": null, "operator": "National Grid Electricity Transmission", "len": 18210.53483169404 }, "geometry": { "type": "LineString", "coordinates": [ [ 395568.893573201145045, 417722.816402616095729 ], [ 397323.434929877053946, 417883.638257951301057 ], [ 398898.663967744447291, 418484.302164311520755 ], [ 399848.624271914013661, 418609.205779142677784 ], [ 402104.358915262506343, 417951.409006697125733 ], [ 403676.437378173694015, 418028.381670244038105 ], [ 404841.510259787959512, 417751.36521780025214 ], [ 407678.979338381090201, 418108.584279932256322 ], [ 410015.155176287924405, 419148.256648292241152 ], [ 410445.144432247325312, 419136.83261192694772 ], [ 410813.805670990492217, 419126.642978688469157 ], [ 410998.62404994154349, 419122.338942079572007 ], [ 411209.729047184169758, 419116.780192891310435 ], [ 413088.359664576186333, 419989.628678725857753 ] ] } },
{ "type": "Feature", "properties": { "location": null, "name": "Hams Hall-Drakelow", "phases": null, "osm_id": "317264704", "source": "GPS;bing;BING;visual survey;estimate;Bing;Bing;Bing;Bing;Bing;Bing", "brand": null, "cables": "6", "circuits": "2", "voltage": "400000;275000", "max_voltage": 400000.0, "ref": "ZF", "owner": null, "operator": "National Grid", "len": 9653.0094936055684 }, "geometry": { "type": "LineString", "coordinates": [ [ 416972.049066609935835, 302085.046637069259305 ], [ 416846.288753269938752, 300233.646833429636899 ], [ 417048.550731458119117, 298687.373328253626823 ], [ 418623.566524486755952, 296030.484900436247699 ], [ 418704.390170486120041, 295321.193117490271106 ], [ 419479.640578882186674, 293012.510774945549201 ] ] } },
{ "type": "Feature", "properties": { "location": null, "name": "National Grid Sundon-East Claydon", "phases": null, "osm_id": "317266352", "source": null, "brand": null, "cables": "6", "circuits": "2", "voltage": "400000", "max_voltage": 400000.0, "ref": "4YJ", "owner": null, "operator": "National Grid", "len": 13114.211372679167 }, "geometry": { "type": "LineString", "coordinates": [ [ 491067.000748489284888, 223731.804958663880825 ], [ 493633.638538913743105, 223622.630420364032034 ], [ 494014.698981458437629, 223600.366945229237899 ], [ 494353.216644009458832, 223587.745199924102053 ], [ 494823.199101464473642, 223571.500439987401478 ], [ 498192.090205461194273, 223441.606754368520342 ], [ 501482.560461442975793, 226228.019775633350946 ], [ 502036.211371573910583, 226548.652391540701501 ], [ 502413.294470753753558, 226762.939861738181207 ], [ 502634.675880905182566, 226890.316351881017908 ], [ 502685.239194140187465, 227229.012488047766965 ] ] } },
{ "type": "Feature", "properties": { "location": null, "name": null, "phases": null, "osm_id": "318882311", "source": "Bing", "brand": null, "cables": "6", "circuits": "2", "voltage": "400000;275000", "max_voltage": 400000.0, "ref": "ZN", "owner": null, "operator": "National Grid Electricity Transmission", "len": 3155.6808532605178 }, "geometry": { "type": "LineString", "coordinates": [ [ 391437.9045236443053, 271200.810388006793801 ], [ 390386.261472873040475, 272067.742849642643705 ], [ 390385.107905354117975, 273860.512843411590438 ] ] } },
{ "type": "Feature", "properties": { "location": null, "name": null, "phases": null, "osm_id": "319018240", "source": "Bing;seen crossing M54;GPS", "brand": null, "cables": "6", "circuits": "2", "voltage": "400000;275000", "max_voltage": 400000.0, "ref": "ZN", "owner": null, "operator": "National Grid Electricity Transmission", "len": 11317.820799749185 }, "geometry": { "type": "LineString", "coordinates": [ [ 383793.939050006389152, 301587.077951345941983 ], [ 384649.669371246825904, 303009.48322915006429 ], [ 386513.048287062149029, 305277.923329536279198 ], [ 390834.988854814786464, 307459.690609408658929 ], [ 392702.648970238980837, 307681.550827351689804 ] ] } },
{ "type": "Feature", "properties": { "location": null, "name": null, "phases": null, "osm_id": "319018241", "source": "Bing", "brand": null, "cables": "6", "circuits": "2", "voltage": "400000;275000", "max_voltage": 400000.0, "ref": "ZN", "owner": null, "operator": "National Grid Electricity Transmission", "len": 13909.085762103752 }, "geometry": { "type": "LineString", "coordinates": [ [ 410916.406386720249429, 314470.773801271105185 ], [ 413010.523332608572673, 316898.366097680293024 ], [ 416248.688653734105173, 318312.818553535733372 ], [ 417914.399378987029195, 317571.438732368522324 ], [ 419204.381524966389406, 317303.683268433320336 ], [ 422792.937342297809664, 319134.798108779010363 ] ] } },
{ "type": "Feature", "properties": { "location": null, "name": null, "phases": null, "osm_id": "319018242", "source": "Bing", "brand": null, "cables": "6", "circuits": "2", "voltage": "400000;275000", "max_voltage": 400000.0, "ref": "ZN", "owner": null, "operator": "National Grid Electricity Transmission", "len": 20053.153444199845 }, "geometry": { "type": "LineString", "coordinates": [ [ 392702.648970238980837, 307681.550827351689804 ], [ 393049.989903319976293, 307725.997674758487847 ], [ 393393.73664336616639, 307767.871232546516694 ], [ 394289.799908076762222, 307871.482526211882941 ], [ 394666.736993147467729, 307974.787919076974504 ], [ 395250.647098796500359, 307986.984758957696613 ], [ 397638.18235022953013, 308271.325999350636266 ], [ 399308.959097295533866, 308336.560940976836719 ], [ 401627.810703194641974, 309327.768218680983409 ], [ 402048.039694262610283, 309506.789298796385992 ], [ 402362.869947197032161, 309641.345764410099946 ], [ 403051.341029505128972, 309933.993077256018296 ], [ 403415.680594336299691, 310092.36404619627865 ], [ 403724.31569719145773, 310221.164461707579903 ], [ 403861.825696313579101, 310283.150729358429089 ], [ 404534.976537189329974, 310568.454499756684527 ], [ 405788.287208467139862, 310803.979302408872172 ], [ 407709.849834016233217, 312486.238675256143324 ], [ 408691.882766175782308, 313121.348542063962668 ], [ 410066.685629050596617, 313488.155671301472466 ], [ 410916.406386720249429, 314470.773801271105185 ] ] } },
{ "type": "Feature", "properties": { "location": null, "name": null, "phases": null, "osm_id": "319029269", "source": "Bing", "brand": null, "cables": "6", "circuits": "2", "voltage": "275000;0", "max_voltage": 275000.0, "ref": "YYD", "owner": null, "operator": null, "len": 5161.4176735326009 }, "geometry": { "type": "LineString", "coordinates": [ [ 395584.809577632055152, 300838.156982573447749 ], [ 395027.981419114745222, 301834.984112320118584 ], [ 394177.412071935134009, 302796.395349872123916 ], [ 393608.4497038651607, 304263.307005170965567 ], [ 392445.939225303765852, 304274.573542443395127 ] ] } },
{ "type": "Feature", "properties": { "location": null, "name": null, "phases": null, "osm_id": "320868795", "source": "OS_OpenData_VectorMap_District", "brand": null, "cables": "3", "circuits": "1", "voltage": "132000", "max_voltage": 132000.0, "ref": null, "owner": null, "operator": null, "len": 4173.0459564357698 }, "geometry": { "type": "LineString", "coordinates": [ [ 261075.628225142630981, 581471.203177001327276 ], [ 261124.169183776888531, 582258.296749632223509 ], [ 260416.070622150524287, 583437.247473806142807 ], [ 260376.897856935771415, 585446.066832263139077 ] ] } },
{ "type": "Feature", "properties": { "location": null, "name": null, "phases": null, "osm_id": "339331518", "source": "OS_OpenData_VectorMap_District", "brand": null, "cables": "6", "circuits": "2", "voltage": "400000;275000", "max_voltage": 400000.0, "ref": "XF", "owner": null, "operator": "SP Energy Networks", "len": 5360.1384195793362 }, "geometry": { "type": "LineString", "coordinates": [ [ 243316.517993864079472, 660625.020552684902214 ], [ 241501.820530880708247, 660857.118892525671981 ], [ 239710.492821470135823, 661707.193343305960298 ], [ 239095.160317998495884, 663127.490223973989487 ] ] } },
{ "type": "Feature", "properties": { "location": null, "name": null, "phases": null, "osm_id": "358551363", "source": null, "brand": null, "cables": "6", "circuits": "2", "voltage": "132000", "max_voltage": 132000.0, "ref": "YYS", "owner": null, "operator": "National Grid Electricity Transmission", "len": 10396.558231071305 }, "geometry": { "type": "LineString", "coordinates": [ [ 345552.416439724387601, 376203.606746366014704 ], [ 345025.695092387439217, 375315.388313049799763 ], [ 345125.598398745467421, 375033.62181682366645 ], [ 344730.006351928517688, 374343.671798039635178 ], [ 340763.648571666679345, 373328.245171026093885 ], [ 339697.508403387968428, 373168.502921683655586 ], [ 338984.627860159846023, 373182.725104974699207 ], [ 338613.679174481600057, 373197.206348209758289 ], [ 337341.532781157759018, 374757.366305354458746 ] ] } },
{ "type": "Feature", "properties": { "location": null, "name": "Capenhurst - Birkenhead", "phases": null, "osm_id": "358551365", "source": null, "brand": null, "cables": "6", "circuits": "2", "voltage": "275000", "max_voltage": 275000.0, "ref": "4ZL", "owner": null, "operator": "National Grid Electricity Transmission", "len": 15387.36161227841 }, "geometry": { "type": "LineString", "coordinates": [ [ 329406.137239638133906, 385875.760066466464195 ], [ 328949.494794476195239, 381895.517691881628707 ], [ 329792.196225332852919, 380229.212662455858663 ], [ 331076.283494858944323, 379013.225027326261625 ], [ 331767.664709137345199, 377719.579400717862882 ], [ 333059.99156197841512, 377086.369278788566589 ], [ 334781.740271342452615, 377065.875379698933102 ], [ 336192.381634595803916, 375354.820504669041838 ], [ 336510.647123393137008, 375308.260303095914423 ], [ 336908.01639333833009, 375186.035207601904403 ], [ 337054.175495372852311, 375115.026146012649406 ] ] } },
{ "type": "Feature", "properties": { "location": null, "name": "Pentir-Trawsfynydd", "phases": null, "osm_id": "359804479", "source": "Bing;National Grid Network Route Maps Data", "brand": null, "cables": "6", "circuits": "2", "voltage": "400000;0", "max_voltage": 400000.0, "ref": "4ZC", "owner": null, "operator": "National Grid Electricity Transmission", "len": 23041.687744667714 }, "geometry": { "type": "LineString", "coordinates": [ [ 248154.248285502544604, 343758.952798277314287 ], [ 247555.667850438825553, 345098.884393371816259 ], [ 246811.536727458820678, 348050.254998988995794 ], [ 247030.351573760417523, 348473.780277297948487 ], [ 246735.626647258992307, 350458.415820052148774 ], [ 247442.147469242452644, 351784.085319603793323 ], [ 248198.732551993976813, 353821.092336749250535 ], [ 250001.916621456417488, 356786.064749911194667 ], [ 250678.921198688825825, 358424.854238830972463 ], [ 251241.783881306851981, 360478.279307748132851 ], [ 253073.93764186790213, 361804.899641322204843 ], [ 253665.912047412304673, 362017.934500825998839 ], [ 254434.846314243361121, 363317.482029346458148 ], [ 254958.311388788977638, 363607.518729549658019 ] ] } },
{ "type": "Feature", "properties": { "location": null, "name": "National Grid Iron Acton-Melksham", "phases": null, "osm_id": "375608243", "source": "Bing", "brand": null, "cables": "6", "circuits": "2", "voltage": "275000", "max_voltage": 275000.0, "ref": "XL", "owner": null, "operator": null, "len": 17022.453322120658 }, "geometry": { "type": "LineString", "coordinates": [ [ 366871.447959790937603, 185844.2042470369488 ], [ 368358.275712719245348, 186712.254220057860948 ], [ 368935.484885201847646, 186578.229373519716319 ], [ 370135.380576631461736, 185603.943425845587626 ], [ 373355.282340718491469, 185129.653645276674069 ], [ 374745.90646928321803, 183931.183013852976728 ], [ 376475.192679163534194, 183391.543884119309951 ], [ 377153.589324012049474, 180722.449112441914622 ], [ 379324.971080544230063, 177968.969863034435548 ] ] } },
{ "type": "Feature", "properties": { "location": null, "name": "National Grid Kingsnorth-Tilbury", "phases": null, "osm_id": "380772260", "source": "Bing", "brand": null, "cables": "6", "circuits": "2", "voltage": "400000", "max_voltage": 400000.0, "ref": "4VG", "owner": null, "operator": null, "len": 14398.616696922831 }, "geometry": { "type": "LineString", "coordinates": [ [ 567423.622577689471655, 174224.502104985702317 ], [ 569169.848522448446602, 173743.619598177203443 ], [ 571093.942280409042723, 174605.09456676436821 ], [ 572153.481240416644141, 174489.879073547956068 ], [ 574350.999428223352879, 174801.184013662626967 ], [ 577667.834022604860365, 174852.943757620349061 ], [ 578936.52943700295873, 174063.527261650306173 ], [ 579963.821546081569977, 172380.963249718421139 ], [ 580306.880527965724468, 172154.378997249645181 ] ] } },
{ "type": "Feature", "properties": { "location": null, "name": "National Grid Watford-Iver", "phases": null, "osm_id": "381205286", "source": null, "brand": null, "cables": "6", "circuits": "2", "voltage": "275000", "max_voltage": 275000.0, "ref": "ZC", "owner": null, "operator": "National Grid", "len": 13544.517251195262 }, "geometry": { "type": "LineString", "coordinates": [ [ 510253.931471606832929, 194857.574408896383829 ], [ 509641.479300133360084, 193953.438836726301815 ], [ 509795.291122665337753, 193380.103590106067713 ], [ 508359.384611879126169, 192363.420577070384752 ], [ 507631.717268757231068, 192261.298451345181093 ], [ 507207.34964299533749, 190740.060833166877273 ], [ 505751.843994021241087, 188356.604318844503723 ], [ 505842.435379759874195, 187524.195710099651478 ], [ 505327.285531303088646, 186523.050721123407129 ], [ 504377.4649059753865, 185556.643754254095256 ], [ 504348.816631595720537, 183882.532002061372623 ] ] } },
{ "type": "Feature", "properties": { "location": null, "name": null, "phases": null, "osm_id": "388850758", "source": null, "brand": null, "cables": "3", "circuits": "1", "voltage": "132000", "max_voltage": 132000.0, "ref": null, "owner": null, "operator": null, "len": 10132.369701664444 }, "geometry": { "type": "LineString", "coordinates": [ [ 328935.170614669332281, 695323.987196578760631 ], [ 327638.434662664774805, 695719.818693598266691 ], [ 326465.668715025298297, 695199.140940035344101 ], [ 325102.781300929083955, 695511.180799161433242 ], [ 324048.604454829241149, 693870.853593113832176 ], [ 323845.50851365714334, 692691.763237244682387 ], [ 321067.430694686772767, 691702.55096178886015 ] ] } },
{ "type": "Feature", "properties": { "location": null, "name": null, "phases": null, "osm_id": "469978855", "source": null, "brand": null, "cables": "3", "circuits": null, "voltage": "132000", "max_voltage": 132000.0, "ref": null, "owner": null, "operator": null, "len": 10870.502794616003 }, "geometry": { "type": "LineString", "coordinates": [ [ 407165.422564417647664, 852939.449355160701089 ], [ 407632.788267193303909, 851721.636890590889379 ], [ 406601.089451301668305, 850284.075663430150598 ], [ 407208.754175059846602, 849222.304657743428834 ], [ 407183.805687456158921, 848142.220862832851708 ], [ 406824.927111408964265, 847650.299641316058114 ], [ 407293.504660546488594, 846517.85783813148737 ], [ 408288.731624716776423, 845574.49374674865976 ], [ 408914.264522587007377, 845529.552036638604477 ], [ 409696.921769303269684, 844065.642793306382373 ] ] } },
{ "type": "Feature", "properties": { "location": null, "name": "Beauly-Denny Power Line", "phases": null, "osm_id": "495241797", "source": "bing", "brand": null, "cables": "6", "circuits": "2", "voltage": "400000;275000", "max_voltage": 400000.0, "ref": null, "owner": null, "operator": "SSEN Transmission", "len": 24376.93773075028 }, "geometry": { "type": "LineString", "coordinates": [ [ 232718.095796349807642, 829313.234912990126759 ], [ 231826.32214979530545, 826471.513105570455082 ], [ 230314.018059270601952, 824645.745435913209803 ], [ 229345.257738322165096, 822091.148002314381301 ], [ 229563.586373671336332, 818358.251976973609999 ], [ 229203.321130497875856, 817817.13607920857612 ], [ 229639.151131106511457, 815006.817605569609441 ], [ 231220.774835245218128, 813036.336305975099094 ], [ 231392.534949049470015, 812790.115531669580378 ], [ 231682.11810133207473, 812375.057439432246611 ], [ 231874.201535967848031, 812100.12145562574733 ], [ 232856.665320209751371, 810699.127035109209828 ], [ 234476.296476819203235, 809884.004777828231454 ], [ 235495.204732065758435, 808316.338774179806933 ] ] } },
{ "type": "Feature", "properties": { "location": null, "name": "Beauly-Denny", "phases": null, "osm_id": "495512688", "source": null, "brand": null, "cables": "6", "circuits": "2", "voltage": "400000;275000", "max_voltage": 400000.0, "ref": "ZW", "owner": null, "operator": "SP Energy Networks", "len": 17482.734304400143 }, "geometry": { "type": "LineString", "coordinates": [ [ 284063.747188898036256, 686224.280572521151043 ], [ 285008.773815030581318, 687600.518271925393492 ], [ 285444.547429558937438, 689653.865847324719653 ], [ 284811.821651786623988, 690470.675353985861875 ], [ 283638.834321175934747, 690489.674052065471187 ], [ 282740.519255187187809, 691394.092841064324602 ], [ 282933.104036616859958, 693066.433851418201812 ], [ 281918.999543670215644, 696365.003817343153059 ], [ 281207.456223061599303, 698080.987628136062995 ], [ 281703.880175556871109, 699697.421535098343156 ], [ 281950.362264277180657, 701227.87568846042268 ] ] } },
{ "type": "Feature", "properties": { "location": null, "name": "Beauly-Denny Power Line", "phases": null, "osm_id": "495512691", "source": null, "brand": null, "cables": "6", "circuits": "2", "voltage": "400000;275000", "max_voltage": 400000.0, "ref": "MB", "owner": null, "operator": "SSEN Transmission", "len": 59020.988378484872 }, "geometry": { "type": "LineString", "coordinates": [ [ 279441.520625764562283, 709438.336575881927274 ], [ 281029.510794528119732, 712621.047677412629128 ], [ 283384.919746239378583, 713924.304446185473353 ], [ 285601.256710414076224, 714680.067223028163426 ], [ 287389.413361567538232, 715947.685755483107641 ], [ 287714.79985349153867, 717332.829258510493673 ], [ 287148.900402830156963, 718965.560889753745869 ], [ 288836.553546209295746, 722405.376663424540311 ], [ 289770.02812667080434, 723405.595729974913411 ], [ 291536.955998834804632, 728094.962963803904131 ], [ 291902.918869004584849, 729853.202760179759935 ], [ 289887.781796090130229, 732690.248376409523189 ], [ 289860.124211120419204, 734597.370893846382387 ], [ 288212.85060800059, 737215.062088233302347 ], [ 286883.125938317214604, 737839.303562888293527 ], [ 284647.104115775669925, 740169.206588935339823 ], [ 284055.612121146754362, 742641.424651092966087 ], [ 283044.337116654613055, 743251.268392092431895 ], [ 281892.076464019482955, 744936.845384001382627 ], [ 282450.951507825404406, 746629.955860994174145 ], [ 282246.843930361850653, 747058.125729450606741 ], [ 279981.274354757508263, 747685.857376051135361 ], [ 278975.677522340498399, 748602.412985526723787 ], [ 278908.778038990334608, 748864.729077578755096 ], [ 278846.589350366150029, 749176.195762699469924 ], [ 277164.895876490045339, 750426.041203939239495 ], [ 276866.35312541865278, 751858.254439953016117 ], [ 277578.635140901023988, 753773.403784989262931 ], [ 276993.169635703903623, 755664.048193811438978 ] ] } },
{ "type": "Feature", "properties": { "location": null, "name": null, "phases": null, "osm_id": "495516064", "source": "OS_OpenData_VectorMap_District", "brand": null, "cables": "6", "circuits": "2", "voltage": "275000", "max_voltage": 275000.0, "ref": "ZCN", "owner": null, "operator": "SP Energy Networks", "len": 16077.352559958781 }, "geometry": { "type": "LineString", "coordinates": [ [ 286760.965537102834787, 687069.372664113761857 ], [ 287493.385430306312628, 690019.603587337420322 ], [ 288014.275512232503388, 691615.768928741337731 ], [ 288921.410802171332762, 691807.234645718242973 ], [ 291701.182817168126348, 689522.342377203633077 ], [ 292782.390642800601199, 689681.178761578630656 ], [ 293048.807576233521104, 689723.28998700901866 ], [ 293301.969193911878392, 689761.092675393214449 ], [ 293378.540309155825526, 689772.528894819435664 ], [ 293710.957670353527647, 689822.193984431563877 ], [ 294894.1129074942437, 688524.936515051987953 ], [ 294837.911517635278869, 687699.012541920412332 ], [ 295426.473698300425895, 685561.062896626070142 ] ] } },
{ "type": "Feature", "properties": { "location": null, "name": null, "phases": null, "osm_id": "495618818", "source": "OS_OpenData_VectorMap_District", "brand": null, "cables": "6", "circuits": "2", "voltage": "132000", "max_voltage": 132000.0, "ref": null, "owner": null, "operator": "SSEN Transmission", "len": 1962.2368732199395 }, "geometry": { "type": "LineString", "coordinates": [ [ 265270.054818108910695, 842613.539537444128655 ], [ 265488.184502330143005, 842261.286007650080137 ], [ 265617.012318241526373, 842054.297413019347005 ], [ 265733.205326598719694, 841869.767210032790899 ], [ 266819.046151364862453, 841890.809687033412047 ] ] } },
{ "type": "Feature", "properties": { "location": null, "name": null, "phases": null, "osm_id": "495618824", "source": "OS_OpenData_VectorMap_District", "brand": null, "cables": "6", "circuits": "2", "voltage": "132000", "max_voltage": 132000.0, "ref": null, "owner": null, "operator": "SHETL", "len": 15963.350827777464 }, "geometry": { "type": "LineString", "coordinates": [ [ 250674.831051669985754, 847347.74613518093247 ], [ 250025.131384391890606, 848935.966221066308208 ], [ 249151.464751004969003, 850069.337600565864705 ], [ 248482.140765300136991, 852080.305391544708982 ], [ 245272.301730182109168, 853734.728057201369666 ], [ 243631.629813307168661, 854466.210193440201692 ], [ 243002.025508901366265, 854692.577939696609974 ], [ 239733.614582903392147, 856750.842560011195019 ], [ 239274.967993395228405, 857354.201121186721139 ] ] } },
{ "type": "Feature", "properties": { "location": null, "name": null, "phases": null, "osm_id": "495624572", "source": null, "brand": null, "cables": "6", "circuits": "2", "voltage": "132000", "max_voltage": 132000.0, "ref": null, "owner": null, "operator": null, "len": 3736.447133659407 }, "geometry": { "type": "LineString", "coordinates": [ [ 315558.33557614358142, 955356.078110047383234 ], [ 315511.83984841714846, 955093.967467470094562 ], [ 316949.198533288552426, 951935.392328652087599 ] ] } },
{ "type": "Feature", "properties": { "location": null, "name": null, "phases": null, "osm_id": "495624576", "source": null, "brand": null, "cables": "6", "circuits": "2", "voltage": "275000", "max_voltage": 275000.0, "ref": null, "owner": null, "operator": null, "len": 14529.14385838445 }, "geometry": { "type": "LineString", "coordinates": [ [ 298128.03823864844162, 966536.388474250445142 ], [ 299670.416101815528236, 965123.0506900139153 ], [ 305098.77268992154859, 964807.388222150504589 ], [ 306995.345670700306073, 964545.561752640176564 ], [ 309840.546417040459346, 964502.154691882664338 ], [ 311452.742902939848136, 964628.544248097576201 ], [ 312007.995279646944255, 964909.714597439160571 ] ] } },
{ "type": "Feature", "properties": { "location": null, "name": null, "phases": null, "osm_id": "515643746", "source": "OS_OpenData_VectorMap_District", "brand": null, "cables": "6", "circuits": "2", "voltage": "400000;275000", "max_voltage": 400000.0, "ref": "ZZA", "owner": null, "operator": "National Grid Electricity Transmission", "len": 2394.8452306409445 }, "geometry": { "type": "LineString", "coordinates": [ [ 451812.911773703061044, 523550.120601346716285 ], [ 449418.302920176531188, 523583.767552709905431 ] ] } },
{ "type": "Feature", "properties": { "location": null, "name": null, "phases": null, "osm_id": "534975913", "source": null, "brand": null, "cables": "6", "circuits": "2", "voltage": "132000", "max_voltage": 132000.0, "ref": null, "owner": null, "operator": null, "len": 23879.621263788616 }, "geometry": { "type": "LineString", "coordinates": [ [ 259087.441773862054106, 589399.993565102573484 ], [ 258036.75827638595365, 591439.475668866187334 ], [ 257057.909247879375471, 592983.3190275747329 ], [ 255871.176041081169387, 594478.96361804427579 ], [ 252405.519450903288089, 598167.630068584345281 ], [ 252228.5267522885988, 599127.441491702687927 ], [ 251773.436966012610355, 600676.442623526789248 ], [ 251841.425446073000785, 601962.11841530399397 ], [ 250542.323212077200878, 603938.30824805283919 ], [ 249068.16308757168008, 604734.526694907806814 ], [ 249308.713156511250418, 605582.097694082651287 ], [ 251122.89639105295646, 606287.101776357972994 ], [ 251384.858254944818327, 607066.09889504709281 ], [ 252134.851680781808682, 608027.349246017984115 ] ] } },
{ "type": "Feature", "properties": { "location": null, "name": null, "phases": null, "osm_id": "552008655", "source": null, "brand": null, "cables": "3", "circuits": null, "voltage": "132000", "max_voltage": 132000.0, "ref": null, "owner": null, "operator": null, "len": 26242.998277395371 }, "geometry": { "type": "LineString", "coordinates": [ [ 361645.442653613281436, 761130.477813110454008 ], [ 361457.59931333741406, 759937.223363280878402 ], [ 360069.851204556878656, 757189.73559462337289 ], [ 359310.562289115216117, 755106.501773136551492 ], [ 356176.461110430012923, 751220.731066138716415 ], [ 355037.342217353230808, 750462.386290274444036 ], [ 354296.232810561079532, 749099.345178382471204 ], [ 352317.66168238496175, 746394.98368543817196 ], [ 350651.044005626812577, 742780.396910308976658 ], [ 348012.060150373610668, 739139.897054652916268 ] ] } },
{ "type": "Feature", "properties": { "location": null, "name": null, "phases": null, "osm_id": "567187950", "source": "OS_OpenData_VectorMap_District", "brand": null, "cables": "6", "circuits": "2", "voltage": "275000", "max_voltage": 275000.0, "ref": null, "owner": null, "operator": "Scottish Hydro", "len": 10275.895726849727 }, "geometry": { "type": "LineString", "coordinates": [ [ 298015.023360107908957, 966583.022202735533938 ], [ 297527.947193750995211, 964854.868675759295002 ], [ 295227.62116278486792, 963189.867502003908157 ], [ 290769.177911805047188, 959734.399280922953039 ] ] } },
{ "type": "Feature", "properties": { "location": null, "name": null, "phases": null, "osm_id": "570087445", "source": null, "brand": null, "cables": "6", "circuits": "2", "voltage": "132000", "max_voltage": 132000.0, "ref": null, "owner": null, "operator": null, "len": 7156.9051621154304 }, "geometry": { "type": "LineString", "coordinates": [ [ 230461.556985614122823, 672464.325739927007817 ], [ 229664.878511003800668, 673871.443365530110896 ], [ 229050.878052521438804, 674086.239844762836583 ], [ 227144.44625007189461, 674055.928551701596007 ], [ 226212.764154819247779, 674685.649995888466947 ], [ 224387.196128418669105, 675032.430408493615687 ] ] } },
{ "type": "Feature", "properties": { "location": null, "name": null, "phases": null, "osm_id": "576867061", "source": null, "brand": null, "cables": "6", "circuits": "2", "voltage": "275000", "max_voltage": 275000.0, "ref": "PHG", "owner": null, "operator": "National Grid Electricity Transmission", "len": 22350.007351391709 }, "geometry": { "type": "LineString", "coordinates": [ [ 433663.031564381497446, 459586.717130556586199 ], [ 434803.500157879723702, 459187.952669508755207 ], [ 436519.009357497096062, 457852.405037126503885 ], [ 436823.588306503137574, 456534.171996643417515 ], [ 438378.919750771543477, 452532.07020873145666 ], [ 441419.41689760715235, 451294.616635364596732 ], [ 442843.908973331970628, 450339.839868549956009 ], [ 443677.684892170189414, 446971.776373801985756 ], [ 444232.359531174006406, 446063.996524028596468 ], [ 443704.224408424634021, 443747.992949406965636 ], [ 443595.554802794591524, 442337.644869154668413 ] ] } },
{ "type": "Feature", "properties": { "location": null, "name": "Richborough Connection", "phases": null, "osm_id": "606841176", "source": null, "brand": null, "cables": "6", "circuits": "2", "voltage": "400000", "max_voltage": 400000.0, "ref": "PC", "owner": null, "operator": "National Grid Electricity Transmission", "len": 20331.960527447605 }, "geometry": { "type": "LineString", "coordinates": [ [ 616161.086087449686602, 159705.953522916679503 ], [ 616806.975300929625519, 160363.607825790531933 ], [ 616384.239364548120648, 161730.651313634356484 ], [ 617783.583872321993113, 162195.25844232889358 ], [ 619507.63844766956754, 162398.652621886576526 ], [ 620234.93842274195049, 163107.318845311005134 ], [ 621818.264155878685415, 163341.667203405464534 ], [ 622992.503793661133386, 164186.748105687845964 ], [ 624636.864775581983849, 164548.08469557389617 ], [ 627055.301978015690111, 164283.517367045918945 ], [ 627377.254815652617253, 164248.287729742063675 ], [ 627809.133966556517407, 164202.204779215157032 ], [ 628121.527694809017703, 164168.076474246860016 ], [ 628401.419908313197084, 164138.818864680011757 ], [ 632530.839325384353288, 161914.01701385556953 ], [ 633035.969488524016924, 162118.868452254071599 ] ] } },
{ "type": "Feature", "properties": { "location": null, "name": null, "phases": null, "osm_id": "624242828", "source": null, "brand": null, "cables": "6", "circuits": "2", "voltage": "275000", "max_voltage": 275000.0, "ref": null, "owner": null, "operator": null, "len": 10440.267633311871 }, "geometry": { "type": "LineString", "coordinates": [ [ 312217.950004531245213, 964911.433302096556872 ], [ 312595.000776482222136, 963183.456345573533326 ], [ 313183.926054457027931, 962165.196217157645151 ], [ 314313.132297039381228, 961080.991155532188714 ], [ 314440.871242330409586, 956892.319580224808306 ], [ 315305.695852426753845, 955383.301102249417454 ] ] } },
{ "type": "Feature", "properties": { "location": null, "name": null, "phases": null, "osm_id": "624242838", "source": "OS_OpenData_VectorMap_District", "brand": null, "cables": "6", "circuits": "2", "voltage": "275000", "max_voltage": 275000.0, "ref": null, "owner": null, "operator": "Scottish Hydro", "len": 57972.127957937948 }, "geometry": { "type": "LineString", "coordinates": [ [ 290734.529516193084419, 959664.424803406232968 ], [ 290060.370458117162343, 959071.864634956466034 ], [ 289565.824879978783429, 955302.02992606558837 ], [ 289852.759589667839464, 952114.20159331895411 ], [ 290134.924152122111991, 950397.61903780233115 ], [ 290198.147119390661828, 947084.138302281498909 ], [ 289536.653141261776909, 945506.373682516510598 ], [ 290130.642013556906022, 943522.116753632668406 ], [ 290016.438637019717135, 939917.101759065873921 ], [ 289009.069347104406916, 934243.367624087724835 ], [ 288460.599183777172584, 933146.77266934432555 ], [ 289860.478385268535931, 925805.8257742295973 ], [ 290280.036911027214956, 923237.879887056071311 ], [ 290731.237325539404992, 921825.114794332068413 ], [ 286417.245893586718012, 918841.874351422884502 ], [ 285158.961607181758154, 916328.134389418177307 ], [ 284018.727336299896706, 913713.055331379524432 ], [ 282220.841306786169298, 909949.615466822287999 ], [ 280851.973544051928911, 909291.413048072368838 ], [ 278847.307487510610372, 907825.331392004503869 ] ] } },
{ "type": "Feature", "properties": { "location": null, "name": null, "phases": null, "osm_id": "624249348", "source": null, "brand": null, "cables": "3", "circuits": null, "voltage": "132000", "max_voltage": 132000.0, "ref": null, "owner": null, "operator": null, "len": 11503.297518640629 }, "geometry": { "type": "LineString", "coordinates": [ [ 290430.558287513558753, 959575.085733162006363 ], [ 288611.545292490569409, 960932.402912883786485 ], [ 288197.016954535618424, 962014.798084765439853 ], [ 287086.702290247310884, 963238.042529799276963 ], [ 285051.903547291061841, 962941.212549053831026 ], [ 283508.918052495399024, 962380.803139084251598 ], [ 283100.866323620313779, 961884.433573988964781 ], [ 282661.206097145448439, 959849.258815889246762 ] ] } },
{ "type": "Feature", "properties": { "location": null, "name": null, "phases": null, "osm_id": "624251831", "source": "OS_OpenData_VectorMap_District", "brand": null, "cables": "6", "circuits": "2", "voltage": "132000", "max_voltage": 132000.0, "ref": null, "owner": null, "operator": "SSEN Transmission", "len": 2031.0869198545013 }, "geometry": { "type": "LineString", "coordinates": [ [ 264138.83914631488733, 872736.875843090354465 ], [ 263206.859006826882251, 870932.235409207758494 ] ] } },
{ "type": "Feature", "properties": { "location": null, "name": null, "phases": null, "osm_id": "624256370", "source": "OS_OpenData_VectorMap_District", "brand": null, "cables": "6", "circuits": "2", "voltage": "132000", "max_voltage": 132000.0, "ref": null, "owner": null, "operator": "SSEN Transmission", "len": 7387.1691586924453 }, "geometry": { "type": "LineString", "coordinates": [ [ 264547.696665762225166, 898086.619278032565489 ], [ 263275.143228697823361, 898108.539205620414577 ], [ 257372.795365386875346, 897619.822094295173883 ], [ 257238.557354301417945, 897482.715061574825086 ] ] } },
{ "type": "Feature", "properties": { "location": null, "name": null, "phases": null, "osm_id": "624256374", "source": "OS_OpenData_VectorMap_District", "brand": null, "cables": "6", "circuits": "2", "voltage": "275000", "max_voltage": 275000.0, "ref": null, "owner": null, "operator": "SSEN Transmission", "len": 33191.808558536446 }, "geometry": { "type": "LineString", "coordinates": [ [ 265476.964350407768507, 898046.809190874220803 ], [ 264976.258781293523498, 898097.606200931011699 ], [ 261915.244984858669341, 893673.254404460429214 ], [ 259313.704586768930312, 891960.674645760911517 ], [ 259215.143038913753117, 891844.072726675425656 ], [ 258975.736304043675773, 891560.872141783474945 ], [ 258705.655588526278734, 891228.878737800871022 ], [ 259270.995727704343153, 889471.522335723857395 ], [ 261792.117101921030553, 887392.982261816388927 ], [ 261843.773630659969058, 886611.321030968450941 ], [ 263011.101612060971092, 885311.646605451824144 ], [ 264369.213348558230791, 885481.452444495283999 ], [ 264837.689893123460934, 885091.480271074804477 ], [ 265929.85464336827863, 882661.812929242500104 ], [ 266026.775144762941636, 881089.002329652779736 ], [ 265388.938542729301844, 878877.383895184844732 ], [ 263536.942377854138613, 876256.780954783665948 ], [ 263263.362484606914222, 874367.639239239739254 ], [ 263942.363198531675152, 872527.838358860462904 ] ] } },
{ "type": "Feature", "properties": { "location": null, "name": null, "phases": null, "osm_id": "624794790", "source": null, "brand": null, "cables": "6", "circuits": null, "voltage": "132000", "max_voltage": 132000.0, "ref": null, "owner": null, "operator": null, "len": 1121.8009411851385 }, "geometry": { "type": "LineString", "coordinates": [ [ 289330.919418069534004, 904986.27194889599923 ], [ 288841.008507910592016, 905995.442227764287964 ] ] } },
{ "type": "Feature", "properties": { "location": null, "name": null, "phases": null, "osm_id": "624794792", "source": "OS_OpenData_VectorMap_District", "brand": null, "cables": "6", "circuits": "2", "voltage": "132000", "max_voltage": 132000.0, "ref": null, "owner": null, "operator": null, "len": 38537.007887215637 }, "geometry": { "type": "LineString", "coordinates": [ [ 315908.029166119580623, 931666.533781686681323 ], [ 315223.573294174217153, 929606.491892591584474 ], [ 313765.697238911816385, 927273.350885809864849 ], [ 312597.773336950747762, 925644.363704340299591 ], [ 311978.423267088481225, 924416.088507603039034 ], [ 309866.634280883648898, 922409.222669177222997 ], [ 309114.189430047408678, 920890.32440372009296 ], [ 305985.034113026107661, 918535.619915142422542 ], [ 302650.819907239754684, 916743.535723078297451 ], [ 300611.294794667453971, 913556.363900382886641 ], [ 294937.46878007624764, 910852.906527021783404 ], [ 290176.569220592675265, 906598.074510442093015 ], [ 288830.539665350108407, 906004.011201199144125 ] ] } },
{ "type": "Feature", "properties": { "location": null, "name": null, "phases": null, "osm_id": "624794794", "source": "OS_OpenData_VectorMap_District", "brand": null, "cables": "6", "circuits": "2", "voltage": "132000", "max_voltage": 132000.0, "ref": null, "owner": null, "operator": null, "len": 20866.940655671784 }, "geometry": { "type": "LineString", "coordinates": [ [ 316958.634709321835544, 951714.996661041630432 ], [ 316987.877310071780812, 950164.066154835745692 ], [ 317535.61493885825621, 949806.311209173174575 ], [ 317787.237321720749605, 944541.807250392157584 ], [ 318265.157545182912145, 941211.045658069197088 ], [ 318495.387368040683214, 938572.418672402272932 ], [ 316725.376443499349989, 934125.057864987407811 ], [ 315908.029166119580623, 931666.533781686681323 ] ] } },
{ "type": "Feature", "properties": { "location": null, "name": null, "phases": null, "osm_id": "625372388", "source": "OS_OpenData_VectorMap_District", "brand": null, "cables": "3", "circuits": "1", "voltage": "132000", "max_voltage": 132000.0, "ref": null, "owner": null, "operator": null, "len": 8923.8418995634875 }, "geometry": { "type": "LineString", "coordinates": [ [ 237755.650658192636911, 840698.109489109017886 ], [ 236559.203077134152409, 840079.198835464543663 ], [ 234005.744816657796036, 840317.989089242066257 ], [ 229671.152120086480863, 839066.355166379362345 ], [ 229243.668787122995127, 838806.027579223620705 ] ] } },
{ "type": "Feature", "properties": { "location": null, "name": null, "phases": null, "osm_id": "625372392", "source": "OS_OpenData_VectorMap_District", "brand": null, "cables": "6", "circuits": "2", "voltage": "132000", "max_voltage": 132000.0, "ref": null, "owner": null, "operator": "SSEN Transmission", "len": 1209.900888824747 }, "geometry": { "type": "LineString", "coordinates": [ [ 250622.347005568764871, 844843.071588984224945 ], [ 249412.446122948866105, 844843.194122664397582 ] ] } },
{ "type": "Feature", "properties": { "location": null, "name": null, "phases": null, "osm_id": "625372400", "source": "OS_OpenData_VectorMap_District", "brand": null, "cables": "6", "circuits": "2", "voltage": "132000", "max_voltage": 132000.0, "ref": null, "owner": null, "operator": null, "len": 4094.6927457720772 }, "geometry": { "type": "LineString", "coordinates": [ [ 234680.103580533526838, 863448.392201704671606 ], [ 233277.25406125394511, 863321.675064939423464 ], [ 231108.258660299208714, 862799.750093297916465 ], [ 230981.971747481875354, 862362.393176443292759 ] ] } },
{ "type": "Feature", "properties": { "location": null, "name": null, "phases": null, "osm_id": "629590239", "source": "OS_OpenData_VectorMap_District", "brand": null, "cables": "6", "circuits": "2", "voltage": "275000", "max_voltage": 275000.0, "ref": null, "owner": null, "operator": "SSEN Transmission", "len": 16690.620335301806 }, "geometry": { "type": "LineString", "coordinates": [ [ 250750.347345019050408, 844622.219463403453119 ], [ 251202.725154153653421, 844381.022295562666841 ], [ 252928.889220841723727, 844447.48319341451861 ], [ 254232.875184910139069, 844793.182372409850359 ], [ 255668.483829512784723, 844721.228135590441525 ], [ 257714.671715967851924, 844863.749153622891754 ], [ 259377.240857571916422, 844730.498994318768382 ], [ 262469.583601651713252, 842681.85297689109575 ], [ 262651.010933638259303, 842243.760333636426367 ], [ 265676.880536979297176, 840009.311783261829987 ] ] } },
{ "type": "Feature", "properties": { "location": null, "name": "Scottish-Hydro Fort Augustus-?", "phases": null, "osm_id": "630023806", "source": "OS_OpenData_VectorMap_District", "brand": null, "cables": "6", "circuits": "2", "voltage": "132000", "max_voltage": 132000.0, "ref": null, "owner": null, "operator": "Scottish and Southern Electricity Networks", "len": 6231.8094334265188 }, "geometry": { "type": "LineString", "coordinates": [ [ 235407.183667110279202, 808602.8495589006925 ], [ 234259.504090314585483, 810309.272276922827587 ], [ 232953.657818775594933, 810962.630421153036878 ], [ 231390.905646730854642, 813182.979931190377101 ] ] } },
{ "type": "Feature", "properties": { "location": null, "name": "Beauly-Denny Power Line", "phases": null, "osm_id": "630053199", "source": null, "brand": null, "cables": "6", "circuits": "2", "voltage": "400000;275000", "max_voltage": 400000.0, "ref": "GM", "owner": null, "operator": "SSE Power Distribution", "len": 75646.341623451837 }, "geometry": { "type": "LineString", "coordinates": [ [ 275848.243551344028674, 759039.360311085474677 ], [ 275671.522387672157492, 759339.186403328669257 ], [ 275385.553455837885849, 759660.324144858052023 ], [ 275181.213162101688795, 759882.848110605031252 ], [ 272549.617507571238093, 761885.300463232561015 ], [ 271757.849210035230499, 763358.05285531678237 ], [ 272743.434430874302052, 767324.336429434246384 ], [ 272245.512180149147753, 769341.203494279063307 ], [ 271429.294473123271018, 770858.71749440941494 ], [ 269792.950234001269564, 771693.755761346779764 ], [ 267126.779456534306519, 771901.424220052314922 ], [ 264704.253302919911221, 773372.913434694171883 ], [ 263750.362142860132735, 774678.844249331625178 ], [ 262644.874948186334223, 777504.823769836686552 ], [ 262619.09961875830777, 778271.222315451246686 ], [ 264009.91982361197006, 781677.908469957532361 ], [ 264103.290148105414119, 783653.709885845659301 ], [ 264883.377835142891854, 785754.169631798751652 ], [ 263382.233481892151758, 788375.777320088935085 ], [ 261424.623442068143049, 788327.970001544104889 ], [ 257575.279429176007397, 789990.633885850664228 ], [ 254450.31959091644967, 789959.06361519289203 ], [ 254261.299190276011359, 790226.916071140673012 ], [ 253481.532082941906992, 794476.55998266802635 ], [ 252721.801418422866846, 795078.721757985884324 ], [ 250173.351551325846231, 795743.517371788388118 ], [ 244856.839176235313062, 796651.357449567061849 ], [ 243529.439005792402895, 798160.207292501698248 ], [ 241104.775568011682481, 798601.202321789343841 ], [ 240305.137518572853878, 798968.17537680384703 ], [ 239641.068280835141195, 799753.271992015419528 ], [ 238151.775229560007574, 800946.914794523618184 ], [ 236713.87427235787618, 805606.543315918184817 ], [ 237010.259853509953246, 806468.522419678396545 ], [ 236670.963120280241128, 807426.281332103302702 ] ] } },
{ "type": "Feature", "properties": { "location": null, "name": null, "phases": null, "osm_id": "630053202", "source": "OS_OpenData_VectorMap_District", "brand": null, "cables": "9", "circuits": "3", "voltage": "33000;132000;132000", "max_voltage": 132000.0, "ref": null, "owner": null, "operator": null, "len": 10210.581627856294 }, "geometry": { "type": "LineString", "coordinates": [ [ 275837.00542554439744, 759201.822826447430998 ], [ 275414.071050412836485, 759713.764633314334787 ], [ 275123.073122321278788, 759759.406951827928424 ], [ 274926.285068434954155, 759790.282501439214684 ], [ 274414.486996674560942, 759870.629412826267071 ], [ 270695.135342405759729, 759749.168190017226152 ], [ 269089.001182444219012, 758756.46437585784588 ], [ 266173.857217186538037, 758999.151643532677554 ] ] } },
{ "type": "Feature", "properties": { "location": null, "name": null, "phases": null, "osm_id": "630053210", "source": "OS_OpenData_VectorMap_District", "brand": null, "cables": "6", "circuits": "2", "voltage": "275000", "max_voltage": 275000.0, "ref": "ZD", "owner": null, "operator": "SP Energy Networks", "len": 23730.456525285066 }, "geometry": { "type": "LineString", "coordinates": [ [ 282355.742101395386271, 684056.518420539912768 ], [ 282706.282283375854604, 682757.686562571907416 ], [ 281970.33129173371708, 681703.22382744634524 ], [ 280118.831713672610931, 681118.130395921645686 ], [ 276081.6773469998152, 679056.671950092655607 ], [ 275748.592673491395544, 678325.529276732821018 ], [ 274065.256473256857134, 677674.136222427012399 ], [ 273201.306109137949534, 675217.114472014713101 ], [ 272112.122848490136676, 674533.243096423335373 ], [ 272091.193631956237368, 671427.078994902665727 ], [ 271399.081814668723382, 670799.581471682991832 ], [ 270966.334446790744551, 668633.856395595124923 ], [ 271267.031124665751122, 668072.980365744559094 ], [ 270521.537544337217696, 667081.946134984493256 ] ] } },
{ "type": "Feature", "properties": { "location": null, "name": null, "phases": null, "osm_id": "630217227", "source": "OS_OpenData_VectorMap_District", "brand": null, "cables": "6", "circuits": "2", "voltage": "275000", "max_voltage": 275000.0, "ref": "XS", "owner": null, "operator": "SSEN Transmission", "len": 31690.926171492283 }, "geometry": { "type": "LineString", "coordinates": [ [ 378877.850642218603753, 786038.707795523689128 ], [ 379066.104639752709772, 788493.196426040725783 ], [ 378786.670498389692511, 790116.964724237681367 ], [ 379068.257755748985801, 791038.253946620970964 ], [ 379157.109395184612367, 792780.066582122817636 ], [ 377453.130935010267422, 794507.345648334710859 ], [ 376648.729027725872584, 796559.592630970058963 ], [ 374375.826900976535399, 800652.632056223927066 ], [ 373323.938788499508519, 804499.62383915274404 ], [ 372960.508971682924312, 805006.063537199981511 ], [ 372748.723927920334972, 805301.22506245248951 ], [ 372548.458481633279007, 805580.368092929944396 ], [ 371852.672148857847787, 807469.760924724163488 ], [ 372790.048333985847421, 809509.433560584904626 ], [ 374107.40386734623462, 810632.141311673796736 ], [ 375801.143315744411666, 813322.319946646341123 ], [ 376653.84624223888386, 813977.552060836693272 ] ] } },
{ "type": "Feature", "properties": { "location": null, "name": null, "phases": null, "osm_id": "630347194", "source": "OS_OpenData_VectorMap_District", "brand": null, "cables": "6", "circuits": "2", "voltage": "275000", "max_voltage": 275000.0, "ref": "YT", "owner": null, "operator": "SSEN Transmission", "len": 16469.629848286877 }, "geometry": { "type": "LineString", "coordinates": [ [ 339906.477107351704035, 737103.537308468017727 ], [ 339409.284832128032576, 738802.515851060627028 ], [ 338801.54703964793589, 738985.688997664488852 ], [ 335346.301513425656594, 738984.586267477599904 ], [ 334987.995474650990218, 739545.953290287056006 ], [ 333782.509276138676796, 740047.858879295643419 ], [ 332970.203389640140813, 740932.598819173173979 ], [ 332340.747531970904674, 742781.532696371432394 ], [ 330191.811820848495699, 744649.454392369487323 ], [ 328875.998855308978818, 746933.699931312701665 ] ] } },
{ "type": "Feature", "properties": { "location": null, "name": null, "phases": null, "osm_id": "630347196", "source": null, "brand": null, "cables": "6", "circuits": "2", "voltage": "275000", "max_voltage": 275000.0, "ref": "XT", "owner": null, "operator": "SSEN Transmission", "len": 101340.2031067466 }, "geometry": { "type": "LineString", "coordinates": [ [ 339952.678230977558997, 737126.480478363344446 ], [ 340569.094303970050532, 741126.698479788377881 ], [ 342352.757560862752143, 744272.916457688901573 ], [ 342494.544709461333696, 748566.888187442906201 ], [ 343085.036956388095859, 751807.119146932265721 ], [ 346910.12019550066907, 753327.04485603608191 ], [ 351219.18480105715571, 755445.011852090712637 ], [ 353523.757848716864828, 756690.320321251172572 ], [ 354799.01428658561781, 757646.169060723041184 ], [ 357023.942442161729559, 759828.900360892526805 ], [ 357934.857888907718007, 761835.980273201363161 ], [ 359256.255694637366105, 763005.525259118294343 ], [ 360334.105892027262598, 762700.582313179620542 ], [ 362016.828784396697301, 763869.428663873812184 ], [ 363427.597384775464889, 764566.521894484758377 ], [ 364324.564417074201629, 765914.228917540400289 ], [ 367369.954179684806149, 767036.862471727654338 ], [ 372413.169481846969575, 769681.755352440406568 ], [ 374284.100428348407149, 772772.524225704721175 ], [ 376797.936088124988601, 775774.082379456725903 ], [ 380580.551078640040942, 779038.474200786440633 ], [ 382596.990653223649133, 784495.267717608367093 ], [ 382746.933603543031495, 787144.618540514376946 ], [ 382218.872119291801937, 789968.507513888878748 ], [ 382826.061459396150894, 794965.434360311250202 ], [ 381655.028874355193693, 801033.479276546277106 ], [ 381904.037017051305156, 802744.94305008824449 ], [ 381946.573726334725507, 803054.27620203664992 ], [ 381994.441451460355893, 803382.099406777415425 ], [ 382061.529513650690205, 803853.422831567469984 ], [ 382077.948082643793896, 803977.842940495931543 ], [ 382124.093593097175471, 804297.170442281523719 ], [ 380954.111246056330856, 807786.362145628081635 ], [ 379289.727175181324128, 808944.313205293263309 ], [ 376867.777412068855483, 811646.576787349535152 ], [ 376461.179159097606316, 813731.412856676150113 ], [ 377020.714992761611938, 814197.303523567505181 ] ] } },
{ "type": "Feature", "properties": { "location": null, "name": null, "phases": null, "osm_id": "630355681", "source": "OS_OpenData_VectorMap_District", "brand": null, "cables": "6", "circuits": "2", "voltage": "132000", "max_voltage": 132000.0, "ref": null, "owner": null, "operator": null, "len": 17748.192523346428 }, "geometry": { "type": "LineString", "coordinates": [ [ 340045.44841023121262, 736908.308419045759365 ], [ 340295.753396937332582, 736812.190448136301711 ], [ 340532.863935304980259, 737428.436845926451497 ], [ 341009.251972915662918, 737855.78325238940306 ], [ 341035.673724617692642, 739257.174361622426659 ], [ 342136.150689139438327, 741930.025550322374329 ], [ 343366.682372043083888, 744521.317572149913758 ], [ 345603.303807936084922, 745990.954790282994509 ], [ 347674.830531849525869, 750487.053728096652776 ], [ 347022.385300744674169, 751717.119309387053363 ] ] } },
{ "type": "Feature", "properties": { "location": null, "name": null, "phases": null, "osm_id": "630355685", "source": "OS_OpenData_VectorMap_District", "brand": null, "cables": "6", "circuits": "2", "voltage": "132000", "max_voltage": 132000.0, "ref": null, "owner": null, "operator": null, "len": 6320.8909584292696 }, "geometry": { "type": "LineString", "coordinates": [ [ 340197.069567633094266, 736703.709528055624105 ], [ 343458.137138450052589, 733862.340531682944857 ], [ 343128.20756941603031, 731894.179150215117261 ] ] } },
{ "type": "Feature", "properties": { "location": null, "name": null, "phases": null, "osm_id": "630511386", "source": "OS_OpenData_VectorMap_District", "brand": null, "cables": "6", "circuits": "2", "voltage": "132000", "max_voltage": 132000.0, "ref": null, "owner": null, "operator": null, "len": 16516.117715237368 }, "geometry": { "type": "LineString", "coordinates": [ [ 344120.801811855228152, 850940.35769306588918 ], [ 346662.445791297126561, 853365.124139902647585 ], [ 348685.759968280501198, 856016.523794626467861 ], [ 348912.740202989894897, 858293.198212919174694 ], [ 350002.808732553152367, 861332.978354504681192 ], [ 350560.226463564613368, 863807.44015587749891 ], [ 351615.724603046895936, 865028.984644548851065 ] ] } },
{ "type": "Feature", "properties": { "location": null, "name": null, "phases": null, "osm_id": "630752912", "source": "OS_OpenData_VectorMap_District", "brand": null, "cables": "6", "circuits": "2", "voltage": "275000", "max_voltage": 275000.0, "ref": null, "owner": null, "operator": "SSEN Transmission", "len": 40709.183103589348 }, "geometry": { "type": "LineString", "coordinates": [ [ 349166.576024855079595, 840524.201342959073372 ], [ 350399.527016153675504, 840263.452017847797833 ], [ 354334.082044398994185, 837766.83805781067349 ], [ 356640.81919006613316, 835696.198116569546983 ], [ 359612.006116601754911, 834278.824213995365426 ], [ 362019.638644401682541, 834138.776745485025458 ], [ 365705.225131384853739, 832072.338014728738926 ], [ 369420.981042122759391, 828509.604059663135558 ], [ 371763.228538432798814, 824358.41184365877416 ], [ 374739.269090782734565, 820321.667864365503192 ], [ 374458.264650230179541, 818135.237371255643666 ], [ 376273.989030388765968, 814251.234524799627252 ], [ 376610.467620586510748, 814209.133077677572146 ] ] } },
{ "type": "Feature", "properties": { "location": null, "name": null, "phases": null, "osm_id": "630954600", "source": "OS_OpenData_VectorMap_District", "brand": null, "cables": "6", "circuits": "2", "voltage": "132000", "max_voltage": 132000.0, "ref": null, "owner": null, "operator": "SSEN Transmission", "len": 28239.956959153486 }, "geometry": { "type": "LineString", "coordinates": [ [ 262914.024686969118193, 869892.145413359277882 ], [ 260635.628741719410755, 868238.721468220115639 ], [ 258859.002168262581108, 867291.093213298008777 ], [ 258358.175123966590036, 864716.03955130954273 ], [ 257154.619382844131906, 863289.568629433750175 ], [ 253874.554323153191945, 860145.828319879597984 ], [ 253970.426380279823206, 857050.010387332178652 ], [ 252785.088950308272615, 854314.052253377740271 ], [ 251679.867340622149641, 850962.623070064582862 ], [ 251856.672576374461642, 849537.541657279827632 ], [ 251803.238406988210045, 847618.965819264180027 ], [ 251242.163703030673787, 846319.986361732822843 ] ] } },
{ "type": "Feature", "properties": { "location": null, "name": null, "phases": null, "osm_id": "631928752", "source": "OS_OpenData_VectorMap_District", "brand": null, "cables": "6", "circuits": null, "voltage": "132000", "max_voltage": 132000.0, "ref": null, "owner": null, "operator": null, "len": 6146.244484226675 }, "geometry": { "type": "LineString", "coordinates": [ [ 407150.240558259712998, 852966.342371446196921 ], [ 404982.164198782236781, 854883.100577460718341 ], [ 403595.750206926488318, 856688.915688795619644 ], [ 403159.532853344106115, 857561.699364038766362 ] ] } },
{ "type": "Feature", "properties": { "location": null, "name": null, "phases": null, "osm_id": "631928758", "source": "OS_OpenData_VectorMap_District", "brand": null, "cables": "6", "circuits": null, "voltage": "132000", "max_voltage": 132000.0, "ref": null, "owner": null, "operator": null, "len": 5952.0909364564304 }, "geometry": { "type": "LineString", "coordinates": [ [ 407254.629605510213878, 852876.036368629196659 ], [ 408739.710561164421961, 851025.748515424551442 ], [ 410717.001357509929221, 848041.895557296345942 ] ] } },
{ "type": "Feature", "properties": { "location": null, "name": null, "phases": null, "osm_id": "631928762", "source": "OS_OpenData_VectorMap_District", "brand": null, "cables": "6", "circuits": null, "voltage": "132000", "max_voltage": 132000.0, "ref": null, "owner": null, "operator": null, "len": 2078.1998218035965 }, "geometry": { "type": "LineString", "coordinates": [ [ 409136.428560384199955, 853786.690578647539951 ], [ 407239.192914785584435, 852938.50934541109018 ] ] } },
{ "type": "Feature", "properties": { "location": null, "name": null, "phases": null, "osm_id": "631928764", "source": "OS_OpenData_VectorMap_District", "brand": null, "cables": "6", "circuits": null, "voltage": "132000", "max_voltage": 132000.0, "ref": null, "owner": null, "operator": null, "len": 1823.722024202568 }, "geometry": { "type": "LineString", "coordinates": [ [ 408560.070936237694696, 854193.450144936796278 ], [ 407217.884179304819554, 852958.745025859563611 ] ] } },
{ "type": "Feature", "properties": { "location": null, "name": "MAG1 & 2", "phases": null, "osm_id": "632245752", "source": "OS_OpenData_VectorMap_District", "brand": null, "cables": "7", "circuits": "2", "voltage": "132000", "max_voltage": 132000.0, "ref": "LT 183", "owner": null, "operator": "SSEN Transmission", "len": 16738.145763268865 }, "geometry": { "type": "LineString", "coordinates": [ [ 250703.500307583803078, 844592.714131613378413 ], [ 250993.348519509017933, 844344.721136654727161 ], [ 252933.934934063028777, 844417.627299664891325 ], [ 254238.129391221795231, 844761.192799195181578 ], [ 256537.376233648043126, 844647.398832690902054 ], [ 259284.122940669913078, 844670.642162399948575 ], [ 262446.889152169693261, 842664.280303787207231 ], [ 262806.007307508320082, 841786.74712420871947 ], [ 265528.438157506636344, 839880.456216242047958 ] ] } },
{ "type": "Feature", "properties": { "location": null, "name": null, "phases": null, "osm_id": "632257943", "source": "OS 1:25k;OS_OpenData_VectorMap_District", "brand": null, "cables": "6", "circuits": "2", "voltage": "132000;33000", "max_voltage": 132000.0, "ref": null, "owner": null, "operator": null, "len": 2701.4809255364162 }, "geometry": { "type": "LineString", "coordinates": [ [ 319402.003125205461401, 834808.332444043480791 ], [ 321098.632150257297326, 836910.581036001327448 ] ] } },
{ "type": "Feature", "properties": { "location": null, "name": null, "phases": null, "osm_id": "632257948", "source": "OS_OpenData_VectorMap_District", "brand": null, "cables": "6", "circuits": "2", "voltage": "132000", "max_voltage": 132000.0, "ref": null, "owner": null, "operator": "SSEN Transmission", "len": 2284.5653109829846 }, "geometry": { "type": "LineString", "coordinates": [ [ 249412.446122948866105, 844843.194122664397582 ], [ 248320.120645293558482, 844737.161081335507333 ], [ 247278.54004426515894, 844167.661820490960963 ] ] } },
{ "type": "Feature", "properties": { "location": null, "name": null, "phases": null, "osm_id": "632262209", "source": "OS_OpenData_VectorMap_District", "brand": null, "cables": "6", "circuits": "2", "voltage": "132000", "max_voltage": 132000.0, "ref": null, "owner": null, "operator": null, "len": 10448.99893610561 }, "geometry": { "type": "LineString", "coordinates": [ [ 247278.54004426515894, 844167.661820490960963 ], [ 242152.563637731858762, 842394.962920405785553 ], [ 241019.17158602309064, 841240.682148009655066 ], [ 238758.374635980435414, 841254.240492244483903 ], [ 237755.650658192636911, 840698.109489109017886 ] ] } },
{ "type": "Feature", "properties": { "location": null, "name": null, "phases": null, "osm_id": "632289511", "source": "OS_OpenData_VectorMap_District", "brand": null, "cables": "6", "circuits": null, "voltage": "132000;33000", "max_voltage": 132000.0, "ref": null, "owner": null, "operator": null, "len": 9055.0902197012656 }, "geometry": { "type": "LineString", "coordinates": [ [ 212311.442377035768004, 774120.597541329101659 ], [ 211162.071093730104621, 773944.877856207895093 ], [ 209869.432677970442455, 771732.206728023360483 ], [ 209408.503530729620252, 770502.367778756073676 ], [ 209524.846680079295766, 766487.648324958863668 ] ] } },
{ "type": "Feature", "properties": { "location": null, "name": null, "phases": null, "osm_id": "632298526", "source": null, "brand": null, "cables": "3", "circuits": "1", "voltage": "132000", "max_voltage": 132000.0, "ref": null, "owner": null, "operator": "Scottish and Southern Electricity Networks", "len": 17505.441954986884 }, "geometry": { "type": "LineString", "coordinates": [ [ 127659.648251654987689, 847157.650172906927764 ], [ 127612.399908697756473, 849255.511540364124812 ], [ 127777.528810086776502, 850517.679838897078298 ], [ 128473.455464589991607, 851266.428162488969974 ], [ 127971.588692015910055, 851770.97789240127895 ], [ 127411.870759377779905, 854289.022953049396165 ], [ 127328.087465628050268, 856440.534239287371747 ], [ 126013.350137491826899, 857940.951000160654075 ], [ 124960.204674001317471, 859932.152135244687088 ], [ 123911.226896074949764, 860561.765275261015631 ], [ 123266.637975358753465, 861438.907456508488394 ], [ 122217.403298840450589, 861082.316571149858646 ] ] } },
{ "type": "Feature", "properties": { "location": null, "name": null, "phases": null, "osm_id": "632660899", "source": "OS_OpenData_VectorMap_District", "brand": null, "cables": "9", "circuits": null, "voltage": "33000;132000;132000", "max_voltage": 132000.0, "ref": null, "owner": null, "operator": null, "len": 13055.987972229246 }, "geometry": { "type": "LineString", "coordinates": [ [ 265881.856754576205276, 758996.543638498755172 ], [ 264951.539390732941683, 758985.310824472573586 ], [ 263272.854899135010783, 759339.585345093626529 ], [ 260655.801715637324378, 759207.17950924357865 ], [ 257820.679585885052802, 758083.995104124187492 ], [ 256804.607749367773067, 757960.710134619963355 ], [ 253103.40370376361534, 758297.724920621374622 ] ] } },
{ "type": "Feature", "properties": { "location": null, "name": null, "phases": null, "osm_id": "632664669", "source": null, "brand": null, "cables": "6", "circuits": "2", "voltage": "132000", "max_voltage": 132000.0, "ref": null, "owner": null, "operator": null, "len": 14921.825413006205 }, "geometry": { "type": "LineString", "coordinates": [ [ 277036.223873226146679, 759041.994163508410566 ], [ 278344.984264534898102, 758175.383903272915632 ], [ 280136.143406089802738, 758102.412841560551897 ], [ 281333.693453543644864, 758756.887237484450452 ], [ 283064.870944520574994, 758608.970563862822019 ], [ 284920.60815319372341, 759148.242173514445312 ], [ 286841.425023115763906, 759181.564966929960065 ], [ 287389.155801872140728, 759647.185875911032781 ], [ 289859.409684833080973, 760496.632545193657279 ], [ 290919.514605733391363, 759792.630609929910861 ] ] } },
{ "type": "Feature", "properties": { "location": null, "name": null, "phases": null, "osm_id": "632670897", "source": null, "brand": null, "cables": "6", "circuits": "2", "voltage": "132000", "max_voltage": 132000.0, "ref": null, "owner": null, "operator": null, "len": 52491.048221147692 }, "geometry": { "type": "LineString", "coordinates": [ [ 290919.514605733391363, 759792.630609929910861 ], [ 291392.090825411374681, 758481.300576074980199 ], [ 292252.77601032902021, 757191.696217795251869 ], [ 294212.873387989762705, 756618.863699539797381 ], [ 295532.54763056722004, 755276.225795243633911 ], [ 296358.237804829957895, 754062.977207019808702 ], [ 299899.867712090257555, 752340.332660532556474 ], [ 304139.720927505521104, 750570.954979429021478 ], [ 308191.891977494116873, 747093.961738069425337 ], [ 314072.994119840674102, 743640.851559670758434 ], [ 315266.418810857168864, 743051.411259461776353 ], [ 318043.751355013169814, 741106.358082449180074 ], [ 319197.860444856400136, 740692.188415482640266 ], [ 319509.807545568561181, 740580.480264096171595 ], [ 319836.415996664843988, 740464.731222137925215 ], [ 320117.06078324757982, 740363.729355426738039 ], [ 320662.162678931723349, 740170.471147254342213 ], [ 323081.987940180581063, 738105.835998992435634 ], [ 325499.572990037908312, 736562.449612332973629 ], [ 326801.884137922723312, 735461.702975862892345 ], [ 330876.556082527560648, 734719.953760253381915 ], [ 331177.581942298216745, 734777.337180109112523 ], [ 331512.908974585472606, 734842.423761902144179 ], [ 332039.694083947979379, 734942.358466672943905 ], [ 332323.236570161883719, 734992.845422933343798 ], [ 333516.196045393124223, 735221.420273164170794 ], [ 334893.311693480587564, 735242.015614190371707 ] ] } },
{ "type": "Feature", "properties": { "location": null, "name": null, "phases": null, "osm_id": "632670902", "source": null, "brand": null, "cables": "6", "circuits": "2", "voltage": "132000", "max_voltage": 132000.0, "ref": null, "owner": null, "operator": null, "len": 5295.6250194602344 }, "geometry": { "type": "LineString", "coordinates": [ [ 335159.16064212488709, 735251.205016976105981 ], [ 336594.548392562835943, 735268.720389004331082 ], [ 338830.698483815358486, 735741.566496723680757 ], [ 339939.795831362949684, 736859.180281705805101 ] ] } },
{ "type": "Feature", "properties": { "location": null, "name": null, "phases": null, "osm_id": "632670907", "source": null, "brand": null, "cables": "6", "circuits": "2", "voltage": "132000", "max_voltage": 132000.0, "ref": null, "owner": null, "operator": null, "len": 3690.7936404834049 }, "geometry": { "type": "LineString", "coordinates": [ [ 335734.419053939927835, 731828.556233682786115 ], [ 334712.864869227225427, 732903.504543525865301 ], [ 334650.436333604971878, 734240.302228691871278 ], [ 335026.482374438608531, 735024.397931671934202 ] ] } },
{ "type": "Feature", "properties": { "location": null, "name": null, "phases": null, "osm_id": "632670909", "source": "OS_OpenData_VectorMap_District", "brand": null, "cables": "6", "circuits": "2", "voltage": "132000", "max_voltage": 132000.0, "ref": null, "owner": null, "operator": null, "len": 5010.0369338755281 }, "geometry": { "type": "LineString", "coordinates": [ [ 277005.036794620042201, 759041.873484917450696 ], [ 278114.32907603867352, 755013.124593945918605 ], [ 277816.091613073891494, 754237.100975257577375 ] ] } },
{ "type": "Feature", "properties": { "location": null, "name": null, "phases": null, "osm_id": "632675720", "source": "OS_OpenData_VectorMap_District", "brand": null, "cables": "6", "circuits": "2", "voltage": "132000", "max_voltage": 132000.0, "ref": null, "owner": null, "operator": null, "len": 16282.822912842044 }, "geometry": { "type": "LineString", "coordinates": [ [ 304979.024108188285027, 722303.854543063207529 ], [ 306311.134254006727133, 721342.677770989364944 ], [ 309308.464262262510601, 720152.06227060162928 ], [ 309520.377435763482936, 720102.958231049822643 ], [ 309733.357271781540476, 720053.530459339846857 ], [ 309994.729637497686781, 719994.32452045509126 ], [ 310605.640687854669522, 719862.502164363395423 ], [ 312154.434638819249813, 719303.927318393951282 ], [ 314482.046580702182837, 718092.009493428398855 ], [ 317357.467092438717373, 716977.96677568485029 ], [ 319296.222986621432938, 717107.103163844556548 ], [ 319767.084378954954445, 717120.02933630370535 ], [ 320010.168371673673391, 717109.567336702835746 ], [ 320082.284048863279168, 717126.703002610011026 ] ] } },
{ "type": "Feature", "properties": { "location": null, "name": null, "phases": null, "osm_id": "633667866", "source": null, "brand": null, "cables": "3", "circuits": "1", "voltage": "132000", "max_voltage": 132000.0, "ref": null, "owner": null, "operator": "Scottish and Southern Electricity Networks", "len": 9054.7851868291727 }, "geometry": { "type": "LineString", "coordinates": [ [ 135007.579897687071934, 844150.280263018561527 ], [ 133581.302813192887697, 843721.85698413127102 ], [ 133029.499727638380136, 843910.59365202661138 ], [ 131435.996921056008432, 843651.644166557467543 ], [ 130507.774701607355382, 844058.866025443188846 ], [ 130246.000528188364115, 844895.407869788818061 ], [ 129200.160305650555529, 845410.904453260824084 ], [ 127661.470550637226552, 847136.276116752531379 ] ] } },
{ "type": "Feature", "properties": { "location": null, "name": null, "phases": null, "osm_id": "633683399", "source": "OS_OpenData_VectorMap_District", "brand": null, "cables": "6", "circuits": "2", "voltage": "132000", "max_voltage": 132000.0, "ref": null, "owner": null, "operator": "SSEN Transmission", "len": 4980.6149765071305 }, "geometry": { "type": "LineString", "coordinates": [ [ 386585.998971453635022, 806289.382411035941914 ], [ 387656.841059463564306, 804965.477331236586906 ], [ 388633.201903682842385, 804304.00130891543813 ], [ 390723.847412924922537, 804485.50428300187923 ] ] } },
{ "type": "Feature", "properties": { "location": null, "name": null, "phases": null, "osm_id": "633683407", "source": "OS_OpenData_VectorMap_District", "brand": null, "cables": "6", "circuits": "2", "voltage": "132000", "max_voltage": 132000.0, "ref": null, "owner": null, "operator": null, "len": 11599.207674282041 }, "geometry": { "type": "LineString", "coordinates": [ [ 377381.977128654310945, 814172.314830134971999 ], [ 381318.816585743159521, 810823.634753276011907 ], [ 383041.163824144576211, 810168.615090426406823 ], [ 384527.437271832954139, 808673.971453198813833 ], [ 386150.610302526911255, 806798.584420663421042 ] ] } },
{ "type": "Feature", "properties": { "location": null, "name": null, "phases": null, "osm_id": "634994402", "source": "OS_OpenData_VectorMap_District", "brand": null, "cables": "6", "circuits": "2", "voltage": "275000", "max_voltage": 275000.0, "ref": "YS", "owner": null, "operator": "SP Energy Networks", "len": 9699.7460540794818 }, "geometry": { "type": "LineString", "coordinates": [ [ 319203.046978995320387, 697706.50000158813782 ], [ 318926.700870836386457, 698562.188827342353761 ], [ 321930.53892520815134, 701058.065538333263248 ], [ 321993.412633911008015, 702436.688624195288867 ], [ 322780.600264118984342, 703282.09825188620016 ], [ 324939.809723927523009, 704234.414584047743119 ] ] } },
{ "type": "Feature", "properties": { "location": null, "name": null, "phases": null, "osm_id": "634994404", "source": "OS_OpenData_VectorMap_District", "brand": null, "cables": "6", "circuits": "2", "voltage": "275000", "max_voltage": 275000.0, "ref": "TW", "owner": null, "operator": "SSEN Transmission", "len": 37952.202564038955 }, "geometry": { "type": "LineString", "coordinates": [ [ 322807.29581207188312, 714256.55253310315311 ], [ 320858.577801244100556, 716572.822285876027308 ], [ 319994.782845422800165, 716926.955491098575294 ], [ 319810.424401160911657, 717155.640056784497574 ], [ 319650.147503352549393, 717355.988139786757529 ], [ 319192.03969462349778, 717932.178571469965391 ], [ 319146.178974412963726, 718219.051301801810041 ], [ 318349.981272197794169, 718989.346478966297582 ], [ 318954.625677068019286, 719913.077454166370444 ], [ 320734.067324688774534, 720920.014641001354903 ], [ 320851.059733782312833, 721449.011765970033593 ], [ 323011.197549204865936, 723528.894008699222468 ], [ 324516.604315119504463, 724272.392250143224373 ], [ 324740.401286370295566, 725562.89612931443844 ], [ 325784.752406283281744, 726105.821687136311084 ], [ 329464.983721146127209, 728669.84371145197656 ], [ 330545.101971567724831, 730227.6235100554768 ], [ 330558.696595103247091, 733192.606694244663231 ], [ 330799.520054752938449, 733989.068945103790611 ], [ 330966.582043300732039, 734541.653819455648772 ], [ 331042.781345743220299, 734793.731298676691949 ], [ 335780.222965172084514, 737036.380347109166905 ], [ 339210.773198701790534, 737447.408882367541082 ], [ 339848.490762782515958, 737078.391438065096736 ] ] } },
{ "type": "Feature", "properties": { "location": null, "name": null, "phases": null, "osm_id": "635014874", "source": "OS_OpenData_VectorMap_District", "brand": null, "cables": "6", "circuits": "2", "voltage": "132000", "max_voltage": 132000.0, "ref": null, "owner": null, "operator": null, "len": 10335.981577724211 }, "geometry": { "type": "LineString", "coordinates": [ [ 319625.234734422760084, 691119.386166315060109 ], [ 319355.380973675230052, 691220.711744109168649 ], [ 317140.801735686312895, 690509.963363508228213 ], [ 315977.496941083110869, 689897.769231558660977 ], [ 314258.707904361304827, 689898.901691648527049 ], [ 313424.394646751927212, 689692.425267087179236 ], [ 310507.404891730286181, 690162.756412228336558 ], [ 309895.03678995516384, 689538.592651310143992 ] ] } },
{ "type": "Feature", "properties": { "location": null, "name": null, "phases": null, "osm_id": "635014877", "source": "OS_OpenData_VectorMap_District", "brand": null, "cables": "6", "circuits": "2", "voltage": "275000", "max_voltage": 275000.0, "ref": "YJ", "owner": null, "operator": "SP Energy Networks", "len": 13480.7910256622 }, "geometry": { "type": "LineString", "coordinates": [ [ 310014.613803210901096, 689771.751181195024401 ], [ 310570.725589273788501, 690320.759432690450922 ], [ 312754.162767956149764, 690835.33092263864819 ], [ 314982.451496848603711, 692687.056069441721775 ], [ 318849.870162301987875, 694557.715484120417386 ], [ 318967.811280600726604, 694959.093704839819111 ], [ 318559.484509484493174, 696160.070656710769981 ], [ 319133.548829727980774, 697452.917924878536724 ], [ 319195.553698428266216, 697601.855516665847972 ] ] } },
{ "type": "Feature", "properties": { "location": null, "name": "Inverarnan - Windyhill", "phases": null, "osm_id": "635801064", "source": "OS_OpenData_VectorMap_District", "brand": null, "cables": "6", "circuits": "2", "voltage": "275000", "max_voltage": 275000.0, "ref": "YW", "owner": null, "operator": "SP Energy Networks", "len": 54844.038546182921 }, "geometry": { "type": "LineString", "coordinates": [ [ 231618.7550118076324, 717954.982709568343125 ], [ 233316.815780068543972, 717351.678507783217356 ], [ 234627.3299585582281, 716464.45542546804063 ], [ 236497.5945679587021, 714513.496048847562633 ], [ 237530.439232274511596, 713944.830228866194375 ], [ 240110.706101081595989, 710901.864610052783974 ], [ 239866.168927837134106, 710098.31245662656147 ], [ 240397.209389790077694, 709499.155332957743667 ], [ 239828.401658243063139, 707564.879287075717002 ], [ 239100.42287411596044, 704396.763229247648269 ], [ 242315.881092986965086, 702380.100191045436077 ], [ 243397.909687470266363, 701377.689994776272215 ], [ 247024.743810729327379, 698618.440671377116814 ], [ 247997.601514832815155, 697585.847955408971757 ], [ 248688.039022612880217, 696310.351835129200481 ], [ 249052.620687749353237, 694634.001114394166507 ], [ 249000.845326641428983, 691046.262771430774592 ], [ 249371.117382752447156, 689622.543368562590331 ], [ 249271.940445499989437, 687262.28721126052551 ], [ 250204.499882894655457, 684489.042358674807474 ], [ 250730.905879448633641, 684080.080884726718068 ], [ 252478.764125494897598, 680802.531759726232849 ], [ 251637.255065941164503, 678298.162838332704268 ], [ 251926.525811972242082, 675695.857152677024715 ], [ 251553.160813940834487, 673447.007757781888358 ] ] } },
{ "type": "Feature", "properties": { "location": null, "name": "Inverarnan - Dalmally", "phases": null, "osm_id": "635801065", "source": "OS_OpenData_VectorMap_District", "brand": null, "cables": "6", "circuits": "2", "voltage": "275000", "max_voltage": 275000.0, "ref": "YW", "owner": null, "operator": "SP Energy Networks", "len": 21550.072340150116 }, "geometry": { "type": "LineString", "coordinates": [ [ 231618.7550118076324, 717954.982709568343125 ], [ 231535.968698704935377, 717980.370589353027754 ], [ 230960.7308037764451, 719583.367274403222837 ], [ 227379.828514374385122, 722091.047321249730885 ], [ 224682.945942212740192, 724338.579651151550934 ], [ 221250.65216836691252, 726052.9888159976108 ], [ 218933.417717714066384, 726274.513276785728522 ], [ 217194.732249443623004, 727253.519379125325941 ], [ 216950.148552434780868, 727717.774651132407598 ], [ 214774.234472661686596, 728826.364571165759116 ], [ 214272.02256294459221, 729385.434557226952165 ] ] } },
{ "type": "Feature", "properties": { "location": null, "name": "SP Transmission Gretna-Chapelcross", "phases": null, "osm_id": "639800827", "source": "OS_OpenData_VectorMap_District", "brand": null, "cables": "6", "circuits": "2", "voltage": "132000", "max_voltage": 132000.0, "ref": null, "owner": null, "operator": null, "len": 12785.498788880601 }, "geometry": { "type": "LineString", "coordinates": [ [ 332809.630882786761504, 571264.261377181159332 ], [ 331411.122435406898148, 570666.090435546124354 ], [ 328742.87040266697295, 568369.21059902117122 ], [ 325065.050712571188342, 569285.482614483102225 ], [ 323450.541375402943231, 569348.912498853402212 ], [ 322228.762895185616799, 568989.766323564574122 ], [ 321464.52836609602673, 569730.473899847711436 ] ] } },
{ "type": "Feature", "properties": { "location": null, "name": null, "phases": null, "osm_id": "668565427", "source": "Bing", "brand": null, "cables": "6", "circuits": "2", "voltage": "275000;132000", "max_voltage": 275000.0, "ref": "LL", "owner": null, "operator": "National Grid", "len": 17918.00954526151 }, "geometry": { "type": "LineString", "coordinates": [ [ 302583.182009958196431, 166429.187197364284657 ], [ 302913.840329619124532, 166944.226680374296848 ], [ 303039.372191152651794, 167654.510484820464626 ], [ 302952.731286762456875, 168318.852839902625419 ], [ 303154.970270098361652, 169708.237497885129414 ], [ 302799.491873808787204, 170301.514843202312477 ], [ 304252.625949339999352, 172435.194774792937096 ], [ 305001.322041027713567, 173005.090092322963756 ], [ 306361.277803586330265, 173207.471302103076596 ], [ 308866.373989152605645, 173234.833943970035762 ], [ 309892.548393774428405, 173847.240573777875397 ], [ 308696.917034209589474, 176924.678979892807547 ], [ 307730.654450143745635, 178583.687651636369992 ] ] } },
{ "type": "Feature", "properties": { "location": null, "name": "SP Transmission Strathaven-Busby", "phases": null, "osm_id": "672002889", "source": "OS_OpenData_VectorMap_District", "brand": null, "cables": "6", "circuits": "2", "voltage": "275000", "max_voltage": 275000.0, "ref": "XQ", "owner": null, "operator": "SP Transmission", "len": 5463.2101123278217 }, "geometry": { "type": "LineString", "coordinates": [ [ 269396.197717447590549, 653125.103553142515011 ], [ 268838.565364237700123, 653390.426393652451225 ], [ 266586.967005556682125, 652125.560171175398864 ], [ 264337.751704071532004, 651875.063467144267634 ] ] } },
{ "type": "Feature", "properties": { "location": null, "name": "Scottish Power Neilston-Roughmussel", "phases": null, "osm_id": "672157170", "source": "OS_OpenData_VectorMap_District", "brand": null, "cables": "6", "circuits": "2", "voltage": "132000", "max_voltage": 132000.0, "ref": null, "owner": null, "operator": "SP Energy Networks", "len": 12498.123043173478 }, "geometry": { "type": "LineString", "coordinates": [ [ 244998.689837979123695, 660023.550928287673742 ], [ 245977.151015173556516, 657923.885363405919634 ], [ 246768.689430127298692, 656620.557122576516122 ], [ 248040.136439133406384, 656359.477012272574939 ], [ 249486.386570402188227, 657089.168624850804918 ], [ 250498.267915885196999, 657108.626092112623155 ], [ 251702.27592839958379, 658301.621888237190433 ], [ 251843.370004002092173, 659545.325754960649647 ], [ 251526.065818939561723, 660469.176250541815534 ], [ 251928.444509009190369, 661164.54526104265824 ] ] } },
{ "type": "Feature", "properties": { "location": null, "name": null, "phases": null, "osm_id": "673944618", "source": "OS_OpenData_VectorMap_District", "brand": null, "cables": "6", "circuits": null, "voltage": "132000", "max_voltage": 132000.0, "ref": null, "owner": null, "operator": null, "len": 10617.83727368476 }, "geometry": { "type": "LineString", "coordinates": [ [ 377714.263782358728349, 814377.868925311020575 ], [ 382508.641563240555115, 814114.050643188878894 ], [ 385866.81891589803854, 815293.498130183084868 ], [ 387409.312779035419226, 815122.295226247515529 ], [ 387901.441372273198795, 814617.534379933378659 ] ] } },
{ "type": "Feature", "properties": { "location": null, "name": "Quernmore-Heysham", "phases": null, "osm_id": "674702968", "source": "Bing", "brand": null, "cables": "6", "circuits": "2", "voltage": "400000", "max_voltage": 400000.0, "ref": "4TC", "owner": null, "operator": "National Grid", "len": 8690.2363664618952 }, "geometry": { "type": "LineString", "coordinates": [ [ 342200.096978757239413, 460174.74278844287619 ], [ 344745.690785953076556, 459475.071250828099437 ], [ 346426.549374123685993, 458465.031304345582612 ], [ 348588.298827176331542, 458415.289604483987205 ], [ 350397.291740256303456, 457751.506955897784792 ] ] } },
{ "type": "Feature", "properties": { "location": null, "name": null, "phases": null, "osm_id": "675316449", "source": null, "brand": null, "cables": "6", "circuits": "2", "voltage": "132000", "max_voltage": 132000.0, "ref": null, "owner": null, "operator": "Scottish and Southern Electricity Networks", "len": 27579.78119737433 }, "geometry": { "type": "LineString", "coordinates": [ [ 321303.45343182963552, 864619.585976184462197 ], [ 322398.944856756250374, 864506.329146406264044 ], [ 323053.670502491469961, 863272.343462475226261 ], [ 324366.00861033948604, 862004.426771802944131 ], [ 326016.051690973166842, 861227.392681461875327 ], [ 326829.747431959491223, 860066.927917178021744 ], [ 330578.76008273451589, 857495.368976825848222 ], [ 333191.334942115587182, 856652.813287818687968 ], [ 338833.210890026995912, 854630.688985221437179 ], [ 341065.989607625931967, 853040.962066961918026 ], [ 343057.414197469188366, 851978.698883237200789 ], [ 343870.133867385680787, 850448.018535911571234 ] ] } },
{ "type": "Feature", "properties": { "location": null, "name": "SP Transmission Gretna-Elvanfoot", "phases": null, "osm_id": "676646875", "source": "OS_OpenData_VectorMap_District", "brand": null, "cables": "6", "circuits": "2", "voltage": "400000", "max_voltage": 400000.0, "ref": "ZV", "owner": null, "operator": "SP Energy Networks", "len": 23041.67872327497 }, "geometry": { "type": "LineString", "coordinates": [ [ 294241.026778868632391, 617099.712980672367848 ], [ 297978.511786600924097, 615683.001155530801043 ], [ 298915.883128179353662, 614523.485075656673871 ], [ 300614.478977218270302, 612992.452553181094117 ], [ 303276.767612839059439, 611910.722180820885114 ], [ 303508.675282495969441, 610600.492675438988954 ], [ 303946.253505713713821, 609843.883395928307436 ], [ 303903.384153112536296, 608225.138638146803714 ], [ 304469.881947096902877, 606573.598313995287754 ], [ 305540.575777902558912, 606018.222510937950574 ], [ 306536.328178002557252, 605048.957236034213565 ], [ 307359.594695024599787, 603620.048277686699294 ], [ 309394.949706100276671, 602037.105705480789766 ] ] } },
{ "type": "Feature", "properties": { "location": null, "name": null, "phases": null, "osm_id": "677510481", "source": null, "brand": null, "cables": "6", "circuits": "2", "voltage": "275000", "max_voltage": 275000.0, "ref": "WA", "owner": null, "operator": "SP Energy Networks", "len": 7304.6707907329783 }, "geometry": { "type": "LineString", "coordinates": [ [ 250589.019690179324243, 614657.94578417239245 ], [ 251030.37349222091143, 612649.631807095604017 ], [ 250704.546451975882519, 611669.438212424051017 ], [ 251095.162581447308185, 611039.168614556081593 ], [ 250693.106787541735684, 609726.085078475647606 ], [ 251910.100807809794787, 608013.759533293312415 ] ] } },
{ "type": "Feature", "properties": { "location": null, "name": null, "phases": null, "osm_id": "677510483", "source": null, "brand": null, "cables": "6", "circuits": "2", "voltage": "275000", "max_voltage": 275000.0, "ref": "WA", "owner": null, "operator": "SP Energy Networks", "len": 6811.8191576143372 }, "geometry": { "type": "LineString", "coordinates": [ [ 246246.498875129764201, 619572.913661857834086 ], [ 247592.369990911858622, 618078.964075841358863 ], [ 249909.528357039234834, 616586.678953503607772 ], [ 250589.019690179324243, 614657.94578417239245 ] ] } },
{ "type": "Feature", "properties": { "location": null, "name": "Swansea North-TATA Steel Port Talbot", "phases": null, "osm_id": "677878174", "source": null, "brand": null, "cables": "6", "circuits": "2", "voltage": "275000;132000", "max_voltage": 275000.0, "ref": "VE", "owner": null, "operator": "National Grid Electricity Transmission", "len": 4811.0089227655226 }, "geometry": { "type": "LineString", "coordinates": [ [ 269303.387374095036648, 193331.541488926392049 ], [ 271479.085805854876526, 193800.32057897845516 ], [ 271987.793909594300203, 194095.587584426801186 ], [ 273639.866229535080492, 194112.535648549557664 ], [ 273829.010359658219386, 193823.966264674556442 ] ] } },
{ "type": "Feature", "properties": { "location": null, "name": "National Grid Abham-Landulph", "phases": null, "osm_id": "677908722", "source": null, "brand": null, "cables": "6", "circuits": "2", "voltage": "400000", "max_voltage": 400000.0, "ref": "YF", "owner": null, "operator": null, "len": 20365.712796145897 }, "geometry": { "type": "LineString", "coordinates": [ [ 257078.9694444554043, 56335.649802069441648 ], [ 255900.501588417508174, 58719.004574364458676 ], [ 255464.320968626532704, 60015.380026879283832 ], [ 253560.509538516344037, 61260.357583014003467 ], [ 252309.144101082754787, 61767.925872233085101 ], [ 251437.647837746713776, 62562.240849485562649 ], [ 250131.605424652021611, 62731.366004034032812 ], [ 248681.586094595259055, 62263.2805380304344 ], [ 246354.628142784902593, 62326.77117713005282 ], [ 245286.295579637895571, 62615.772891332919244 ], [ 244494.97971853116178, 63991.656846463039983 ], [ 243674.219993143778993, 64586.921271137427539 ], [ 241387.665983105893247, 63230.66970814060187 ] ] } },
{ "type": "Feature", "properties": { "location": null, "name": null, "phases": null, "osm_id": "689624520", "source": "OS_OpenData_VectorMap_District", "brand": null, "cables": "6", "circuits": "2", "voltage": "275000", "max_voltage": 275000.0, "ref": null, "owner": null, "operator": "SSEN Transmission", "len": 14599.987670054583 }, "geometry": { "type": "LineString", "coordinates": [ [ 257179.987507469661068, 827778.283520934637636 ], [ 258926.431021088181296, 828951.993867465062067 ], [ 259627.364517321868334, 829690.16104991605971 ], [ 259621.356004006229341, 830551.187778785126284 ], [ 261237.582121844112407, 831666.518328825943172 ], [ 262735.499240716453642, 833415.572083275765181 ], [ 265446.392548600095324, 838568.907933898852207 ], [ 265126.224709789734334, 838988.01954432122875 ] ] } },
{ "type": "Feature", "properties": { "location": null, "name": null, "phases": null, "osm_id": "689624521", "source": "OS_OpenData_VectorMap_District", "brand": null, "cables": "6", "circuits": "2", "voltage": "275000", "max_voltage": 275000.0, "ref": null, "owner": null, "operator": "SSEN Transmission", "len": 8423.0009484633574 }, "geometry": { "type": "LineString", "coordinates": [ [ 250906.487602592387702, 822509.319261582335457 ], [ 253909.197802168579074, 823643.350452076178044 ], [ 254842.954470992728602, 824565.229663411504589 ], [ 255694.215335991088068, 825836.34847684414126 ], [ 256663.161494886153378, 826413.550639609456994 ], [ 257040.475767946569249, 827598.373734684195369 ] ] } },
{ "type": "Feature", "properties": { "location": null, "name": "Feckenham-Hams Hall", "phases": null, "osm_id": "705505227", "source": "GPS", "brand": null, "cables": "6", "circuits": "2", "voltage": "400000;275000", "max_voltage": 400000.0, "ref": "ZF", "owner": null, "operator": "National Grid Electricity Transmission", "len": 1719.6761914926919 }, "geometry": { "type": "LineString", "coordinates": [ [ 419922.606000914121978, 285325.811273027327843 ], [ 419754.106113796471618, 283614.410095153434668 ] ] } },
{ "type": "Feature", "properties": { "location": null, "name": "East Claydon-Cowley", "phases": null, "osm_id": "708210103", "source": null, "brand": null, "cables": "6", "circuits": "2", "voltage": "400000", "max_voltage": 400000.0, "ref": "4YH", "owner": null, "operator": "National Grid ET", "len": 5578.0480414430131 }, "geometry": { "type": "LineString", "coordinates": [ [ 469986.610882490989752, 219744.53936894540675 ], [ 472188.30719916394446, 221183.865203944616951 ], [ 474168.157527158211451, 223367.597249709244352 ] ] } },
{ "type": "Feature", "properties": { "location": null, "name": "East Claydon-Cowley", "phases": null, "osm_id": "708210106", "source": null, "brand": null, "cables": "6", "circuits": "2", "voltage": "400000", "max_voltage": 400000.0, "ref": "4YH", "owner": null, "operator": "National Grid", "len": 2566.7501376006417 }, "geometry": { "type": "LineString", "coordinates": [ [ 474168.157527158211451, 223367.597249709244352 ], [ 475184.909023018903099, 225724.379518935224041 ] ] } },
{ "type": "Feature", "properties": { "location": null, "name": null, "phases": null, "osm_id": "721834522", "source": "Bing", "brand": null, "cables": "6", "circuits": "2", "voltage": "275000", "max_voltage": 275000.0, "ref": "XM", "owner": null, "operator": "National Grid Electricity Transmission", "len": 10170.281591935633 }, "geometry": { "type": "LineString", "coordinates": [ [ 312801.579454514314421, 181421.053989637177438 ], [ 313698.075916925270576, 181424.124763258965686 ], [ 314613.741467086947523, 182710.418575774063356 ], [ 314699.838793466216885, 183926.469066398451105 ], [ 315411.672242629458196, 184311.758384362852667 ], [ 318079.301380778197199, 184887.47849658888299 ], [ 319188.366533999855164, 184199.331937220820691 ], [ 320780.259843490552157, 183839.339332700823434 ] ] } },
{ "type": "Feature", "properties": { "location": null, "name": null, "phases": null, "osm_id": "744643260", "source": "OS_OpenData_VectorMap_District", "brand": null, "cables": "6", "circuits": "2", "voltage": "132000", "max_voltage": 132000.0, "ref": null, "owner": null, "operator": null, "len": 8568.1984450124 }, "geometry": { "type": "LineString", "coordinates": [ [ 333452.090565693913959, 701650.623110144049861 ], [ 333314.319278166280128, 699102.7912250936497 ], [ 329923.396029008436017, 697276.440579732996412 ], [ 329163.031551838328596, 696218.561083951150067 ], [ 328978.582717675191816, 695376.146100543555804 ] ] } },
{ "type": "Feature", "properties": { "location": null, "name": null, "phases": null, "osm_id": "744720441", "source": "OS_OpenData_VectorMap_District", "brand": null, "cables": "6", "circuits": "1", "voltage": "132000", "max_voltage": 132000.0, "ref": "CN", "owner": null, "operator": "SP Energy Networks", "len": 3409.9010417822219 }, "geometry": { "type": "LineString", "coordinates": [ [ 282624.128277706447989, 684594.397244547028095 ], [ 284051.384528034366667, 681984.153808597940952 ], [ 284127.432456058450043, 681555.920273195952177 ] ] } },
{ "type": "Feature", "properties": { "location": null, "name": "Dorenell Wind Farm Connection", "phases": null, "osm_id": "744731471", "source": null, "brand": null, "cables": "6", "circuits": "2", "voltage": "132000", "max_voltage": 132000.0, "ref": null, "owner": null, "operator": null, "len": 22460.477988387127 }, "geometry": { "type": "LineString", "coordinates": [ [ 334194.176949714659713, 832513.405533838551491 ], [ 334450.726165747095365, 833257.822349208639935 ], [ 333197.151155914878473, 834094.75045925390441 ], [ 333536.144820141897071, 834846.850320927216671 ], [ 333364.172546612273436, 835881.372689852258191 ], [ 333782.906130934075918, 836346.149930033483543 ], [ 334022.915443686651997, 837946.186021527741104 ], [ 335680.899419518595096, 840688.02133295556996 ], [ 338382.363177396822721, 842929.686291890917346 ], [ 339592.301561890693847, 843001.782532069017179 ], [ 340088.768224959261715, 843407.437154090614058 ], [ 340168.664716428087559, 844840.931269338121638 ], [ 340823.566293619689532, 845440.15111316810362 ], [ 342812.912375041982159, 845384.768814635579474 ], [ 343450.228458239347674, 847856.022887211991474 ], [ 343056.15464297978906, 848328.471072604414076 ] ] } },
{ "type": "Feature", "properties": { "location": null, "name": "Ewe Hill Wind Farm Connection", "phases": null, "osm_id": "753121693", "source": null, "brand": null, "cables": "3", "circuits": "1", "voltage": "132000", "max_voltage": 132000.0, "ref": null, "owner": null, "operator": null, "len": 15466.732887968747 }, "geometry": { "type": "LineString", "coordinates": [ [ 333049.282205445342697, 571437.950543285114691 ], [ 332313.270714339101687, 573083.029059747466817 ], [ 332506.726249658502638, 573927.985663195024244 ], [ 331938.992674852372147, 574861.622473900672048 ], [ 330628.48123438435141, 575361.87400291650556 ], [ 329938.11236725182971, 576019.487527720863 ], [ 329654.487699496326968, 577063.73015467019286 ], [ 328825.299456837936305, 577688.283293568412773 ], [ 326715.55827962240437, 581901.87954105657991 ], [ 325013.974893789738417, 583755.731822909088805 ] ] } },
{ "type": "Feature", "properties": { "location": null, "name": "Feckenham-Hams Hall", "phases": null, "osm_id": "797009537", "source": null, "brand": null, "cables": "6", "circuits": "2", "voltage": "400000;275000", "max_voltage": 400000.0, "ref": "ZF", "owner": null, "operator": "National Grid", "len": 7556.5395920944611 }, "geometry": { "type": "LineString", "coordinates": [ [ 419366.580792238237336, 292647.550472213129979 ], [ 419149.441002324514557, 291875.581276025855914 ], [ 419109.150354766810779, 290745.543115184234921 ], [ 419199.97378657781519, 289811.081358788651414 ], [ 419373.790803496376611, 289512.722641897562426 ], [ 419151.854246000642888, 288986.416858752374537 ], [ 419551.295798865379766, 286148.277357364539057 ], [ 419922.606000914121978, 285325.811273027327843 ] ] } },
{ "type": "Feature", "properties": { "location": null, "name": null, "phases": null, "osm_id": "806217411", "source": "Bing", "brand": null, "cables": "6", "circuits": "2", "voltage": "400000", "max_voltage": 400000.0, "ref": "4ZO", "owner": null, "operator": "National Grid Electricity Transmission", "len": 1586.041772210124 }, "geometry": { "type": "LineString", "coordinates": [ [ 447970.761943110090215, 413131.811061402084306 ], [ 449527.973179932741914, 412830.7767326143221 ] ] } },
{ "type": "Feature", "properties": { "location": null, "name": null, "phases": null, "osm_id": "839963279", "source": null, "brand": null, "cables": "3", "circuits": null, "voltage": "132000", "max_voltage": 132000.0, "ref": null, "owner": null, "operator": null, "len": 11812.466602529697 }, "geometry": { "type": "LineString", "coordinates": [ [ 268925.899470284814015, 583550.237270476762205 ], [ 268420.304102599387988, 584543.708631607703865 ], [ 267391.331662799813785, 585658.381351744756103 ], [ 266674.136596976197325, 586014.309121534461156 ], [ 266057.345067904680036, 586866.37964034685865 ], [ 264509.272615942405537, 587540.597960613667965 ], [ 264154.153732021339238, 587928.174833930330351 ], [ 262799.650314749625977, 588240.399815392214805 ], [ 261588.223956061585341, 588025.832409657770768 ], [ 260465.771689825080102, 588141.145242142141797 ], [ 259675.157995163259329, 589254.303230786114 ] ] } },
{ "type": "Feature", "properties": { "location": null, "name": null, "phases": null, "osm_id": "839963280", "source": "OS_OpenData_VectorMap_District", "brand": null, "cables": "3", "circuits": "1", "voltage": "132000", "max_voltage": 132000.0, "ref": null, "owner": null, "operator": null, "len": 2311.7089079768139 }, "geometry": { "type": "LineString", "coordinates": [ [ 260339.549664182239212, 587546.036546106217429 ], [ 260013.673942587513011, 587668.654467114130966 ], [ 259087.441773862054106, 589399.993565102573484 ] ] } },
{ "type": "Feature", "properties": { "location": null, "name": null, "phases": null, "osm_id": "839963282", "source": null, "brand": null, "cables": "6", "circuits": "2", "voltage": "132000", "max_voltage": 132000.0, "ref": null, "owner": null, "operator": null, "len": 26971.934121108578 }, "geometry": { "type": "LineString", "coordinates": [ [ 272044.068946423009038, 606650.068498151144013 ], [ 268904.860066566849127, 606416.373289566021413 ], [ 267971.764924728893675, 604820.722842929535545 ], [ 266588.959143269341439, 603792.097804454620928 ], [ 263416.782712265616283, 603457.547650919877924 ], [ 262221.157726063160226, 603737.468976449104957 ], [ 261162.956509610638022, 604710.014197908109054 ], [ 259413.226853542262688, 604447.151431171922013 ], [ 258165.949744962417753, 605226.806102692033164 ], [ 257484.243475512281293, 603970.386759793618694 ], [ 255244.298337477754103, 603899.717401025933214 ], [ 253312.766664897149894, 604376.941830935073085 ], [ 252620.661442844837438, 605204.445382151403464 ], [ 251378.981492521212203, 605485.401564794941805 ], [ 251093.638543381617637, 605995.421466753352433 ], [ 251440.30760766446474, 607023.789076410466805 ], [ 252187.92978849154315, 607746.605643264832906 ], [ 252129.775232049229089, 608178.117766644223593 ] ] } },
{ "type": "Feature", "properties": { "location": null, "name": null, "phases": null, "osm_id": "840116874", "source": null, "brand": null, "cables": null, "circuits": null, "voltage": "132000", "max_voltage": 132000.0, "ref": null, "owner": null, "operator": null, "len": 12298.662076385594 }, "geometry": { "type": "LineString", "coordinates": [ [ 291216.216525346331764, 656792.762980687082745 ], [ 291867.502264599781483, 656176.184010082390159 ], [ 292264.608735408168286, 654418.172792841680348 ], [ 291053.938371236843523, 652846.093228532001376 ], [ 290615.136378508177586, 651096.535976054496132 ], [ 290946.510210028383881, 650739.157940720324405 ], [ 290742.47507139533991, 649022.720766699290834 ], [ 289509.124308229074813, 647650.30184840108268 ], [ 288036.489585646660998, 646704.005803212639876 ] ] } },
{ "type": "Feature", "properties": { "location": null, "name": null, "phases": null, "osm_id": "840304807", "source": null, "brand": null, "cables": null, "circuits": "2", "voltage": "132000", "max_voltage": 132000.0, "ref": null, "owner": null, "operator": null, "len": 12904.100391625103 }, "geometry": { "type": "LineString", "coordinates": [ [ 182798.209560180199333, 650162.334364997339435 ], [ 182629.951859365275595, 649471.897658193018287 ], [ 181835.113827094144654, 648565.179757951176725 ], [ 181603.203737866715528, 646932.530277977930382 ], [ 181614.865514143457403, 645505.745476073119789 ], [ 180775.01435885974206, 644494.218707751715556 ], [ 180465.712741426832508, 643416.671921775909141 ], [ 179078.322335845907219, 641803.968613359960727 ], [ 178773.698877405695384, 640568.801360037876293 ], [ 179341.851201790006598, 638571.568752070423216 ] ] } },
{ "type": "Feature", "properties": { "location": null, "name": null, "phases": null, "osm_id": "840327712", "source": "OS_OpenData_VectorMap_District", "brand": null, "cables": "6", "circuits": "2", "voltage": "132000", "max_voltage": 132000.0, "ref": "BZ", "owner": null, "operator": "SP Energy Networks", "len": 1915.534455930504 }, "geometry": { "type": "LineString", "coordinates": [ [ 246288.946606778772548, 669560.117237335653044 ], [ 245189.829674150358187, 670105.023609679075889 ], [ 244819.357634265819797, 670685.659263074630871 ] ] } },
{ "type": "Feature", "properties": { "location": null, "name": null, "phases": null, "osm_id": "842685462", "source": "OS_OpenData_VectorMap_District", "brand": null, "cables": "6", "circuits": "2", "voltage": "275000", "max_voltage": 275000.0, "ref": null, "owner": null, "operator": null, "len": 9858.2619264555378 }, "geometry": { "type": "LineString", "coordinates": [ [ 343341.33198866964085, 848393.914434895967133 ], [ 343843.082538290182129, 847864.476872425875627 ], [ 346002.876423132838681, 844048.600678269518539 ], [ 348179.486296199727803, 841437.376301477779634 ], [ 349166.576024855079595, 840524.201342959073372 ] ] } },
{ "type": "Feature", "properties": { "location": null, "name": null, "phases": null, "osm_id": "843531664", "source": null, "brand": null, "cables": "6", "circuits": "2", "voltage": "275000", "max_voltage": 275000.0, "ref": null, "owner": null, "operator": "SSEN Transmission", "len": 18422.753453102749 }, "geometry": { "type": "LineString", "coordinates": [ [ 265332.545892422378529, 838840.242752909194678 ], [ 266915.587506795069203, 837395.922955298097804 ], [ 267149.893823873891961, 833408.212291164556518 ], [ 268476.3726990907453, 832730.44531820260454 ], [ 270011.151928304811008, 829833.297200487926602 ], [ 270318.039456617960241, 828668.168055954854935 ], [ 272579.200561290839687, 826359.769566477974877 ], [ 274108.860523172887042, 825624.22117838577833 ], [ 275469.879297389823478, 825375.522432643803768 ] ] } },
{ "type": "Feature", "properties": { "location": null, "name": null, "phases": null, "osm_id": "843531669", "source": "OS_OpenData_VectorMap_District", "brand": null, "cables": "6", "circuits": "2", "voltage": "275000", "max_voltage": 275000.0, "ref": null, "owner": null, "operator": "SSEN Transmission", "len": 1017.8516902603582 }, "geometry": { "type": "LineString", "coordinates": [ [ 265354.744385902304202, 839065.976194879040122 ], [ 265934.148683828650974, 839902.823088229517452 ] ] } },
{ "type": "Feature", "properties": { "location": null, "name": "National Grid - Bustleholm Ocker Hill", "phases": null, "osm_id": "903578325", "source": "bing;bing;OS 1:25k;bing", "brand": null, "cables": "6", "circuits": "2", "voltage": "400000;275000", "max_voltage": 400000.0, "ref": "VT", "owner": null, "operator": "National Grid", "len": 4291.0748700578197 }, "geometry": { "type": "LineString", "coordinates": [ [ 398270.541428624652326, 293874.27955499192467 ], [ 402420.728743694256991, 294964.815565528522711 ] ] } },
{ "type": "Feature", "properties": { "location": null, "name": null, "phases": null, "osm_id": "915486210", "source": null, "brand": null, "cables": null, "circuits": null, "voltage": "132000", "max_voltage": 132000.0, "ref": null, "owner": null, "operator": null, "len": 6114.5690698400376 }, "geometry": { "type": "LineString", "coordinates": [ [ 243387.29934229014907, 605605.430036963545717 ], [ 243725.185127000993816, 606371.492953073466197 ], [ 244341.329096586880041, 606598.891628004610538 ], [ 245236.522634092223598, 607519.770199160207994 ], [ 246331.833778359199641, 607626.938195951748639 ], [ 248444.819390360935358, 606896.409162275725976 ] ] } },
{ "type": "Feature", "properties": { "location": null, "name": null, "phases": null, "osm_id": "917802180", "source": null, "brand": null, "cables": "3", "circuits": null, "voltage": "132000", "max_voltage": 132000.0, "ref": null, "owner": null, "operator": null, "len": 10736.694425569765 }, "geometry": { "type": "LineString", "coordinates": [ [ 207596.679281568911392, 574549.861286743776873 ], [ 208334.84661791563849, 575228.152031749952585 ], [ 209757.241906065260991, 577114.219569958979264 ], [ 209363.136733430990716, 577727.185172238969244 ], [ 209441.46000120244571, 578630.03521429549437 ], [ 211401.400565925170667, 579712.22092762531247 ], [ 213500.584363491565455, 579972.020538105163723 ], [ 214406.030710776190972, 581017.265004493296146 ] ] } },
{ "type": "Feature", "properties": { "location": null, "name": "National Grid Sandford-Hinkley Point", "phases": null, "osm_id": "968931055", "source": "Bing", "brand": null, "cables": "6", "circuits": "2", "voltage": "400000", "max_voltage": 400000.0, "ref": "ZG", "owner": null, "operator": "National Grid Electricity Transmission", "len": 13100.176204217065 }, "geometry": { "type": "LineString", "coordinates": [ [ 333689.795542822568677, 143056.723863489401992 ], [ 332641.98373029724462, 143146.096352749096695 ], [ 330536.993759403936565, 142320.205493994464632 ], [ 329508.721660718845669, 142386.00253515530494 ], [ 324922.379347583977506, 144230.560092975356383 ], [ 322251.34830206487095, 144838.475755121005932 ], [ 321373.381181590491906, 145457.520289883803343 ] ] } },
{ "type": "Feature", "properties": { "location": null, "name": null, "phases": null, "osm_id": "1060586709", "source": "OS_OpenData_VectorMap_District", "brand": null, "cables": "3", "circuits": null, "voltage": "132000", "max_voltage": 132000.0, "ref": null, "owner": null, "operator": null, "len": 20138.182775802175 }, "geometry": { "type": "LineString", "coordinates": [ [ 375747.386891419417225, 773710.269191566389054 ], [ 374058.116084616165608, 772293.520631722523831 ], [ 372357.996923470403999, 769487.302285565761849 ], [ 370376.707020138856024, 768125.102379660820588 ], [ 368400.941516707651317, 766382.531039718887769 ], [ 366780.885135511052795, 766111.882730111014098 ], [ 362072.845720211626031, 763840.955550612066872 ], [ 361645.442653613281436, 761130.477813110454008 ] ] } },
{ "type": "Feature", "properties": { "location": null, "name": "Chafford Hundred- Tilbury", "phases": null, "osm_id": "1062991446", "source": "Bing", "brand": null, "cables": "6", "circuits": "2", "voltage": "400000", "max_voltage": 400000.0, "ref": "YYJ", "owner": null, "operator": "National Grid", "len": 12982.517968192893 }, "geometry": { "type": "LineString", "coordinates": [ [ 566090.201634696102701, 176302.779211659624707 ], [ 566193.829902885947376, 176487.969529478286859 ], [ 566333.63254361320287, 176984.140273945406079 ], [ 566414.917517952737398, 177277.370348687865771 ], [ 566511.626614324748516, 177629.157198474393226 ], [ 566586.451583932619542, 177901.36434360826388 ], [ 566660.601456345408224, 178165.469652369851246 ], [ 566003.911706909071654, 179781.990023305057548 ], [ 563162.995354989194311, 180302.610513542662375 ], [ 562375.155144930933602, 181873.458292984869331 ], [ 561794.352171714883298, 181822.826138205185998 ], [ 560610.688684569904581, 179910.249586428573821 ], [ 558859.447614311473444, 179467.044239565264434 ] ] } },
{ "type": "Feature", "properties": { "location": null, "name": null, "phases": null, "osm_id": "1063357684", "source": "OS_OpenData_VectorMap_District", "brand": null, "cables": "6", "circuits": "2", "voltage": "132000", "max_voltage": 132000.0, "ref": null, "owner": null, "operator": null, "len": 1899.7359343273288 }, "geometry": { "type": "LineString", "coordinates": [ [ 260376.897856935771415, 585446.066832263139077 ], [ 260193.930722410179442, 587336.97128459753003 ] ] } },
{ "type": "Feature", "properties": { "location": null, "name": null, "phases": null, "osm_id": "1076025895", "source": null, "brand": null, "cables": "6", "circuits": null, "voltage": "132000", "max_voltage": 132000.0, "ref": null, "owner": null, "operator": null, "len": 5789.1121092619715 }, "geometry": { "type": "LineString", "coordinates": [ [ 284730.683997959829867, 694741.547643089899793 ], [ 285009.017536771134473, 695524.575174238183536 ], [ 286779.656279982067645, 695936.515896501136012 ], [ 288308.608967468258925, 694992.528716613771394 ], [ 289166.380683835828677, 695186.387901132577099 ], [ 289510.469595117203426, 695330.199684397433884 ], [ 289582.275984067819081, 695274.406242190627381 ] ] } },
{ "type": "Feature", "properties": { "location": null, "name": null, "phases": null, "osm_id": "1080973686", "source": null, "brand": null, "cables": "3", "circuits": null, "voltage": "132000", "max_voltage": 132000.0, "ref": null, "owner": null, "operator": null, "len": 5263.0996853503111 }, "geometry": { "type": "LineString", "coordinates": [ [ 281602.695078907068819, 653783.237304415437393 ], [ 282873.523691920156125, 654232.016259935335256 ], [ 284894.044517220929265, 654029.160589258535765 ], [ 286758.14874516276177, 654306.887420710641891 ] ] } },
{ "type": "Feature", "properties": { "location": null, "name": "National Grid Sandford-Hinkley Point", "phases": null, "osm_id": "1087785228", "source": null, "brand": null, "cables": "6", "circuits": "2", "voltage": "400000", "max_voltage": 400000.0, "ref": "LD", "owner": null, "operator": "National Grid Electricity Transmission", "len": 12065.932860394123 }, "geometry": { "type": "LineString", "coordinates": [ [ 337346.961670246848371, 154307.501661912188865 ], [ 337394.484214035677724, 152287.789042256888933 ], [ 337156.7085733799031, 149294.774713266990148 ], [ 336607.844008049694821, 148397.010470397450263 ], [ 336831.959874836844392, 146741.478567106387345 ], [ 335326.993074356636498, 144257.577604999329196 ], [ 334299.449668638873845, 143283.188206516817445 ] ] } },
{ "type": "Feature", "properties": { "location": null, "name": null, "phases": null, "osm_id": "1099750309", "source": null, "brand": null, "cables": "6", "circuits": "2", "voltage": "400000", "max_voltage": 400000.0, "ref": "4VE", "owner": null, "operator": "National Grid Electricity Transmission", "len": 8233.2788266039952 }, "geometry": { "type": "LineString", "coordinates": [ [ 481228.520673927967437, 370701.302306925994344 ], [ 481592.948177140031476, 374671.121026606590021 ], [ 480926.115089321683627, 376510.355125634407159 ], [ 481176.226176779193338, 378787.039511719311122 ] ] } },
{ "type": "Feature", "properties": { "location": null, "name": "National Grid Coventry-Castle Donington", "phases": null, "osm_id": "1099750310", "source": "bing;visual survey;estimate", "brand": null, "cables": "6", "circuits": "2", "voltage": "400000;275000", "max_voltage": 400000.0, "ref": "4WP", "owner": null, "operator": "National Grid", "len": 17901.637081584144 }, "geometry": { "type": "LineString", "coordinates": [ [ 436707.922476548876148, 284685.434918225975707 ], [ 437127.439575399563182, 285846.264918648405001 ], [ 438554.935645812773146, 288322.931680733454414 ], [ 440164.386870009009726, 289860.153432798746508 ], [ 440860.148398801567964, 290093.266020997834858 ], [ 441088.833894032344688, 290173.809412928239908 ], [ 441324.927265557344072, 290247.51773811399471 ], [ 441608.858425415819511, 290342.900702306360472 ], [ 441893.523586817143951, 290436.115061661286745 ], [ 442580.321775794494897, 290671.733896040823311 ], [ 443529.849424131622072, 291252.209659147250932 ], [ 444917.871186457748991, 291698.277051742537878 ], [ 445730.123843777342699, 292942.626095541229006 ], [ 448217.863747920957394, 295111.31292912515346 ], [ 449109.579550844151527, 296531.877491169434506 ] ] } },
{ "type": "Feature", "properties": { "location": null, "name": "National Grid East Claydon-Enderby", "phases": null, "osm_id": "1099750311", "source": "Bing;survey", "brand": null, "cables": "6", "circuits": "2", "voltage": "400000", "max_voltage": 400000.0, "ref": "4WP", "owner": null, "operator": "National Grid", "len": 4963.6842480994674 }, "geometry": { "type": "LineString", "coordinates": [ [ 453005.38496604381362, 300235.86731496383436 ], [ 452262.378138142405078, 299487.627863597474061 ], [ 451227.639162679435685, 297831.54301526164636 ], [ 449571.068687061255332, 296790.663350093236659 ] ] } },
{ "type": "Feature", "properties": { "location": null, "name": null, "phases": null, "osm_id": "1116528158", "source": null, "brand": null, "cables": null, "circuits": null, "voltage": "132000", "max_voltage": 132000.0, "ref": null, "owner": null, "operator": null, "len": 1433.1961569162704 }, "geometry": { "type": "LineString", "coordinates": [ [ 274362.247530904540326, 826900.628544381237589 ], [ 274888.04050204786472, 825567.364513629698195 ] ] } },
{ "type": "Feature", "properties": { "location": null, "name": "MAG1 & 2", "phases": null, "osm_id": "1116528161", "source": "OS_OpenData_VectorMap_District", "brand": null, "cables": "6", "circuits": "2", "voltage": "132000", "max_voltage": 132000.0, "ref": "LT 183", "owner": null, "operator": "SSEN Transmission", "len": 19315.976387828541 }, "geometry": { "type": "LineString", "coordinates": [ [ 275712.231312891934067, 825230.966830413090065 ], [ 277098.289353871135972, 824817.205113121191971 ], [ 279317.964907116722316, 826724.910271969041787 ], [ 281030.850031295674853, 826882.193507783580571 ], [ 283504.586161477840506, 825123.547674657427706 ], [ 284455.954419231275097, 822593.709116140031256 ], [ 286791.085768385964911, 821285.408138033933938 ], [ 289880.938127070025075, 819988.868827156256884 ], [ 291331.980666280258447, 819856.317916963482276 ] ] } },
{ "type": "Feature", "properties": { "location": null, "name": null, "phases": null, "osm_id": "1126346024", "source": null, "brand": null, "cables": null, "circuits": null, "voltage": "132000", "max_voltage": 132000.0, "ref": null, "owner": null, "operator": null, "len": 2571.8249165363904 }, "geometry": { "type": "LineString", "coordinates": [ [ 253028.403479932952905, 927390.820412105647847 ], [ 252955.215857903531287, 926661.236711037810892 ], [ 252164.472480164142326, 925938.404007719713263 ], [ 252367.623474149004323, 925198.545027775457129 ] ] } },
{ "type": "Feature", "properties": { "location": null, "name": "National Grid Chickerell-Axminster", "phases": null, "osm_id": "1129776170", "source": null, "brand": null, "cables": "6", "circuits": "2", "voltage": "400000", "max_voltage": 400000.0, "ref": "4YA", "owner": null, "operator": "National Grid", "len": 4636.9721451373498 }, "geometry": { "type": "LineString", "coordinates": [ [ 364069.281960737425834, 84516.567831399443094 ], [ 363802.869425934448373, 82249.319590253086062 ], [ 365599.856090977962594, 80728.548624398099491 ] ] } },
{ "type": "Feature", "properties": { "location": null, "name": "GF 132kV", "phases": null, "osm_id": "1148351064", "source": "OS 1:25k;OS_OpenData_VectorMap_District", "brand": null, "cables": "6", "circuits": null, "voltage": "132000;33000", "max_voltage": 132000.0, "ref": null, "owner": null, "operator": "SHETL & SSED", "len": 2340.3367409591328 }, "geometry": { "type": "LineString", "coordinates": [ [ 302141.755427967291325, 823975.22968831891194 ], [ 303190.351761082711164, 824219.563232476823032 ], [ 303957.333557194389869, 825223.829950375366025 ] ] } },
{ "type": "Feature", "properties": { "location": null, "name": null, "phases": null, "osm_id": "1155325248", "source": "OS_OpenData_VectorMap_District", "brand": null, "cables": "6", "circuits": "2", "voltage": "400000", "max_voltage": 400000.0, "ref": "NDR", "owner": null, "operator": "SSEN Transmission", "len": 16987.742584077318 }, "geometry": { "type": "LineString", "coordinates": [ [ 369242.071655595267657, 835578.179349242476746 ], [ 369571.825016986462288, 835335.294190629734658 ], [ 370836.180187066027429, 836312.211025847005658 ], [ 372174.473549091781024, 837908.993254828383215 ], [ 374008.858716379851103, 839829.645146758761257 ], [ 381560.034999637748115, 843259.080045531969517 ], [ 382955.433146817784291, 844617.743311264319345 ] ] } },
{ "type": "Feature", "properties": { "location": null, "name": "PM1/PM2", "phases": null, "osm_id": "1158179646", "source": "OS_OpenData_VectorMap_District", "brand": null, "cables": "6", "circuits": "2", "voltage": "132000", "max_voltage": 132000.0, "ref": null, "owner": null, "operator": "Scottish and Southern Electricity Networks (SSEN)", "len": 3863.8639497500972 }, "geometry": { "type": "LineString", "coordinates": [ [ 315342.122416133759543, 955292.929503557737917 ], [ 316955.129137371550314, 951781.853608704404905 ] ] } },
{ "type": "Feature", "properties": { "location": null, "name": null, "phases": null, "osm_id": "1185334584", "source": null, "brand": null, "cables": "6", "circuits": "2", "voltage": "132000", "max_voltage": 132000.0, "ref": null, "owner": null, "operator": "SSEN Transmission", "len": 16007.26309616582 }, "geometry": { "type": "LineString", "coordinates": [ [ 264858.240404879848938, 898089.930474299238995 ], [ 263490.069419850653503, 898170.073301329626702 ], [ 262354.532476111664437, 898711.417673554853536 ], [ 260572.28677686638548, 900067.626323648029938 ], [ 260393.219378085545031, 904243.753750537987798 ], [ 261524.965763338201214, 904943.743852854822762 ], [ 260465.638674953574082, 906528.863635430578142 ], [ 259694.115533942385809, 908232.015535446465947 ], [ 258275.740715848020045, 909423.239798925351351 ] ] } },
{ "type": "Feature", "properties": { "location": null, "name": "MAG1 & 2", "phases": null, "osm_id": "1222941966", "source": "OS_OpenData_VectorMap_District", "brand": null, "cables": "6", "circuits": "2", "voltage": "132000", "max_voltage": 132000.0, "ref": "LT 183", "owner": null, "operator": "SSEN Transmission", "len": 7164.2680182788417 }, "geometry": { "type": "LineString", "coordinates": [ [ 270055.979649133048952, 829362.762077738763765 ], [ 270276.381686769833323, 828607.392095422837883 ], [ 272528.306878060800955, 826286.325229327427223 ], [ 274072.615732231992297, 825529.811137634096667 ], [ 275455.152147955959663, 825189.581205128692091 ] ] } },
{ "type": "Feature", "properties": { "location": null, "name": null, "phases": null, "osm_id": "1227576770", "source": null, "brand": null, "cables": "3", "circuits": null, "voltage": "132000", "max_voltage": 132000.0, "ref": null, "owner": null, "operator": null, "len": 3583.3238220544044 }, "geometry": { "type": "LineString", "coordinates": [ [ 258776.839706310245674, 907118.991853605024517 ], [ 257232.570031473122071, 908657.022851447109133 ], [ 257391.587065640458604, 910051.791029866086319 ] ] } },
{ "type": "Feature", "properties": { "location": null, "name": null, "phases": null, "osm_id": "1227576772", "source": null, "brand": null, "cables": "3", "circuits": "1", "voltage": "132000", "max_voltage": 132000.0, "ref": null, "owner": null, "operator": null, "len": 18325.172000083079 }, "geometry": { "type": "LineString", "coordinates": [ [ 258227.70647746528266, 909537.901672827778384 ], [ 257742.826258136454271, 910039.128252343391068 ], [ 258064.947044753556838, 911890.544173517031595 ], [ 257775.017925706779351, 913732.322759283822961 ], [ 258321.152861346869031, 914115.042301662848331 ], [ 258294.124972756224452, 914887.959568873862736 ], [ 259040.169901023909915, 915670.647726209484972 ], [ 258716.670676002686378, 916356.544736076728441 ], [ 257959.385522825818043, 916682.274639210547321 ], [ 255425.774017142714001, 919006.843543433002196 ], [ 255192.064126121404115, 920472.8052303919103 ], [ 254336.587634209834505, 921374.773937548045069 ], [ 254564.27684708830202, 922111.175324520445429 ], [ 253691.517894804826938, 923446.451122038764879 ], [ 252638.953664119937457, 924116.563468645792454 ] ] } },
{ "type": "Feature", "properties": { "location": null, "name": "Inverarnan - Killin", "phases": null, "osm_id": "1239385394", "source": "OS_OpenData_VectorMap_District", "brand": null, "cables": "6", "circuits": "2", "voltage": "132000", "max_voltage": 132000.0, "ref": "NL", "owner": null, "operator": "SSEN Transmission", "len": 18114.923071006095 }, "geometry": { "type": "LineString", "coordinates": [ [ 238650.397993045859039, 724625.899584383470938 ], [ 241344.954852510622004, 725462.723812329699285 ], [ 242699.78986920643365, 726804.865629005711526 ], [ 243361.338263811048819, 726840.006560798967257 ], [ 245118.501502416678704, 727580.526740462169982 ], [ 245465.647189566050656, 727487.866939450846985 ], [ 247707.134105750446906, 727947.326856615371071 ], [ 249694.579979274974903, 727665.819627225864679 ], [ 254003.164223223255249, 729552.087947855819948 ], [ 255169.781893876293907, 730428.205974633223377 ] ] } },
{ "type": "Feature", "properties": { "location": null, "name": null, "phases": null, "osm_id": "1247056632", "source": null, "brand": null, "cables": "6", "circuits": "2", "voltage": "400000;0", "max_voltage": 400000.0, "ref": "ZDA", "owner": null, "operator": "National Grid", "len": 1004.9593776174795 }, "geometry": { "type": "LineString", "coordinates": [ [ 480485.070125503116287, 370849.52045934018679 ], [ 480821.219443552196026, 371796.593311150674708 ] ] } },
{ "type": "Feature", "properties": { "location": null, "name": "National Grid Macclesfield-?", "phases": null, "osm_id": "1248128030", "source": null, "brand": null, "cables": "6", "circuits": "2", "voltage": "275000;275000", "max_voltage": 275000.0, "ref": "YV", "owner": null, "operator": "National Grid", "len": 1916.0919937960641 }, "geometry": { "type": "LineString", "coordinates": [ [ 391656.192340943205636, 390815.509329577791505 ], [ 392289.240647687343881, 390679.03873102972284 ], [ 393109.560506173293106, 389711.480178155528847 ] ] } },
{ "type": "Feature", "properties": { "location": null, "name": "National Grid Ratcliffe-Castle Donington", "phases": null, "osm_id": "1249839530", "source": "OS OpenData VectorMap District", "brand": null, "cables": "6", "circuits": "2", "voltage": "400000;275000", "max_voltage": 400000.0, "ref": "4VA", "owner": null, "operator": "National Grid", "len": 2611.9447223680559 }, "geometry": { "type": "LineString", "coordinates": [ [ 446289.919983099855017, 328552.971672755666077 ], [ 444225.634793385514058, 328446.077039121068083 ], [ 443882.852409603190608, 328022.509554767166264 ] ] } },
{ "type": "Feature", "properties": { "location": null, "name": null, "phases": null, "osm_id": "1254081799", "source": null, "brand": null, "cables": "6", "circuits": "2", "voltage": "132000", "max_voltage": 132000.0, "ref": null, "owner": null, "operator": "SSEN Transmission", "len": 58107.418341272612 }, "geometry": { "type": "LineString", "coordinates": [ [ 182856.367730318452232, 650212.738946861471049 ], [ 182786.505476037971675, 651303.669799298979342 ], [ 184138.92154353033402, 653221.099093195633031 ], [ 185037.998891054769047, 655054.589632280403748 ], [ 184178.590474273980362, 657861.219364756485447 ], [ 184335.419252591818804, 658296.068008361267857 ], [ 183445.979976875998545, 661045.352490140125155 ], [ 183378.798763590777526, 662812.909009846742265 ], [ 184735.634717863751575, 665298.270610744133592 ], [ 185506.268868486222345, 665712.865266957785934 ], [ 186036.06131122916122, 667847.178501758142374 ], [ 184673.216884628927801, 669275.10351869976148 ], [ 184995.751512575225206, 670409.767608881113119 ], [ 184800.044640203472227, 673289.319621444679797 ], [ 185456.396627114270814, 675540.097127814427949 ], [ 185680.536752387648448, 677413.400255599641241 ], [ 185452.683377409703098, 678630.197471773484722 ], [ 184545.85848898004042, 679446.253542736521922 ], [ 184452.226569361373549, 680694.382894599577412 ], [ 184025.743260771152563, 681719.117456245468929 ], [ 184015.474868311459431, 684981.40659509645775 ], [ 184235.648350934643531, 689051.739202695898712 ], [ 186673.384052560169948, 690035.211519840057008 ], [ 187298.064015105017461, 690390.87606264394708 ], [ 188331.744639457727317, 691905.32958950381726 ], [ 191995.189666919206502, 695312.852210275828838 ], [ 194434.959795329283224, 696794.41429913660977 ], [ 195486.892626815882977, 697735.799437734414823 ], [ 196380.432095160678728, 697624.54894797783345 ], [ 197166.526438604400028, 698029.696742234518752 ] ] } },
{ "type": "Feature", "properties": { "location": null, "name": null, "phases": null, "osm_id": "1263331870", "source": "OS_OpenData_VectorMap_District", "brand": null, "cables": "6", "circuits": "2", "voltage": "275000", "max_voltage": 275000.0, "ref": "XL", "owner": null, "operator": "SP Energy Networks", "len": 9129.4537334053311 }, "geometry": { "type": "LineString", "coordinates": [ [ 298361.640925828949548, 696828.134345959755592 ], [ 297615.701902581495233, 696203.907735551707447 ], [ 297520.955144588137046, 695886.891448879381642 ], [ 297449.206756596919149, 695646.825248938403092 ], [ 297189.648386505024973, 694778.499085119692609 ], [ 295976.852291781862732, 693148.006694325478747 ], [ 295096.686391318973619, 692592.676829936914146 ], [ 293794.682579917949624, 691330.776086328667589 ], [ 293873.37262304557953, 690479.435341924079694 ], [ 293213.854911925387569, 689826.410752748255618 ] ] } },
{ "type": "Feature", "properties": { "location": null, "name": null, "phases": null, "osm_id": "1284828064", "source": null, "brand": null, "cables": "6", "circuits": "2", "voltage": "400000;275000", "max_voltage": 400000.0, "ref": "4ZU", "owner": null, "operator": "National Grid Electricity Transmission", "len": 13766.473870012474 }, "geometry": { "type": "LineString", "coordinates": [ [ 435574.712141571217217, 424590.847161825513467 ], [ 437742.26167175185401, 422127.129729439213406 ], [ 437906.805867304559797, 421205.709442669467535 ], [ 438420.233595530968159, 420937.351531080377754 ], [ 439851.98563541972544, 421837.546862512128428 ], [ 441798.934413735114504, 422772.864899345964659 ], [ 443262.943640776211396, 423161.861056589696091 ], [ 444246.276974632695783, 423946.339188914455008 ], [ 446545.77106661797734, 424409.838666257681325 ] ] } },
{ "type": "Feature", "properties": { "location": null, "name": null, "phases": null, "osm_id": "1290779594", "source": "OS_OpenData_VectorMap_District", "brand": null, "cables": "3", "circuits": "1", "voltage": "132000", "max_voltage": 132000.0, "ref": null, "owner": null, "operator": null, "len": 2482.7471902580533 }, "geometry": { "type": "LineString", "coordinates": [ [ 321396.644667145737913, 569799.321769730304368 ], [ 321279.955084801418707, 568892.845919910352677 ], [ 320516.393408324220218, 567522.415158440824598 ] ] } },
{ "type": "Feature", "properties": { "location": null, "name": null, "phases": null, "osm_id": "1291772878", "source": null, "brand": null, "cables": "6", "circuits": "2", "voltage": "132000", "max_voltage": 132000.0, "ref": null, "owner": null, "operator": "SSEN Transmission", "len": 11169.95781534124 }, "geometry": { "type": "LineString", "coordinates": [ [ 211604.293688759760698, 711847.507207427523099 ], [ 208207.11491986431065, 711755.392934224917553 ], [ 207969.602657075447496, 710780.239306970383041 ], [ 206336.579025723214727, 708432.337413096451201 ], [ 206437.046254187356681, 707202.10461580788251 ], [ 205145.743851745733991, 705709.932133257505484 ], [ 204998.757489209034247, 705025.291297312709503 ] ] } },
{ "type": "Feature", "properties": { "location": null, "name": null, "phases": null, "osm_id": "1291772881", "source": null, "brand": null, "cables": "6", "circuits": "2", "voltage": "132000", "max_voltage": 132000.0, "ref": null, "owner": null, "operator": "SSEN Transmission", "len": 11204.852340056861 }, "geometry": { "type": "LineString", "coordinates": [ [ 204998.757489209034247, 705025.291297312709503 ], [ 204190.061918578576297, 704961.41965175641235 ], [ 201246.381486189231509, 703174.424548072973266 ], [ 197126.746960739925271, 699374.745632044388913 ], [ 197166.526438604400028, 698029.696742234518752 ] ] } },
{ "type": "Feature", "properties": { "location": null, "name": null, "phases": null, "osm_id": "1292057533", "source": "OS_OpenData_VectorMap_District", "brand": null, "cables": "6", "circuits": "2", "voltage": "132000", "max_voltage": 132000.0, "ref": null, "owner": null, "operator": "SSEN Transmission", "len": 5309.0122634470208 }, "geometry": { "type": "LineString", "coordinates": [ [ 186698.140052725124406, 689325.804488736670464 ], [ 189512.119156181346625, 688020.737436669878662 ], [ 190409.038694140443113, 686576.591183884884231 ], [ 190900.682019835512619, 686700.929470949689858 ] ] } },
{ "type": "Feature", "properties": { "location": null, "name": null, "phases": null, "osm_id": "1292329974", "source": "OS_OpenData_VectorMap_District", "brand": null, "cables": "6", "circuits": "2", "voltage": "275000", "max_voltage": 275000.0, "ref": "ZZA", "owner": null, "operator": "National Grid Electricity Transmission", "len": 2288.1397860762227 }, "geometry": { "type": "LineString", "coordinates": [ [ 449353.562487944087479, 523707.22549234656617 ], [ 448252.77102918131277, 525713.177098178537562 ] ] } },
{ "type": "Feature", "properties": { "location": null, "name": null, "phases": null, "osm_id": "1292329975", "source": "OS_OpenData_VectorMap_District", "brand": null, "cables": "6", "circuits": "2", "voltage": "275000", "max_voltage": 275000.0, "ref": "4TG", "owner": null, "operator": "National Grid Electricity Transmission", "len": 4362.9186974687063 }, "geometry": { "type": "LineString", "coordinates": [ [ 451826.616546503384598, 527151.453202219447121 ], [ 450900.747909586993046, 527575.940140243852511 ], [ 449715.351046505616978, 527137.973159974324517 ], [ 449243.347197465132922, 526488.626070806290954 ], [ 448033.133331887831446, 526078.269659566110931 ] ] } },
{ "type": "Feature", "properties": { "location": null, "name": null, "phases": null, "osm_id": "1292329980", "source": "OS_OpenData_VectorMap_District", "brand": null, "cables": "6", "circuits": "2", "voltage": "400000", "max_voltage": 400000.0, "ref": "2TX", "owner": null, "operator": "National Grid", "len": 10035.622387173027 }, "geometry": { "type": "LineString", "coordinates": [ [ 442143.126863237586804, 506645.822695785202086 ], [ 443050.520549912005663, 508352.417883570306003 ], [ 445102.540531038132031, 509877.105072796111926 ], [ 446103.950231629714835, 510176.53595284500625 ], [ 449437.351434799551498, 511779.913009201060049 ], [ 449986.584575538116042, 512364.53986680007074 ] ] } },
{ "type": "Feature", "properties": { "location": null, "name": null, "phases": null, "osm_id": "1292329981", "source": null, "brand": null, "cables": "6", "circuits": "2", "voltage": "400000", "max_voltage": 400000.0, "ref": "4VC", "owner": null, "operator": "National Grid Electricity Transmission", "len": 15605.225972490281 }, "geometry": { "type": "LineString", "coordinates": [ [ 440961.432255787251052, 522096.643080830108374 ], [ 440832.775369106733706, 521437.936880547902547 ], [ 440436.978456398821436, 520348.202287140768021 ], [ 440254.068552646087483, 518967.289566299179569 ], [ 441339.935460303153377, 516805.490310432272963 ], [ 441108.489459600823466, 514234.333173994207755 ], [ 441576.563097474572714, 510438.365828263456933 ], [ 441582.9348597364733, 508214.701141273370013 ], [ 442029.274947441183031, 506959.095631866250187 ] ] } },
{ "type": "Feature", "properties": { "location": null, "name": null, "phases": null, "osm_id": "1292329982", "source": null, "brand": null, "cables": "6", "circuits": "2", "voltage": "400000", "max_voltage": 400000.0, "ref": "YR", "owner": null, "operator": "National Grid Electricity Transmission", "len": 13347.897675924607 }, "geometry": { "type": "LineString", "coordinates": [ [ 456585.558559626340866, 459934.286030685878359 ], [ 459449.238926813122816, 459468.662028020597063 ], [ 459861.579304231912829, 459489.379466201760806 ], [ 460244.509327407751698, 459501.339520030538552 ], [ 460616.964404498285148, 459518.168706858064979 ], [ 462901.750003615859896, 457719.169391452101991 ], [ 463017.955830120132305, 455238.333273205207661 ], [ 463831.562122439674567, 454319.640481837675907 ], [ 463866.923955757170916, 452973.679005601909012 ], [ 464272.183920630486682, 451725.19384054094553 ] ] } },
{ "type": "Feature", "properties": { "location": null, "name": "Pentir-Trawsfynydd", "phases": null, "osm_id": "1292400923", "source": "Bing;National Grid Network Route Maps Data", "brand": null, "cables": "6", "circuits": "2", "voltage": "400000;132000", "max_voltage": 400000.0, "ref": "4ZC", "owner": null, "operator": "NGET;SPEN", "len": 8142.5818254452497 }, "geometry": { "type": "LineString", "coordinates": [ [ 248154.248285502544604, 343758.952798277314287 ], [ 249340.163385246734833, 341070.226584793941583 ], [ 250396.941710312763462, 340615.372523483936675 ], [ 252085.771032035787357, 340871.429834334470797 ], [ 254323.866475564718712, 340170.474905600014608 ] ] } },
{ "type": "Feature", "properties": { "location": null, "name": "Beauly-Denny", "phases": null, "osm_id": "1296021061", "source": null, "brand": null, "cables": "6", "circuits": "2", "voltage": "400000;275000", "max_voltage": 400000.0, "ref": "ZW", "owner": null, "operator": "SSEN Transmission", "len": 10104.751490070168 }, "geometry": { "type": "LineString", "coordinates": [ [ 281950.362264277180657, 701227.87568846042268 ], [ 282142.819191065733321, 702419.141571437707171 ], [ 280312.147275780676864, 704410.185208178008907 ], [ 279551.322271162294783, 705595.441942788893357 ], [ 278331.349290909536649, 706718.570941599551588 ], [ 278681.099562837916892, 708863.825406453106552 ], [ 279441.520625764562283, 709438.336575881927274 ] ] } },
{ "type": "Feature", "properties": { "location": null, "name": null, "phases": null, "osm_id": "1296035338", "source": "OS_OpenData_VectorMap_District", "brand": null, "cables": "6", "circuits": "2", "voltage": "275000", "max_voltage": 275000.0, "ref": "YS", "owner": null, "operator": "SP Energy Networks", "len": 12442.978948010816 }, "geometry": { "type": "LineString", "coordinates": [ [ 324939.809723927523009, 704234.414584047743119 ], [ 326212.403520916646812, 704796.4042099758517 ], [ 327067.191991428961046, 705662.14513888140209 ], [ 327032.401991549995728, 707069.911840390879661 ], [ 325612.222783754579723, 709903.580292111961171 ], [ 325073.671685759909451, 711522.217209488968365 ], [ 322807.29581207188312, 714256.55253310315311 ] ] } },
{ "type": "Feature", "properties": { "location": "overhead", "name": null, "phases": null, "osm_id": "1296073115", "source": "OS_OpenData_VectorMap_District", "brand": null, "cables": "6", "circuits": "2", "voltage": "400000", "max_voltage": 400000.0, "ref": "XC", "owner": null, "operator": "SP Energy Networks", "len": 11633.140433377608 }, "geometry": { "type": "LineString", "coordinates": [ [ 228541.009904420323437, 651608.76057904434856 ], [ 227976.096388077770825, 651816.594155534985475 ], [ 226655.330523746553808, 651261.107137725222856 ], [ 225065.803985975479009, 649387.676560293184593 ], [ 222037.274737043364439, 649460.755496278870851 ], [ 219983.81013629908557, 649626.450344438198954 ], [ 218938.009476211649599, 650425.61762124649249 ], [ 218875.224398751917761, 651158.677429845207371 ] ] } },
{ "type": "Feature", "properties": { "location": null, "name": null, "phases": null, "osm_id": "1298127281", "source": "OS_OpenData_VectorMap_District", "brand": null, "cables": "6", "circuits": "2", "voltage": "132000", "max_voltage": 132000.0, "ref": "CD", "owner": null, "operator": "SP Energy Networks", "len": 2281.8575045821717 }, "geometry": { "type": "LineString", "coordinates": [ [ 240046.272752721764846, 612243.240373437409289 ], [ 241454.746294050011784, 613508.969763282686472 ], [ 241489.439182509144302, 613895.635022330097854 ] ] } },
{ "type": "Feature", "properties": { "location": null, "name": null, "phases": null, "osm_id": "1298127283", "source": "OS_OpenData_VectorMap_District", "brand": null, "cables": "6", "circuits": "2", "voltage": "400000", "max_voltage": 400000.0, "ref": null, "owner": null, "operator": "SP Energy Networks", "len": 6789.1725672327202 }, "geometry": { "type": "LineString", "coordinates": [ [ 379733.717242982878815, 641859.537648752797395 ], [ 381252.383381308114622, 641634.736089995829388 ], [ 382751.906338102184236, 642348.931408356642351 ], [ 384503.23241581057664, 642398.028616081923246 ], [ 386007.986641676106956, 641337.322537371539511 ] ] } },
{ "type": "Feature", "properties": { "location": null, "name": null, "phases": null, "osm_id": "1298127284", "source": "OS_OpenData_VectorMap_District", "brand": null, "cables": "6", "circuits": "2", "voltage": "275000", "max_voltage": 275000.0, "ref": "XD", "owner": null, "operator": "SP Energy Networks", "len": 4481.9723996775183 }, "geometry": { "type": "LineString", "coordinates": [ [ 292296.078418082674034, 688351.422641904558986 ], [ 290616.14821172459051, 686939.764053322374821 ], [ 289984.892100184515584, 686189.156981636653654 ], [ 288824.809221213159617, 685587.305545704439282 ] ] } },
{ "type": "Feature", "properties": { "location": null, "name": null, "phases": null, "osm_id": "1298175584", "source": "Bing", "brand": null, "cables": "6", "circuits": "2", "voltage": "400000", "max_voltage": 400000.0, "ref": "ZFF", "owner": null, "operator": "National Grid Electricity Transmission", "len": 2818.9715012386314 }, "geometry": { "type": "LineString", "coordinates": [ [ 402116.872815840179101, 261317.406641714798752 ], [ 403418.13020229653921, 261183.381493048102129 ], [ 404736.183448142954148, 260444.907598174875602 ] ] } },
{ "type": "Feature", "properties": { "location": null, "name": null, "phases": null, "osm_id": "1298175585", "source": "Bing", "brand": null, "cables": "6", "circuits": "2", "voltage": "400000;275000", "max_voltage": 400000.0, "ref": "ZFC", "owner": null, "operator": "National Grid Electricity Transmission", "len": 2764.2019490798748 }, "geometry": { "type": "LineString", "coordinates": [ [ 404767.712523613008671, 260775.22596190526383 ], [ 403410.003217153251171, 261248.935561148857232 ], [ 402090.596919712552335, 261383.255888172134291 ] ] } },
{ "type": "Feature", "properties": { "location": null, "name": "Moor Monkton-Poppleton", "phases": null, "osm_id": "1299124487", "source": null, "brand": null, "cables": "6", "circuits": "2", "voltage": "275000", "max_voltage": 275000.0, "ref": "XCP", "owner": null, "operator": "National Grid Electricity Transmission", "len": 5054.7963504116278 }, "geometry": { "type": "LineString", "coordinates": [ [ 456364.438615998195019, 456057.827446609502658 ], [ 452853.099299776775297, 456199.213150902302004 ], [ 451394.256422270496842, 456694.452375081949867 ] ] } },
{ "type": "Feature", "properties": { "location": null, "name": null, "phases": null, "osm_id": "1299124488", "source": null, "brand": null, "cables": "6", "circuits": "2", "voltage": "275000", "max_voltage": 275000.0, "ref": "XD", "owner": null, "operator": "National Grid Electricity Transmission", "len": 2804.737098362727 }, "geometry": { "type": "LineString", "coordinates": [ [ 443595.554802794591524, 442337.644869154668413 ], [ 444126.478227806976065, 442072.230376617750153 ], [ 446307.062994324078318, 441705.742960802745074 ] ] } },
{ "type": "Feature", "properties": { "location": null, "name": "Monk Fryston-Poppleton", "phases": null, "osm_id": "1299124489", "source": null, "brand": null, "cables": "6", "circuits": "2", "voltage": "275000", "max_voltage": 275000.0, "ref": "XCP", "owner": null, "operator": "National Grid Electricity Transmission", "len": 3114.6290585353831 }, "geometry": { "type": "LineString", "coordinates": [ [ 457108.748425776895601, 453639.13363338378258 ], [ 457557.002688683569431, 453674.576107469038107 ], [ 456364.438615998195019, 456057.827446609502658 ] ] } },
{ "type": "Feature", "properties": { "location": null, "name": null, "phases": null, "osm_id": "1301272335", "source": "Bing", "brand": null, "cables": "6", "circuits": "2", "voltage": "275000", "max_voltage": 275000.0, "ref": "XM", "owner": null, "operator": "National Grid Electricity Transmission", "len": 5154.9354550269063 }, "geometry": { "type": "LineString", "coordinates": [ [ 320879.416127542906906, 183792.603946976189036 ], [ 322339.43763980170479, 183128.004700671473984 ], [ 323200.298086224938743, 182421.756292668695096 ], [ 325267.605561188422143, 181130.809088030364364 ] ] } },
{ "type": "Feature", "properties": { "location": null, "name": null, "phases": null, "osm_id": "1301396712", "source": null, "brand": null, "cables": "6", "circuits": "2", "voltage": "400000", "max_voltage": 400000.0, "ref": "ZDA", "owner": null, "operator": "National Grid", "len": 1737.2302683748057 }, "geometry": { "type": "LineString", "coordinates": [ [ 480634.601005504722707, 370496.653155995998532 ], [ 481191.512181643105578, 370722.260931298835203 ], [ 480821.219443552196026, 371796.593311150674708 ] ] } },
{ "type": "Feature", "properties": { "location": null, "name": null, "phases": null, "osm_id": "1301396713", "source": null, "brand": null, "cables": "6", "circuits": "2", "voltage": "400000", "max_voltage": 400000.0, "ref": "4AC", "owner": null, "operator": "National Grid", "len": 5717.093296260553 }, "geometry": { "type": "LineString", "coordinates": [ [ 510703.453986143227667, 416293.520580859971233 ], [ 511588.281712774012703, 417267.211982029257342 ], [ 513489.269975677598268, 417918.593450619897339 ], [ 514439.627578671847004, 417965.17114605155075 ], [ 515178.64698862482328, 419201.574014577490743 ] ] } },
{ "type": "Feature", "properties": { "location": null, "name": null, "phases": null, "osm_id": "1301396714", "source": null, "brand": null, "cables": "6", "circuits": "2", "voltage": "400000", "max_voltage": 400000.0, "ref": "4YQ", "owner": null, "operator": "National Grid Electricity Transmission", "len": 5026.7922018107984 }, "geometry": { "type": "LineString", "coordinates": [ [ 452779.501691863755696, 423022.88498368364526 ], [ 454165.763501081499271, 423766.516005402372684 ], [ 457237.771767173660919, 424684.700501679559238 ], [ 457450.026954980334267, 424557.636882584891282 ] ] } },
{ "type": "Feature", "properties": { "location": null, "name": "National Grid Legacy-Shrewsbury", "phases": null, "osm_id": "1301396715", "source": "Bing", "brand": null, "cables": "6", "circuits": "2", "voltage": "400000", "max_voltage": 400000.0, "ref": "ZZJ", "owner": null, "operator": "National Grid", "len": 22180.783346530217 }, "geometry": { "type": "LineString", "coordinates": [ [ 337525.439454103528988, 326592.143843797617592 ], [ 340190.439440299000125, 324754.380988578312099 ], [ 341197.495665664086118, 324549.618887662014458 ], [ 343548.809404274681583, 322772.592320225725416 ], [ 344790.076099251629785, 321065.420663578028325 ], [ 346187.516667124757078, 319875.303970099543221 ], [ 349765.514605330885388, 317078.484353079285938 ], [ 351718.687376012443565, 316553.120402453874703 ], [ 353162.053705245081801, 314015.015720729541499 ], [ 353262.41927650780417, 313093.771947776607703 ], [ 353238.497434373479337, 312660.569964006077498 ], [ 353385.128049202205148, 312559.681778781523462 ] ] } },
{ "type": "Feature", "properties": { "location": null, "name": "National Grid Kelmsley - Littlebrook - Rowdown", "phases": null, "osm_id": "1301396717", "source": "Bing", "brand": null, "cables": "6", "circuits": "2", "voltage": "400000", "max_voltage": 400000.0, "ref": "ZZT", "owner": null, "operator": "National Grid", "len": 2856.5412523104997 }, "geometry": { "type": "LineString", "coordinates": [ [ 541921.62194429943338, 162661.18054465710884 ], [ 539589.394926787121221, 163044.962066477863118 ], [ 539160.058083032025024, 163287.176869648334105 ] ] } },
{ "type": "Feature", "properties": { "location": null, "name": "National Grid Kelmsley - Littlebrook - Rowdown", "phases": null, "osm_id": "1301396718", "source": "Bing", "brand": null, "cables": "3", "circuits": "1", "voltage": "400000", "max_voltage": 400000.0, "ref": "ZZT", "owner": null, "operator": "National Grid", "len": 1070.6045291980106 }, "geometry": { "type": "LineString", "coordinates": [ [ 542979.174619051511399, 162827.843072131101508 ], [ 541921.62194429943338, 162661.18054465710884 ] ] } },
{ "type": "Feature", "properties": { "location": null, "name": "National Grid Kelmsley - Littlebrook - Rowdown", "phases": null, "osm_id": "1301396719", "source": "Bing", "brand": null, "cables": "3", "circuits": "1", "voltage": "400000", "max_voltage": 400000.0, "ref": "ZZT", "owner": null, "operator": "National Grid", "len": 1070.6045291980106 }, "geometry": { "type": "LineString", "coordinates": [ [ 542979.174619051511399, 162827.843072131101508 ], [ 541921.62194429943338, 162661.18054465710884 ] ] } },
{ "type": "Feature", "properties": { "location": null, "name": "National Grid Barking - Northfleet East - West Thurrock", "phases": null, "osm_id": "1301396720", "source": null, "brand": null, "cables": "6", "circuits": "2", "voltage": "400000", "max_voltage": 400000.0, "ref": "YN", "owner": null, "operator": "National Grid", "len": 1260.3601064420418 }, "geometry": { "type": "LineString", "coordinates": [ [ 560944.623252647696063, 173192.955012753023766 ], [ 562063.575981526868418, 172612.909852059092373 ] ] } },
{ "type": "Feature", "properties": { "location": null, "name": "National Grid Kingsnorth - Northfleet East", "phases": null, "osm_id": "1301396721", "source": "Bing", "brand": null, "cables": "6", "circuits": "2", "voltage": "400000", "max_voltage": 400000.0, "ref": "4YN", "owner": null, "operator": "National Grid", "len": 1237.6955751126577 }, "geometry": { "type": "LineString", "coordinates": [ [ 566434.740942751872353, 170071.909802360809408 ], [ 565289.712924637831748, 169602.014947752584703 ] ] } },
{ "type": "Feature", "properties": { "location": null, "name": null, "phases": null, "osm_id": "1307454522", "source": null, "brand": null, "cables": "6", "circuits": "2", "voltage": "132000", "max_voltage": 132000.0, "ref": "CK", "owner": null, "operator": "SP Energy Networks", "len": 4912.4126023419949 }, "geometry": { "type": "LineString", "coordinates": [ [ 224905.888854773394996, 692148.38514543522615 ], [ 224793.663929308968363, 695038.060329607920721 ], [ 226121.994329760374967, 696560.623013683944009 ] ] } },
{ "type": "Feature", "properties": { "location": null, "name": null, "phases": null, "osm_id": "1307454523", "source": "OS7;OS_OpenData_VectorMap_District", "brand": null, "cables": "6", "circuits": "2", "voltage": "132000", "max_voltage": 132000.0, "ref": null, "owner": null, "operator": "SSEN Transmission", "len": 14118.637980862031 }, "geometry": { "type": "LineString", "coordinates": [ [ 226103.621889855974587, 696631.562596271280199 ], [ 227498.697298292216146, 700140.950603087549098 ], [ 228730.485908894886961, 702652.887143332627602 ], [ 230013.589801774913212, 703478.079195541562513 ], [ 230302.554264850332402, 705157.765161303570494 ], [ 230006.478711778152501, 705803.178982225712389 ], [ 230832.494366551749408, 707019.855480006313883 ], [ 230885.378094176150626, 709153.053319552564062 ] ] } },
{ "type": "Feature", "properties": { "location": null, "name": null, "phases": null, "osm_id": "1307454525", "source": "OS_OpenData_VectorMap_District", "brand": null, "cables": "6", "circuits": "2", "voltage": "132000", "max_voltage": 132000.0, "ref": "CM", "owner": null, "operator": "SP Energy Networks", "len": 2331.9522086032471 }, "geometry": { "type": "LineString", "coordinates": [ [ 221046.805359755002428, 692026.75444179342594 ], [ 222543.445774685038486, 691719.493995632859878 ], [ 223263.702677650639089, 692076.988040811847895 ] ] } },
{ "type": "Feature", "properties": { "location": null, "name": null, "phases": null, "osm_id": "1307579192", "source": null, "brand": null, "cables": "6", "circuits": "2", "voltage": "275000;0", "max_voltage": 275000.0, "ref": "YO", "owner": null, "operator": "National Grid Electricity Transmission", "len": 1962.943965592046 }, "geometry": { "type": "LineString", "coordinates": [ [ 391165.335822991561145, 391017.066331824054942 ], [ 390431.158745797874872, 391602.265637827571481 ], [ 389642.252173851593398, 390949.305594339093659 ] ] } },
{ "type": "Feature", "properties": { "location": null, "name": "Quoich to Aberchalder", "phases": null, "osm_id": "1320764696", "source": null, "brand": null, "cables": "3", "circuits": null, "voltage": "132000", "max_voltage": 132000.0, "ref": null, "owner": null, "operator": "Scottish and Southern Electricity Networks (SSEN)", "len": 19468.625915009354 }, "geometry": { "type": "LineString", "coordinates": [ [ 211651.492428648198256, 801869.265672466135584 ], [ 213133.839323622756638, 801826.018229700974189 ], [ 214734.71960177863366, 801111.310305147082545 ], [ 216000.851267439604271, 801592.164325417019427 ], [ 217039.099423093313817, 801673.256048511597328 ], [ 218933.105012663087109, 802611.085773121099919 ], [ 221953.049973674846115, 802452.24626263033133 ], [ 224221.213515763578471, 803032.66875215433538 ], [ 224501.581916098453803, 803676.113241846906021 ], [ 226214.836698601604439, 803488.766976691782475 ], [ 226584.919857219210826, 803195.96358541212976 ], [ 227967.87150396083598, 803164.057108609704301 ], [ 228651.469047253689496, 802559.107345114112832 ], [ 229811.834019129484659, 802656.503476853133179 ] ] } },
{ "type": "Feature", "properties": { "location": null, "name": "National Grid Walpole-Norwich Main VV", "phases": null, "osm_id": "1333745858", "source": "image;survey", "brand": null, "cables": "6", "circuits": "2", "voltage": "400000", "max_voltage": 400000.0, "ref": "4VV", "owner": null, "operator": "National Grid", "len": 35378.591614764169 }, "geometry": { "type": "LineString", "coordinates": [ [ 589142.978337689535692, 310765.45740647817729 ], [ 591991.717713501304388, 311364.583663181459997 ], [ 596129.221772076096386, 310650.267497324733995 ], [ 597884.424731626175344, 310732.033721758867614 ], [ 600838.083644023397937, 309796.253214807948098 ], [ 605346.529189265682362, 308898.234605077712331 ], [ 608367.467262595542707, 308764.170559087768197 ], [ 610357.431315063964576, 307073.313567449571565 ], [ 611764.655539346858859, 306813.128374770982191 ], [ 613241.624515459872782, 305861.902532303822227 ], [ 617351.089322924381122, 306142.123606162553187 ], [ 618068.221382795483805, 305979.331728009623475 ], [ 618386.09004355291836, 305050.5372469915892 ], [ 620198.566986800171435, 304045.68631243694108 ], [ 621229.586913915351033, 302694.834767649299465 ], [ 621584.818936484633014, 302545.198334174929187 ] ] } },
{ "type": "Feature", "properties": { "location": null, "name": null, "phases": null, "osm_id": "1342548160", "source": null, "brand": null, "cables": "6", "circuits": "2", "voltage": "275000;132000", "max_voltage": 275000.0, "ref": "VE", "owner": null, "operator": "National Grid Electricity Transmission", "len": 1809.3345415949352 }, "geometry": { "type": "LineString", "coordinates": [ [ 273940.049165836418979, 193632.627067781577352 ], [ 274957.765280642779544, 193559.689092170912772 ], [ 275232.453814523876645, 193783.380683272262104 ], [ 275665.826470049039926, 193818.085150767466985 ] ] } },
{ "type": "Feature", "properties": { "location": null, "name": "Swansea North-TATA Steel Port Talbot", "phases": null, "osm_id": "1342548166", "source": null, "brand": null, "cables": "6", "circuits": "2", "voltage": "275000;132000", "max_voltage": 275000.0, "ref": "VE", "owner": null, "operator": "National Grid Electricity Transmission", "len": 1368.4583339150531 }, "geometry": { "type": "LineString", "coordinates": [ [ 268500.97334856010275, 194440.058490729425102 ], [ 269303.387374095036648, 193331.541488926392049 ] ] } },
{ "type": "Feature", "properties": { "location": null, "name": "National Grid Pembroke-?", "phases": null, "osm_id": "1351570624", "source": null, "brand": null, "cables": "6", "circuits": "2", "voltage": "400000", "max_voltage": 400000.0, "ref": "4YU", "owner": null, "operator": null, "len": 13186.584416089823 }, "geometry": { "type": "LineString", "coordinates": [ [ 304974.115853632159997, 204383.674339136807248 ], [ 302632.80133580265101, 204361.491941433632746 ], [ 301129.943061764468439, 203770.893418009043671 ], [ 300168.057703193218913, 204379.935324307647534 ], [ 299767.846818086924031, 205827.030364581965841 ], [ 299550.445627957698889, 205876.458751490397844 ], [ 299124.989707396132872, 205947.275528842641506 ], [ 298763.552897795336321, 205996.713415330566932 ], [ 297312.168083504249807, 206225.059463853074703 ], [ 296598.985158430412412, 206330.778133559739217 ], [ 293229.795287739078049, 206616.027657001221087 ] ] } },
{ "type": "Feature", "properties": { "location": null, "name": null, "phases": null, "osm_id": "1376328853", "source": null, "brand": null, "cables": "6", "circuits": "2", "voltage": "132000", "max_voltage": 132000.0, "ref": "YXB", "owner": null, "operator": null, "len": 4457.2131434353987 }, "geometry": { "type": "LineString", "coordinates": [ [ 367724.24179681786336, 189984.906080511049367 ], [ 368080.859344980271999, 187918.376867369108368 ], [ 366871.405869007459842, 185891.685129549587145 ] ] } },
{ "type": "Feature", "properties": { "location": null, "name": "National Grid Bramley-Melksham", "phases": null, "osm_id": "1382783422", "source": null, "brand": null, "cables": "6", "circuits": "2", "voltage": "400000", "max_voltage": 400000.0, "ref": "YYM", "owner": null, "operator": "National Grid", "len": 11187.796664298603 }, "geometry": { "type": "LineString", "coordinates": [ [ 399344.545689135440625, 163508.931436447717715 ], [ 397412.142671814421192, 162986.204052628192585 ], [ 395253.416465530637652, 163144.670533513417467 ], [ 393148.996483170660213, 164466.766143831599038 ], [ 391447.879574419523124, 166484.515465736447368 ], [ 390744.965325906523503, 166780.700403376016766 ], [ 389734.273357701371424, 166265.941290117916651 ] ] } },
{ "type": "Feature", "properties": { "location": null, "name": "National Grid Bramley-Melksham", "phases": null, "osm_id": "1382783424", "source": null, "brand": null, "cables": "6", "circuits": "2", "voltage": "400000", "max_voltage": 400000.0, "ref": "YYM", "owner": null, "operator": "National Grid", "len": 3519.0670162977713 }, "geometry": { "type": "LineString", "coordinates": [ [ 403410.61119073809823, 163309.651367319282144 ], [ 402844.442929708515294, 163763.026599886186887 ], [ 400055.561586168827489, 163598.289807645778637 ] ] } },
{ "type": "Feature", "properties": { "location": null, "name": null, "phases": null, "osm_id": "1386613939", "source": "OS_OpenData_VectorMap_District", "brand": null, "cables": "6", "circuits": "2", "voltage": "275000", "max_voltage": 275000.0, "ref": "ZCN", "owner": null, "operator": "SP Energy Networks", "len": 5355.7154888579826 }, "geometry": { "type": "LineString", "coordinates": [ [ 282507.494953607849311, 684629.878977114451118 ], [ 282777.653262963343877, 685761.141464531072415 ], [ 286760.965537102834787, 687069.372664113761857 ] ] } },
{ "type": "Feature", "properties": { "location": null, "name": "Beauly-Denny", "phases": null, "osm_id": "1387181272", "source": null, "brand": null, "cables": "6", "circuits": "2", "voltage": "400000;275000", "max_voltage": 400000.0, "ref": "ZW", "owner": null, "operator": "SP Energy Networks", "len": 2567.7425663661361 }, "geometry": { "type": "LineString", "coordinates": [ [ 282412.202664973330684, 684678.833883328246884 ], [ 282726.453825460223015, 685800.579930116422474 ], [ 284063.747188898036256, 686224.280572521151043 ] ] } },
{ "type": "Feature", "properties": { "location": null, "name": "National Grid Norwich Main-Bramford", "phases": null, "osm_id": "1389837650", "source": "image;survey", "brand": null, "cables": "6", "circuits": "2", "voltage": "400000", "max_voltage": 400000.0, "ref": "4YM", "owner": null, "operator": null, "len": 30071.46482636562 }, "geometry": { "type": "LineString", "coordinates": [ [ 621812.839155682129785, 302241.655925060913432 ], [ 620144.32968318881467, 297917.23633095540572 ], [ 618171.66575049655512, 294935.641163296590094 ], [ 617661.929562311735936, 292147.321791031048633 ], [ 617415.011637324700132, 291633.909699946234468 ], [ 617283.226062312256545, 289657.917443161248229 ], [ 616187.079903484671377, 288045.126060930895619 ], [ 615582.436860464862548, 285184.280763800546993 ], [ 613770.272728366428055, 281557.41724212677218 ], [ 613984.840756578254513, 280507.098619659431279 ], [ 613829.156244138022885, 279398.456225195492152 ], [ 614186.709109744871967, 278604.460880357364658 ], [ 613967.342725327471271, 277767.21823374426458 ], [ 612988.540598507388495, 276909.355033770436421 ], [ 611603.835520121618174, 275049.411374997522216 ] ] } },
{ "type": "Feature", "properties": { "location": null, "name": "SP Transmission Harker-Gretna", "phases": null, "osm_id": "1390700036", "source": null, "brand": null, "cables": "6", "circuits": "2", "voltage": "400000", "max_voltage": 400000.0, "ref": "ZV", "owner": null, "operator": "SP Transmission", "len": 2093.5262463110612 }, "geometry": { "type": "LineString", "coordinates": [ [ 332841.319585867924616, 571276.439206347684376 ], [ 333328.197144033270888, 569240.314851759234443 ] ] } },
{ "type": "Feature", "properties": { "location": null, "name": "Beauly-Denny Power Line", "phases": null, "osm_id": "1391612581", "source": null, "brand": null, "cables": "6", "circuits": "2", "voltage": "400000;275000", "max_voltage": 400000.0, "ref": "MB", "owner": null, "operator": "SSEN Transmission", "len": 3827.4616187715387 }, "geometry": { "type": "LineString", "coordinates": [ [ 276993.578528154175729, 755731.533322114264593 ], [ 277071.398029690259136, 758089.40484704147093 ], [ 276838.226452728034928, 758276.019231343292631 ], [ 276537.296140524209477, 758515.934312914730981 ], [ 276241.56122745142784, 758752.622639676555991 ], [ 275965.064847032772377, 759049.924361938377842 ] ] } },
{ "type": "Feature", "properties": { "location": null, "name": "National Grid Sellindge-Dungeness", "phases": null, "osm_id": "1395908944", "source": "Bing", "brand": null, "cables": "6", "circuits": "2", "voltage": "400000", "max_voltage": 400000.0, "ref": "VO", "owner": null, "operator": "National Grid", "len": 4914.7736240782815 }, "geometry": { "type": "LineString", "coordinates": [ [ 606853.887860349146649, 117156.878908654762199 ], [ 603915.943392879213206, 118707.895587405218976 ], [ 603887.984928145655431, 120011.256200836680364 ], [ 603599.101531419670209, 120009.384840125974733 ] ] } },
{ "type": "Feature", "properties": { "location": null, "name": "Dungeness-Ninfield", "phases": null, "osm_id": "1395908946", "source": null, "brand": null, "cables": "6", "circuits": "2", "voltage": "400000", "max_voltage": 400000.0, "ref": "4ZJ", "owner": null, "operator": "National Grid", "len": 5176.4051177376778 }, "geometry": { "type": "LineString", "coordinates": [ [ 606837.330717258271761, 117097.959111738426145 ], [ 603860.420371029176749, 118677.073089535988402 ], [ 603835.383939341292717, 119957.309490515850484 ], [ 603311.107897249283269, 119913.330686862405855 ] ] } },
{ "type": "Feature", "properties": { "location": null, "name": "Cottam - Eaton Socon - Wymondley", "phases": null, "osm_id": "1409709373", "source": "Bing", "brand": null, "cables": "6", "circuits": "2", "voltage": "400000", "max_voltage": 400000.0, "ref": "4VK", "owner": null, "operator": "National Grid Electricity Transmission", "len": 15928.865716102402 }, "geometry": { "type": "LineString", "coordinates": [ [ 516264.58905766584212, 258704.68972154072253 ], [ 516331.565911820274778, 258474.455376085825264 ], [ 516402.85232436330989, 258140.109972946578637 ], [ 516492.263358204450924, 257727.527944902074523 ], [ 516785.636848260648549, 257182.093948550638743 ], [ 516912.417789860628545, 256938.808673251711298 ], [ 517255.350231610878836, 256304.320263563131448 ], [ 517426.556730389653239, 256000.826423798571341 ], [ 517602.375945870473515, 255663.150765113881789 ], [ 517756.504207503516227, 255337.418034717964474 ], [ 518348.178524040151387, 254021.963142947119195 ], [ 517934.408262982207816, 250408.677568386017811 ], [ 520547.97825070284307, 246868.94183160137618 ], [ 521627.218324294954073, 244349.023682379571255 ] ] } },
{ "type": "Feature", "properties": { "location": null, "name": "National Grid Braintree-Rayleigh Main", "phases": null, "osm_id": "1410897127", "source": null, "brand": null, "cables": "6", "circuits": "2", "voltage": "400000", "max_voltage": 400000.0, "ref": "4VB", "owner": null, "operator": "National Grid", "len": 11946.085354459085 }, "geometry": { "type": "LineString", "coordinates": [ [ 575161.735295559628867, 210579.347389010654297 ], [ 575829.31170825578738, 211521.400642430060543 ], [ 575887.806131417048164, 212488.81679603853263 ], [ 574789.519783358438872, 215260.788114229682833 ], [ 575633.929204826941714, 216583.021251964266412 ], [ 577183.264435649267398, 218156.726264676311985 ], [ 577628.877397384261712, 220411.468456786707975 ], [ 577320.82017943484243, 221111.773788638820406 ] ] } },
{ "type": "Feature", "properties": { "location": null, "name": null, "phases": null, "osm_id": "1411600575", "source": null, "brand": null, "cables": "6", "circuits": "2", "voltage": "132000", "max_voltage": 132000.0, "ref": "YXB", "owner": null, "operator": null, "len": 7695.0902469395933 }, "geometry": { "type": "LineString", "coordinates": [ [ 361369.078434302355163, 193943.452657276939135 ], [ 362669.220680545608047, 193649.489255011081696 ], [ 364472.143387282034382, 192516.614331118878908 ], [ 365551.772749027353711, 191621.293522630236112 ], [ 366853.226329079538118, 191130.997972207260318 ], [ 367724.24179681786336, 189984.906080511049367 ] ] } },
{ "type": "Feature", "properties": { "location": null, "name": null, "phases": null, "osm_id": "1412824212", "source": null, "brand": null, "cables": "3", "circuits": "1", "voltage": "132000", "max_voltage": 132000.0, "ref": null, "owner": null, "operator": "Scottish and Southern Electricity Networks (SSEN)", "len": 4626.4694453188658 }, "geometry": { "type": "LineString", "coordinates": [ [ 297761.269082973478362, 962640.639145920984447 ], [ 298513.694783903483767, 962416.528769072610885 ], [ 299181.377772183215711, 963384.895564174279571 ], [ 299225.612594050297048, 964952.55920167430304 ], [ 298578.359381308895536, 965838.080270122736692 ] ] } },
{ "type": "Feature", "properties": { "location": null, "name": "National Grid Bramford-Stocking Pelham", "phases": null, "osm_id": "1413796892", "source": null, "brand": null, "cables": "6", "circuits": "2", "voltage": "400000", "max_voltage": 400000.0, "ref": "4YL", "owner": null, "operator": null, "len": 1802.7874476512548 }, "geometry": { "type": "LineString", "coordinates": [ [ 606274.348836207063869, 241897.559684777923394 ], [ 607017.882970795850269, 243539.874993149074726 ] ] } },
{ "type": "Feature", "properties": { "location": null, "name": "National Grid Bramford-Stocking Pelham", "phases": null, "osm_id": "1413796893", "source": null, "brand": null, "cables": "6", "circuits": "2", "voltage": "400000", "max_voltage": 400000.0, "ref": "4YL", "owner": null, "operator": null, "len": 3752.3810883879091 }, "geometry": { "type": "LineString", "coordinates": [ [ 607107.366512077045627, 243677.888661008211784 ], [ 608649.229086660896428, 244651.738818669051398 ], [ 609335.798004579497501, 245951.24837655381998 ], [ 609757.273850740981288, 245769.492605746840127 ] ] } },
{ "type": "Feature", "properties": { "location": null, "name": "National Grid Braintree-Twinstead Tee", "phases": null, "osm_id": "1413817073", "source": null, "brand": null, "cables": "6", "circuits": "2", "voltage": "400000", "max_voltage": 400000.0, "ref": "4YLA", "owner": null, "operator": "National Grid", "len": 2483.9268318355244 }, "geometry": { "type": "LineString", "coordinates": [ [ 586963.280711894971319, 234632.603668853465933 ], [ 587054.371544487890787, 235273.234814020455815 ], [ 587022.923121423926204, 235994.528643527417444 ], [ 587006.685929232859053, 236427.936134092393331 ], [ 586996.099775524111465, 236704.438118806225248 ], [ 587193.628649696009234, 237057.379592846380547 ] ] } },
{ "type": "Feature", "properties": { "location": null, "name": null, "phases": null, "osm_id": "1420613752", "source": "Bing", "brand": null, "cables": "6", "circuits": "2", "voltage": "400000", "max_voltage": 400000.0, "ref": "4YT", "owner": null, "operator": "National Grid Electricity Transmission", "len": 5312.4874982145575 }, "geometry": { "type": "LineString", "coordinates": [ [ 452814.915853398677427, 422247.38192539679585 ], [ 454456.328042051463854, 423678.363921570940875 ], [ 457194.839969584019855, 424604.585616691620089 ], [ 457408.805957367061637, 424487.343914701719768 ] ] } },
{ "type": "Feature", "properties": { "location": "overground", "name": "Stranoch & Chirmorie - Mark Hill", "phases": "3", "osm_id": "1421634417", "source": null, "brand": null, "cables": null, "circuits": "1", "voltage": "132000", "max_voltage": 132000.0, "ref": null, "owner": null, "operator": null, "len": 5494.0531594696222 }, "geometry": { "type": "LineString", "coordinates": [ [ 220111.283945148432394, 577000.449351247632876 ], [ 219061.904691857722355, 575423.955300232861191 ], [ 218189.685279743018327, 574942.919217569171451 ], [ 217231.099187448970042, 573506.226049565477297 ], [ 216469.083005262480583, 573940.420926416059956 ] ] } },
{ "type": "Feature", "properties": { "location": "overground", "name": "Stranoch & Chirmorie - Mark Hill", "phases": "3", "osm_id": "1421634421", "source": null, "brand": null, "cables": null, "circuits": "1", "voltage": "132000", "max_voltage": 132000.0, "ref": null, "owner": null, "operator": null, "len": 11064.764525661363 }, "geometry": { "type": "LineString", "coordinates": [ [ 223788.59743234544294, 585957.394478459726088 ], [ 223854.535142335487762, 584626.954199003870599 ], [ 224433.017997430026298, 583321.163745357887819 ], [ 224100.697379993565846, 582853.117773893754929 ], [ 223901.258220539428294, 581475.331880642450415 ], [ 222069.030963203811552, 580435.711996847297996 ], [ 221950.944094172940822, 579334.014533074339852 ], [ 221534.20153550140094, 579134.78758979041595 ], [ 220111.283945148432394, 577000.449351247632876 ], [ 220015.812762955290964, 577015.255003752070479 ] ] } },
{ "type": "Feature", "properties": { "location": null, "name": "National Grid Norton-Spennymoor", "phases": null, "osm_id": "1426612420", "source": null, "brand": null, "cables": "6", "circuits": "2", "voltage": "400000", "max_voltage": 400000.0, "ref": "4TF", "owner": null, "operator": "National Grid Electricity Transmission", "len": 4859.3919402568063 }, "geometry": { "type": "LineString", "coordinates": [ [ 439267.233115817187354, 526521.094359117792919 ], [ 440523.585910447174683, 525084.623562799650244 ], [ 440767.094310712767765, 522430.491322975372896 ], [ 440928.563268045079894, 522194.742775908554904 ] ] } },
{ "type": "Feature", "properties": { "location": null, "name": "National Grid Norton-Hawthorn Pit", "phases": null, "osm_id": "1426612421", "source": null, "brand": null, "cables": "6", "circuits": "2", "voltage": "400000;275000", "max_voltage": 400000.0, "ref": "ZXC", "owner": null, "operator": "National Grid Electricity Transmission", "len": 5614.9741149368447 }, "geometry": { "type": "LineString", "coordinates": [ [ 438978.838132055476308, 526849.888491115765646 ], [ 440609.600930792163126, 525118.318682517157868 ], [ 441423.635894637322053, 523973.685907606617548 ], [ 441442.422748967946973, 522846.348230011761189 ], [ 440982.543176498671528, 522312.90843541698996 ] ] } },
{ "type": "Feature", "properties": { "location": null, "name": "National Grid Melksham-Iron Acton", "phases": null, "osm_id": "1429031395", "source": "Bing", "brand": null, "cables": "6", "circuits": "2", "voltage": "275000", "max_voltage": 275000.0, "ref": "XL", "owner": null, "operator": "National Grid", "len": 1270.1199757161614 }, "geometry": { "type": "LineString", "coordinates": [ [ 388376.194591370818671, 167017.597290048666764 ], [ 389384.677087512449361, 166245.478252795233857 ] ] } },
{ "type": "Feature", "properties": { "location": null, "name": "National Grid Melksham-Iron Acton", "phases": null, "osm_id": "1429031396", "source": "Bing", "brand": null, "cables": "6", "circuits": "2", "voltage": "275000", "max_voltage": 275000.0, "ref": "XL", "owner": null, "operator": "National Grid", "len": 2338.9790445041353 }, "geometry": { "type": "LineString", "coordinates": [ [ 386695.134569267276675, 168467.756439371325541 ], [ 387102.462756256456487, 167642.704725525865797 ], [ 388376.194591370818671, 167017.597290048666764 ] ] } },
{ "type": "Feature", "properties": { "location": null, "name": "National Grid Melksham-Iron Acton", "phases": null, "osm_id": "1429031397", "source": "Bing", "brand": null, "cables": "6", "circuits": "2", "voltage": "275000", "max_voltage": 275000.0, "ref": "XL", "owner": null, "operator": "National Grid", "len": 2972.9220082439165 }, "geometry": { "type": "LineString", "coordinates": [ [ 384759.940544563287403, 170617.840881494164933 ], [ 385157.996739256312139, 169691.828357528371271 ], [ 386695.134569267276675, 168467.756439371325541 ] ] } },
{ "type": "Feature", "properties": { "location": null, "name": "National Grid Melksham-Iron Acton", "phases": null, "osm_id": "1429031398", "source": "Bing", "brand": null, "cables": "6", "circuits": "2", "voltage": "275000", "max_voltage": 275000.0, "ref": "XL", "owner": null, "operator": "National Grid", "len": 1965.1604078200771 }, "geometry": { "type": "LineString", "coordinates": [ [ 383991.646429613523651, 172426.591716019785963 ], [ 384759.940544563287403, 170617.840881494164933 ] ] } },
{ "type": "Feature", "properties": { "location": null, "name": "National Grid Melksham-Iron Acton", "phases": null, "osm_id": "1429031399", "source": "Bing", "brand": null, "cables": "6", "circuits": "2", "voltage": "275000", "max_voltage": 275000.0, "ref": "XL", "owner": null, "operator": "National Grid", "len": 1243.1235762396946 }, "geometry": { "type": "LineString", "coordinates": [ [ 384022.642467183060944, 173669.328804650343955 ], [ 383991.646429613523651, 172426.591716019785963 ] ] } },
{ "type": "Feature", "properties": { "location": null, "name": "National Grid Iron Acton-Whitson", "phases": null, "osm_id": "1429031401", "source": null, "brand": null, "cables": "6", "circuits": "2", "voltage": "275000", "max_voltage": 275000.0, "ref": "XL", "owner": null, "operator": "NGET", "len": 1920.9374081066758 }, "geometry": { "type": "LineString", "coordinates": [ [ 356971.431767777830828, 189034.259947945538443 ], [ 358066.717684169299901, 188391.566616242693271 ], [ 358664.768669132317882, 188648.770803464751225 ] ] } },
{ "type": "Feature", "properties": { "location": null, "name": "National Grid Iron Acton-Whitson", "phases": null, "osm_id": "1429031402", "source": null, "brand": null, "cables": "6", "circuits": "2", "voltage": "275000", "max_voltage": 275000.0, "ref": "XL", "owner": null, "operator": "NGET", "len": 3008.4704308895343 }, "geometry": { "type": "LineString", "coordinates": [ [ 351503.959100284730084, 189330.383895791135728 ], [ 353018.669737145886756, 190819.428082083992194 ], [ 353885.14857293193927, 190996.653139755013399 ] ] } },
{ "type": "Feature", "properties": { "location": null, "name": "National Grid Kelmsley - Littlebrook - Rowdown", "phases": null, "osm_id": "1442305678", "source": "Bing", "brand": null, "cables": "6", "circuits": "2", "voltage": "400000", "max_voltage": 400000.0, "ref": "4TP", "owner": null, "operator": "National Grid", "len": 5011.4149710071579 }, "geometry": { "type": "LineString", "coordinates": [ [ 561176.583838558057323, 172068.792758448922541 ], [ 562403.253242991631851, 171764.096185392874759 ], [ 562614.664350492064841, 171079.571592590305954 ], [ 563835.709999573649839, 170590.284164141747169 ], [ 565109.668963579693809, 169441.217204492422752 ] ] } },
{ "type": "Feature", "properties": { "location": null, "name": "National Grid Shurton-Bridgwater", "phases": null, "osm_id": "1450666866", "source": null, "brand": null, "cables": "6", "circuits": "2", "voltage": "400000", "max_voltage": 400000.0, "ref": "VQ", "owner": null, "operator": "National Grid Electricity Transmission", "len": 4223.5039541606529 }, "geometry": { "type": "LineString", "coordinates": [ [ 332124.918106468277983, 135849.837698024261044 ], [ 332970.775426317763049, 137793.912843750353204 ], [ 332787.81386372121051, 139284.588082200934878 ], [ 332284.06491431593895, 139613.325238373101456 ] ] } },
{ "type": "Feature", "properties": { "location": null, "name": null, "phases": null, "osm_id": "1451338123", "source": null, "brand": null, "cables": "6", "circuits": "2", "voltage": "275000", "max_voltage": 275000.0, "ref": "ZZA", "owner": null, "operator": "National Grid Electricity Transmission", "len": 1491.2246758524966 }, "geometry": { "type": "LineString", "coordinates": [ [ 433403.174204674782231, 559297.914452158496715 ], [ 434028.35791266936576, 560651.759482111898251 ] ] } },
{ "type": "Feature", "properties": { "location": null, "name": null, "phases": null, "osm_id": "1454167259", "source": null, "brand": null, "cables": "3", "circuits": "1", "voltage": "400000", "max_voltage": 400000.0, "ref": null, "owner": null, "operator": "National Grid Electricity Transmission", "len": 1439.832423415201 }, "geometry": { "type": "LineString", "coordinates": [ [ 335117.63800190272741, 142938.687551549257478 ], [ 334028.027812711894512, 142967.331372635875596 ], [ 333689.795542822568677, 143056.723863489401992 ] ] } },
{ "type": "Feature", "properties": { "location": null, "name": "National Grid Coventry - Berkswell", "phases": null, "osm_id": "1463779299", "source": null, "brand": null, "cables": "6", "circuits": "2", "voltage": "275000", "max_voltage": 275000.0, "ref": "YYA", "owner": null, "operator": "National Grid", "len": 18145.955865241314 }, "geometry": { "type": "LineString", "coordinates": [ [ 426193.811056864389684, 276553.975103770382702 ], [ 425454.246078082360327, 277112.52117750805337 ], [ 425129.207276849600021, 277941.479307108442299 ], [ 425997.783026016841177, 279702.937712985207327 ], [ 426877.446678931941278, 280666.117256578989327 ], [ 428113.653147168108262, 281500.406121138832532 ], [ 429279.346558985009324, 285251.847732631431427 ], [ 430530.757843368395697, 285940.921847767720465 ], [ 432962.792136505944654, 285313.491161949001253 ], [ 433984.598571314010769, 285287.652917761297431 ], [ 435778.903875100193545, 284057.059492870466784 ], [ 436157.920825322973542, 284386.948743491666391 ] ] } },
{ "type": "Feature", "properties": { "location": null, "name": null, "phases": null, "osm_id": "1465159068", "source": "OS 1:25k;OS_OpenData_VectorMap_District", "brand": null, "cables": "6", "circuits": "2", "voltage": "132000;33000", "max_voltage": 132000.0, "ref": null, "owner": null, "operator": null, "len": 12906.242710001407 }, "geometry": { "type": "LineString", "coordinates": [ [ 321098.632150257297326, 836910.581036001327448 ], [ 321300.719669308280572, 838145.17053156089969 ], [ 322892.130033182096668, 839368.762116623693146 ], [ 324130.062639267707709, 839792.228192711016163 ], [ 325469.179198046040256, 839648.148452653898858 ], [ 328970.116836227942258, 838377.315752413705923 ], [ 332089.743125877226703, 839351.298295684857294 ] ] } },
{ "type": "Feature", "properties": { "location": null, "name": null, "phases": "3", "osm_id": "1472686607", "source": null, "brand": null, "cables": "3", "circuits": "1", "voltage": "132000", "max_voltage": 132000.0, "ref": null, "owner": null, "operator": "SP Energy Networks", "len": 2011.9678201139047 }, "geometry": { "type": "LineString", "coordinates": [ [ 253774.272433676000219, 600264.247429559007287 ], [ 253695.998438273119973, 599937.971724680392072 ], [ 252228.5267522885988, 599127.441491702687927 ] ] } },
{ "type": "Feature", "properties": { "location": null, "name": "National Grid Padiham-Lower Shelf", "phases": null, "osm_id": "1474740864", "source": null, "brand": null, "cables": "6", "circuits": "2", "voltage": "400000", "max_voltage": 400000.0, "ref": "4ZP", "owner": null, "operator": "National Grid Electricity Transmission", "len": 22110.893091392933 }, "geometry": { "type": "LineString", "coordinates": [ [ 412937.862104170257226, 427501.212395373848267 ], [ 411203.994473453029059, 425536.655479643610306 ], [ 411179.904460151621606, 425248.726715978351422 ], [ 411374.519085570704192, 424994.195218496373855 ], [ 411825.520181522879284, 424804.100885538733564 ], [ 412379.245066910050809, 423586.539892693166621 ], [ 410659.150019804772455, 422642.979815788567066 ], [ 410081.084772763482761, 421910.692755251482595 ], [ 409499.893741020874586, 421792.796034924511332 ], [ 408210.07485780690331, 421816.162347663310356 ], [ 407413.410491423797794, 421695.843355526856612 ], [ 406681.748109733976889, 420969.104076521878596 ], [ 405224.292787857470103, 420066.748295853554737 ], [ 404980.364195086702239, 419119.396460300369654 ], [ 403420.204967229976319, 418040.510718373407144 ], [ 400830.535673006204888, 418381.953670312475879 ], [ 399963.234021168318577, 418720.869855121301953 ], [ 398902.826657909608912, 418585.434158345800824 ], [ 397743.852732711995486, 418150.569884055526927 ] ] } },
{ "type": "Feature", "properties": { "location": null, "name": "National Grid Seabank - Sandford", "phases": null, "osm_id": "1178044832", "source": null, "brand": null, "cables": "6", "circuits": "2", "voltage": "400000", "max_voltage": 400000.0, "ref": "LD", "owner": null, "operator": "National Grid Electricity Transmission", "len": 30105.998700944721 }, "geometry": { "type": "LineString", "coordinates": [ [ 353713.901209412782919, 182160.819534477661364 ], [ 354394.866412786999717, 180922.838439049315639 ], [ 354062.840844295511488, 179605.61627792933723 ], [ 352712.485517671040725, 178520.30714168731356 ], [ 351756.494751289661508, 178703.126946256263182 ], [ 351875.282420739298686, 177667.228945191774983 ], [ 351251.165910285199061, 176504.740951216139365 ], [ 349102.800606111064553, 176850.909664075414184 ], [ 348593.127518502180465, 176576.572629954433069 ], [ 348438.322561929642688, 175904.427662299131043 ], [ 348736.799775698746089, 174673.163667483720928 ], [ 347756.915054205921479, 172690.416521718841977 ], [ 346715.547395899891853, 172178.718012897181325 ], [ 346277.223682206997182, 171416.477498886350077 ], [ 343101.428107538609765, 168702.119946777238511 ], [ 341296.462711497209966, 167516.405447031429503 ], [ 341048.76005555212032, 166815.725083809404168 ], [ 341715.802665050665382, 164669.204582304053474 ], [ 341869.603668291296344, 162143.35273234770284 ], [ 341567.586770366178825, 160730.06823170746793 ] ] } }
]
}
