{
"type": "FeatureCollection",
"name": "substations",
"crs": { "type": "name", "properties": { "name": "urn:ogc:def:crs:EPSG::27700" } },
"features": [
{ "type": "Feature", "properties": { "osm_id": "23390317", "name": "Chessington Substation", "voltage": "275000;132000", "operator": null, "owner": null }, "geometry": { "type": "Point", "coordinates": [ 516900.946465435321443, 161851.271929823677056 ] } },
{ "type": "Feature", "properties": { "osm_id": "144135298", "name": null, "voltage": "400000;275000", "operator": null, "owner": null }, "geometry": { "type": "Point", "coordinates": [ 505936.312627483916003, 162617.16475544066634 ] } },
{ "type": "Feature", "properties": { "osm_id": "92340133", "name": "East Claydon Substation", "voltage": "400000;132000", "operator": "National Grid Electricity Transmission", "owner": null }, "geometry": { "type": "Point", "coordinates": [ 475239.45337864710018, 225884.69984414317878 ] } },
{ "type": "Feature", "properties": { "osm_id": "41809491", "name": "Sundon Substation", "voltage": "400000;25000", "operator": null, "owner": null }, "geometry": { "type": "Point", "coordinates": [ 503015.883955702593084, 227475.24454391351901 ] } },
{ "type": "Feature", "properties": { "osm_id": "88287125", "name": "Grendon Substation", "voltage": "400000;132000", "operator": null, "owner": null }, "geometry": { "type": "Point", "coordinates": [ 486960.221796026686206, 261306.320088816049974 ] } },
{ "type": "Feature", "properties": { "osm_id": "41710456", "name": "Amersham Main", "voltage": "400000;132000", "operator": null, "owner": null }, "geometry": { "type": "Point", "coordinates": [ 493048.68204124562908, 197087.020266636274755 ] } },
{ "type": "Feature", "properties": { "osm_id": "92340133", "name": "East Claydon Substation", "voltage": "400000;132000", "operator": "National Grid Electricity Transmission", "owner": null }, "geometry": { "type": "Point", "coordinates": [ 475239.45337864710018, 225884.69984414317878 ] } },
{ "type": "Feature", "properties": { "osm_id": "264104518", "name": "Cleve Hill 400kV Substation", "voltage": "400000", "operator": "National Grid", "owner": null }, "geometry": { "type": "Point", "coordinates": [ 604914.842290115659125, 164004.545588064473122 ] } },
{ "type": "Feature", "properties": { "osm_id": "23299362", "name": "Beddington Substation", "voltage": "400000;275000;132000", "operator": null, "owner": null }, "geometry": { "type": "Point", "coordinates": [ 530429.152781771845184, 165462.378035101864953 ] } },
{ "type": "Feature", "properties": { "osm_id": "23299459", "name": "Wimbledon Substation", "voltage": "275000", "operator": "National Grid", "owner": null }, "geometry": { "type": "Point", "coordinates": [ 526042.048218426294625, 171757.094470171956345 ] } },
{ "type": "Feature", "properties": { "osm_id": "23164132", "name": "Capenhurst Substation", "voltage": "400000;275000;132000", "operator": "National Grid Electricity Transmission", "owner": null }, "geometry": { "type": "Point", "coordinates": [ 336915.523849893594161, 374918.59229106863495 ] } },
{ "type": "Feature", "properties": { "osm_id": "22978838", "name": "Marchwood Substation", "voltage": "132000", "operator": null, "owner": null }, "geometry": { "type": "Point", "coordinates": [ 439232.412930785503704, 111022.680912038893439 ] } },
{ "type": "Feature", "properties": { "osm_id": "681875115", "name": null, "voltage": "400000", "operator": null, "owner": null }, "geometry": { "type": "Point", "coordinates": [ 439463.757600603217725, 111134.01639021479059 ] } },
{ "type": "Feature", "properties": { "osm_id": "16582436", "name": "Northfleet East Substation", "voltage": "400000;132000", "operator": null, "owner": null }, "geometry": { "type": "Point", "coordinates": [ 562075.864722505910322, 172497.941106267622672 ] } },
{ "type": "Feature", "properties": { "osm_id": "4746208", "name": "Elstree Substation", "voltage": "400000;275000;132000", "operator": "National Grid Electricity Transmission", "owner": null }, "geometry": { "type": "Point", "coordinates": [ 514706.340339832822792, 197053.61278962349752 ] } },
{ "type": "Feature", "properties": { "osm_id": "24165071", "name": "Wymondley Substation", "voltage": "400000;132000;33000", "operator": null, "owner": null }, "geometry": { "type": "Point", "coordinates": [ 520489.458097418071702, 226918.765718212816864 ] } },
{ "type": "Feature", "properties": { "osm_id": "28691559", "name": "Ninfield Substation", "voltage": "400000;132000", "operator": null, "owner": null }, "geometry": { "type": "Point", "coordinates": [ 572331.997900668531656, 111935.658791124209529 ] } },
{ "type": "Feature", "properties": { "osm_id": "91082448", "name": "Bolney Substation", "voltage": "400000;132000", "operator": null, "owner": null }, "geometry": { "type": "Point", "coordinates": [ 523991.712837098166347, 121009.196808684588177 ] } },
{ "type": "Feature", "properties": { "osm_id": "635744120", "name": "Rampion Wind Farm Onshore Substation", "voltage": "400000;150000", "operator": null, "owner": null }, "geometry": { "type": "Point", "coordinates": [ 524516.841232225415297, 120992.449398515280336 ] } },
{ "type": "Feature", "properties": { "osm_id": "4715504", "name": "Botley Wood", "voltage": "400000;132000", "operator": "National Grid", "owner": null }, "geometry": { "type": "Point", "coordinates": [ 454077.232658793684095, 109753.587883355823578 ] } },
{ "type": "Feature", "properties": { "osm_id": "636630371", "name": "Chilling Lane Substation", "voltage": "400000", "operator": "National Grid", "owner": null }, "geometry": { "type": "Point", "coordinates": [ 450441.096275288262405, 104253.762542483542347 ] } },
{ "type": "Feature", "properties": { "osm_id": "95159241", "name": null, "voltage": null, "operator": null, "owner": null }, "geometry": { "type": "Point", "coordinates": [ 397155.985726732586045, 399445.88286098750541 ] } },
{ "type": "Feature", "properties": { "osm_id": "9598269", "name": "Stalybridge Substation", "voltage": "400000;275000", "operator": "National Grid Electricity Transmission", "owner": "" }, "geometry": { "type": "Point", "coordinates": [ 397066.275546078046318, 399349.829618546878919 ] } },
{ "type": "Feature", "properties": { "osm_id": "23059230", "name": "Cowley Substation", "voltage": "400000;132000", "operator": null, "owner": null }, "geometry": { "type": "Point", "coordinates": [ 456033.330310041666962, 201693.010515621921513 ] } },
{ "type": "Feature", "properties": { "osm_id": "22975329", "name": "Waltham Cross Substation", "voltage": "400000;275000", "operator": null, "owner": null }, "geometry": { "type": "Point", "coordinates": [ 537474.778776217252016, 203583.080392680189107 ] } },
{ "type": "Feature", "properties": { "osm_id": "22975329", "name": "Waltham Cross Substation", "voltage": "400000;275000", "operator": null, "owner": null }, "geometry": { "type": "Point", "coordinates": [ 537474.778776217252016, 203583.080392680189107 ] } },
{ "type": "Feature", "properties": { "osm_id": "22975329", "name": "Waltham Cross Substation", "voltage": "400000;275000", "operator": null, "owner": null }, "geometry": { "type": "Point", "coordinates": [ 537474.778776217252016, 203583.080392680189107 ] } },
{ "type": "Feature", "properties": { "osm_id": "23228569", "name": "Brimsdown Substation", "voltage": "275000;132000", "operator": "National Grid PLC", "owner": null }, "geometry": { "type": "Point", "coordinates": [ 536731.255223931395449, 197939.974451916117687 ] } },
{ "type": "Feature", "properties": { "osm_id": "23988786", "name": "Nursling Substation", "voltage": "400000;132000", "operator": null, "owner": null }, "geometry": { "type": "Point", "coordinates": [ 436126.032345703162719, 115938.25709128548624 ] } },
{ "type": "Feature", "properties": { "osm_id": "467813693", "name": null, "voltage": null, "operator": null, "owner": null }, "geometry": { "type": "Point", "coordinates": [ 447272.720236570574343, 102651.542260926216841 ] } },
{ "type": "Feature", "properties": { "osm_id": "467813696", "name": null, "voltage": null, "operator": null, "owner": null }, "geometry": { "type": "Point", "coordinates": [ 447337.498192789207678, 102567.700360445538536 ] } },
{ "type": "Feature", "properties": { "osm_id": "467813699", "name": null, "voltage": null, "operator": null, "owner": null }, "geometry": { "type": "Point", "coordinates": [ 447393.368140407837927, 102678.460597909986973 ] } },
{ "type": "Feature", "properties": { "osm_id": "9409219", "name": "Fawley Substation", "voltage": "400000", "operator": "National Grid", "owner": "" }, "geometry": { "type": "Point", "coordinates": [ 447390.260138990124688, 102682.699161111697322 ] } },
{ "type": "Feature", "properties": { "osm_id": "147672722", "name": null, "voltage": null, "operator": null, "owner": null }, "geometry": { "type": "Point", "coordinates": [ 397359.056069802143611, 399663.332267207384575 ] } },
{ "type": "Feature", "properties": { "osm_id": "103150854", "name": "West Thurrock Substation", "voltage": "400000;275000", "operator": "National Grid", "owner": null }, "geometry": { "type": "Point", "coordinates": [ 559028.057950346381404, 177164.295451366808265 ] } },
{ "type": "Feature", "properties": { "osm_id": "23228569", "name": "Brimsdown Substation", "voltage": "275000;132000", "operator": "National Grid PLC", "owner": null }, "geometry": { "type": "Point", "coordinates": [ 536731.255223931395449, 197939.974451916117687 ] } },
{ "type": "Feature", "properties": { "osm_id": "23132983", "name": "Tottenham Substation", "voltage": "275000", "operator": "National Grid", "owner": null }, "geometry": { "type": "Point", "coordinates": [ 535277.900959630380385, 191269.036366830929182 ] } },
{ "type": "Feature", "properties": { "osm_id": "23228569", "name": "Brimsdown Substation", "voltage": "275000;132000", "operator": "National Grid PLC", "owner": null }, "geometry": { "type": "Point", "coordinates": [ 536731.255223931395449, 197939.974451916117687 ] } },
{ "type": "Feature", "properties": { "osm_id": "23232738", "name": "Iver Substation", "voltage": "400000;275000;132000;66000", "operator": "National Grid Electricity Transmission", "owner": null }, "geometry": { "type": "Point", "coordinates": [ 504254.007488042872865, 183788.616450609755702 ] } },
{ "type": "Feature", "properties": { "osm_id": "41710456", "name": "Amersham Main", "voltage": "400000;132000", "operator": null, "owner": null }, "geometry": { "type": "Point", "coordinates": [ 493048.68204124562908, 197087.020266636274755 ] } },
{ "type": "Feature", "properties": { "osm_id": "23234477", "name": "Watford South Substation", "voltage": "275000;132000", "operator": "National Grid Electricity Transmission", "owner": null }, "geometry": { "type": "Point", "coordinates": [ 510499.62309060402913, 194969.883166287734639 ] } },
{ "type": "Feature", "properties": { "osm_id": "4746208", "name": "Elstree Substation", "voltage": "400000;275000;132000", "operator": "National Grid Electricity Transmission", "owner": null }, "geometry": { "type": "Point", "coordinates": [ 514706.340339832822792, 197053.61278962349752 ] } },
{ "type": "Feature", "properties": { "osm_id": "23299362", "name": "Beddington Substation", "voltage": "400000;275000;132000", "operator": null, "owner": null }, "geometry": { "type": "Point", "coordinates": [ 530429.152781771845184, 165462.378035101864953 ] } },
{ "type": "Feature", "properties": { "osm_id": "23390317", "name": "Chessington Substation", "voltage": "275000;132000", "operator": null, "owner": null }, "geometry": { "type": "Point", "coordinates": [ 516900.946465435321443, 161851.271929823677056 ] } },
{ "type": "Feature", "properties": { "osm_id": "32796576", "name": "Bramley Substation", "voltage": "400000;132000", "operator": "National Grid", "owner": null }, "geometry": { "type": "Point", "coordinates": [ 464375.548062455491163, 160092.931227565859444 ] } },
{ "type": "Feature", "properties": { "osm_id": "144135298", "name": null, "voltage": "400000;275000", "operator": null, "owner": null }, "geometry": { "type": "Point", "coordinates": [ 505936.312627483916003, 162617.16475544066634 ] } },
{ "type": "Feature", "properties": { "osm_id": "90547674", "name": "Monk Fryston substation", "voltage": "400000;275000", "operator": "National Grid Electricity Transmission", "owner": null }, "geometry": { "type": "Point", "coordinates": [ 448458.280605738109443, 429137.918677970534191 ] } },
{ "type": "Feature", "properties": { "osm_id": "23059230", "name": "Cowley Substation", "voltage": "400000;132000", "operator": null, "owner": null }, "geometry": { "type": "Point", "coordinates": [ 456033.330310041666962, 201693.010515621921513 ] } },
{ "type": "Feature", "properties": { "osm_id": "263863442", "name": "Didcot Substation", "voltage": "400000;132000", "operator": "National Grid", "owner": null }, "geometry": { "type": "Point", "coordinates": [ 451371.407317642355338, 192124.157901818165556 ] } },
{ "type": "Feature", "properties": { "osm_id": "193617444", "name": "Ferrybridge C Substation", "voltage": "275000", "operator": "National Grid", "owner": null }, "geometry": { "type": "Point", "coordinates": [ 447425.346822928986512, 424846.701106640626676 ] } },
{ "type": "Feature", "properties": { "osm_id": "90547674", "name": "Monk Fryston substation", "voltage": "400000;275000", "operator": "National Grid Electricity Transmission", "owner": null }, "geometry": { "type": "Point", "coordinates": [ 448458.280605738109443, 429137.918677970534191 ] } },
{ "type": "Feature", "properties": { "osm_id": "313495269", "name": "Eggborough Substation", "voltage": "400000", "operator": "National Grid Electricity Transmission", "owner": null }, "geometry": { "type": "Point", "coordinates": [ 457530.685544067702722, 424473.179829448927194 ] } },
{ "type": "Feature", "properties": { "osm_id": "160580052", "name": "Drax", "voltage": "400000", "operator": "National Grid", "owner": null }, "geometry": { "type": "Point", "coordinates": [ 466560.240177437546663, 427118.650873059523292 ] } },
{ "type": "Feature", "properties": { "osm_id": "313495269", "name": "Eggborough Substation", "voltage": "400000", "operator": "National Grid Electricity Transmission", "owner": null }, "geometry": { "type": "Point", "coordinates": [ 457530.685544067702722, 424473.179829448927194 ] } },
{ "type": "Feature", "properties": { "osm_id": "25629803", "name": "Thornton Substation", "voltage": "400000", "operator": "National Grid Electricity Transmission", "owner": null }, "geometry": { "type": "Point", "coordinates": [ 477495.14709007635247, 445557.342124967603013 ] } },
{ "type": "Feature", "properties": { "osm_id": "160580052", "name": "Drax", "voltage": "400000", "operator": "National Grid", "owner": null }, "geometry": { "type": "Point", "coordinates": [ 466560.240177437546663, 427118.650873059523292 ] } },
{ "type": "Feature", "properties": { "osm_id": "25629803", "name": "Thornton Substation", "voltage": "400000", "operator": "National Grid Electricity Transmission", "owner": null }, "geometry": { "type": "Point", "coordinates": [ 477495.14709007635247, 445557.342124967603013 ] } },
{ "type": "Feature", "properties": { "osm_id": "33917128", "name": "Creyke Beck Substation", "voltage": "400000", "operator": "YEDL", "owner": null }, "geometry": { "type": "Point", "coordinates": [ 504469.692853351705708, 434969.866934338118881 ] } },
{ "type": "Feature", "properties": { "osm_id": "25492769", "name": "Kirkstall A", "voltage": "275000;132000", "operator": "National Grid Electricity Transmission", "owner": null }, "geometry": { "type": "Point", "coordinates": [ 426568.402052297547925, 434518.822745057288557 ] } },
{ "type": "Feature", "properties": { "osm_id": "205132633", "name": "Killingholme Substation", "voltage": "400000", "operator": null, "owner": null }, "geometry": { "type": "Point", "coordinates": [ 515321.031105058966205, 419114.503644105454441 ] } },
{ "type": "Feature", "properties": { "osm_id": "701436399", "name": "Hornsea Two Offshore Wind Farm Substation", "voltage": "400000;220000", "operator": null, "owner": null }, "geometry": { "type": "Point", "coordinates": [ 515059.08805457764538, 419218.823224379157182 ] } },
{ "type": "Feature", "properties": { "osm_id": "160279525", "name": "Grimsby West Substation", "voltage": "400000;132000", "operator": null, "owner": null }, "geometry": { "type": "Point", "coordinates": [ 522525.260562129027676, 409269.589082299557049 ] } },
{ "type": "Feature", "properties": { "osm_id": "313180501", "name": null, "voltage": "400000", "operator": null, "owner": null }, "geometry": { "type": "Point", "coordinates": [ 522772.081645543861669, 413245.290781942079775 ] } },
{ "type": "Feature", "properties": { "osm_id": "1395117766", "name": "Padiham Substation", "voltage": "400000;132000", "operator": "National Grid Electricity Transmission", "owner": null }, "geometry": { "type": "Point", "coordinates": [ 378951.264132007956505, 433271.474184457678348 ] } },
{ "type": "Feature", "properties": { "osm_id": "25629803", "name": "Thornton Substation", "voltage": "400000", "operator": "National Grid Electricity Transmission", "owner": null }, "geometry": { "type": "Point", "coordinates": [ 477495.14709007635247, 445557.342124967603013 ] } },
{ "type": "Feature", "properties": { "osm_id": "90125443", "name": "Osbaldwick Grid Substation", "voltage": "400000;132000", "operator": null, "owner": null }, "geometry": { "type": "Point", "coordinates": [ 464202.80613327777246, 451626.324438315466978 ] } },
{ "type": "Feature", "properties": { "osm_id": "315213317", "name": "Fiddlers Ferry Substation", "voltage": "132000", "operator": null, "owner": null }, "geometry": { "type": "Point", "coordinates": [ 354266.87530320166843, 386143.433705733972602 ] } },
{ "type": "Feature", "properties": { "osm_id": "315213320", "name": "Fiddlers Ferry Substation", "voltage": "275000", "operator": null, "owner": null }, "geometry": { "type": "Point", "coordinates": [ 354257.356216993473936, 386283.067163335625082 ] } },
{ "type": "Feature", "properties": { "osm_id": "367005272", "name": "Rainhill Substation", "voltage": "275000;132000", "operator": null, "owner": null }, "geometry": { "type": "Point", "coordinates": [ 351028.994209456723183, 391853.655409755418077 ] } },
{ "type": "Feature", "properties": { "osm_id": "30930911", "name": "Kirkby Substation", "voltage": "275000;132000", "operator": "National Grid Electricity Transmission", "owner": null }, "geometry": { "type": "Point", "coordinates": [ 343790.889138326630928, 397267.292455548711587 ] } },
{ "type": "Feature", "properties": { "osm_id": "367005272", "name": "Rainhill Substation", "voltage": "275000;132000", "operator": null, "owner": null }, "geometry": { "type": "Point", "coordinates": [ 351028.994209456723183, 391853.655409755418077 ] } },
{ "type": "Feature", "properties": { "osm_id": "27163121", "name": "Kaimes Substation", "voltage": "275000", "operator": null, "owner": null }, "geometry": { "type": "Point", "coordinates": [ 327205.208573839161545, 667101.124411963392049 ] } },
{ "type": "Feature", "properties": { "osm_id": "27332350", "name": "Currie Substation", "voltage": "275000;132000;25000", "operator": "SP Energy Networks", "owner": null }, "geometry": { "type": "Point", "coordinates": [ 318260.335075859096833, 668459.863594439695589 ] } },
{ "type": "Feature", "properties": { "osm_id": "27163121", "name": "Kaimes Substation", "voltage": "275000", "operator": null, "owner": null }, "geometry": { "type": "Point", "coordinates": [ 327205.208573839161545, 667101.124411963392049 ] } },
{ "type": "Feature", "properties": { "osm_id": "212779654", "name": "Wishaw substation", "voltage": "275000;132000;33000;25000", "operator": null, "owner": null }, "geometry": { "type": "Point", "coordinates": [ 279090.736144200258423, 654019.875937357428484 ] } },
{ "type": "Feature", "properties": { "osm_id": "1274943512", "name": "Wishaw substation", "voltage": "400000;275000", "operator": null, "owner": null }, "geometry": { "type": "Point", "coordinates": [ 278952.316242535656784, 654017.84344993904233 ] } },
{ "type": "Feature", "properties": { "osm_id": "26938722", "name": "Abham Substation", "voltage": "400000;132000", "operator": null, "owner": null }, "geometry": { "type": "Point", "coordinates": [ 277301.797133642015979, 64966.030520136700943 ] } },
{ "type": "Feature", "properties": { "osm_id": "677845115", "name": "Langage Substation", "voltage": "400000", "operator": null, "owner": null }, "geometry": { "type": "Point", "coordinates": [ 257019.0495116066013, 56288.841605886322213 ] } },
{ "type": "Feature", "properties": { "osm_id": "26678829", "name": "Exeter Substation", "voltage": "400000;132000", "operator": "National Grid", "owner": null }, "geometry": { "type": "Point", "coordinates": [ 300993.082994031370617, 97383.137431780254701 ] } },
{ "type": "Feature", "properties": { "osm_id": "26938722", "name": "Abham Substation", "voltage": "400000;132000", "operator": null, "owner": null }, "geometry": { "type": "Point", "coordinates": [ 277301.797133642015979, 64966.030520136700943 ] } },
{ "type": "Feature", "properties": { "osm_id": "668803584", "name": null, "voltage": null, "operator": "Lightsource BP", "owner": null }, "geometry": { "type": "Point", "coordinates": [ 296604.237359191291034, 97957.078083499567583 ] } },
{ "type": "Feature", "properties": { "osm_id": "668803585", "name": "Francis Court Farm Substation", "voltage": "33000", "operator": "National Grid Electricity Distribution Plc", "owner": "National Grid Electricity Distribution (South West) Plc" }, "geometry": { "type": "Point", "coordinates": [ 296611.437351112253964, 97964.803456142923096 ] } },
{ "type": "Feature", "properties": { "osm_id": "27163121", "name": "Kaimes Substation", "voltage": "275000", "operator": null, "owner": null }, "geometry": { "type": "Point", "coordinates": [ 327205.208573839161545, 667101.124411963392049 ] } },
{ "type": "Feature", "properties": { "osm_id": "96905262", "name": "Smeaton Substation", "voltage": "400000;275000", "operator": null, "owner": null }, "geometry": { "type": "Point", "coordinates": [ 335329.880154107348062, 668870.259924481157213 ] } },
{ "type": "Feature", "properties": { "osm_id": "27332350", "name": "Currie Substation", "voltage": "275000;132000;25000", "operator": "SP Energy Networks", "owner": null }, "geometry": { "type": "Point", "coordinates": [ 318260.335075859096833, 668459.863594439695589 ] } },
{ "type": "Feature", "properties": { "osm_id": "27332350", "name": "Currie Substation", "voltage": "275000;132000;25000", "operator": "SP Energy Networks", "owner": null }, "geometry": { "type": "Point", "coordinates": [ 318260.335075859096833, 668459.863594439695589 ] } },
{ "type": "Feature", "properties": { "osm_id": "28194931", "name": "Kitwell Substation", "voltage": "275000;132000", "operator": "National Grid Electricity Transmission", "owner": null }, "geometry": { "type": "Point", "coordinates": [ 399181.691250853298698, 281456.258909133030102 ] } },
{ "type": "Feature", "properties": { "osm_id": "1275300370", "name": "Littlebrook Substation", "voltage": "400000;275000", "operator": "National Grid Electricity Transmission", "owner": null }, "geometry": { "type": "Point", "coordinates": [ 555534.912945006042719, 176222.93834319972666 ] } },
{ "type": "Feature", "properties": { "osm_id": "28691559", "name": "Ninfield Substation", "voltage": "400000;132000", "operator": null, "owner": null }, "geometry": { "type": "Point", "coordinates": [ 572331.997900668531656, 111935.658791124209529 ] } },
{ "type": "Feature", "properties": { "osm_id": "23745477", "name": "Deeside Substation", "voltage": "132000", "operator": "SP Energy Networks", "owner": null }, "geometry": { "type": "Point", "coordinates": [ 328487.177173250529449, 370548.271493067150004 ] } },
{ "type": "Feature", "properties": { "osm_id": "1274396508", "name": "Connahs Quay GIS Substation", "voltage": "400000", "operator": "National Grid Electricity Transmission", "owner": null }, "geometry": { "type": "Point", "coordinates": [ 328387.790590825781692, 370837.294079715094995 ] } },
{ "type": "Feature", "properties": { "osm_id": "26678829", "name": "Exeter Substation", "voltage": "400000;132000", "operator": "National Grid", "owner": null }, "geometry": { "type": "Point", "coordinates": [ 300993.082994031370617, 97383.137431780254701 ] } },
{ "type": "Feature", "properties": { "osm_id": "34205588", "name": "Axminster Substation", "voltage": "400000;132000", "operator": "National Grid", "owner": null }, "geometry": { "type": "Point", "coordinates": [ 334933.411761563795153, 98987.347391057177447 ] } },
{ "type": "Feature", "properties": { "osm_id": "95159241", "name": null, "voltage": null, "operator": null, "owner": null }, "geometry": { "type": "Point", "coordinates": [ 397155.985726732586045, 399445.88286098750541 ] } },
{ "type": "Feature", "properties": { "osm_id": "9598269", "name": "Stalybridge Substation", "voltage": "400000;275000", "operator": "National Grid Electricity Transmission", "owner": "" }, "geometry": { "type": "Point", "coordinates": [ 397066.275546078046318, 399349.829618546878919 ] } },
{ "type": "Feature", "properties": { "osm_id": "167621580", "name": "Oldbury A Transmission Compound (Oldbury Substation)", "voltage": "400000;275000;132000", "operator": "National Grid Electricity Transmission", "owner": null }, "geometry": { "type": "Point", "coordinates": [ 398537.522944865515456, 288972.135245006938931 ] } },
{ "type": "Feature", "properties": { "osm_id": "23059230", "name": "Cowley Substation", "voltage": "400000;132000", "operator": null, "owner": null }, "geometry": { "type": "Point", "coordinates": [ 456033.330310041666962, 201693.010515621921513 ] } },
{ "type": "Feature", "properties": { "osm_id": "27332350", "name": "Currie Substation", "voltage": "275000;132000;25000", "operator": "SP Energy Networks", "owner": null }, "geometry": { "type": "Point", "coordinates": [ 318260.335075859096833, 668459.863594439695589 ] } },
{ "type": "Feature", "properties": { "osm_id": "105174483", "name": "Broxburn 132kV Substation", "voltage": "132000;33000", "operator": "SP Transmission", "owner": null }, "geometry": { "type": "Point", "coordinates": [ 309248.597289089229889, 670548.004014470963739 ] } },
{ "type": "Feature", "properties": { "osm_id": "27163121", "name": "Kaimes Substation", "voltage": "275000", "operator": null, "owner": null }, "geometry": { "type": "Point", "coordinates": [ 327205.208573839161545, 667101.124411963392049 ] } },
{ "type": "Feature", "properties": { "osm_id": "32342648", "name": "Portobello Substation", "voltage": "275000;33000;25000", "operator": "SP Energy Networks", "owner": null }, "geometry": { "type": "Point", "coordinates": [ 329882.18343909928808, 673934.734265460050665 ] } },
{ "type": "Feature", "properties": { "osm_id": "96905262", "name": "Smeaton Substation", "voltage": "400000;275000", "operator": null, "owner": null }, "geometry": { "type": "Point", "coordinates": [ 335329.880154107348062, 668870.259924481157213 ] } },
{ "type": "Feature", "properties": { "osm_id": "100009326", "name": "Pyworthy Substation", "voltage": "132000;33000", "operator": "National Grid Electricity Distribution", "owner": "National Grid Electricity Distribution (South West) Plc" }, "geometry": { "type": "Point", "coordinates": [ 230376.272321568365442, 102154.831256930774543 ] } },
{ "type": "Feature", "properties": { "osm_id": "143791249", "name": null, "voltage": null, "operator": null, "owner": null }, "geometry": { "type": "Point", "coordinates": [ 193990.52691191440681, 59024.887738462799462 ] } },
{ "type": "Feature", "properties": { "osm_id": "292220969", "name": null, "voltage": null, "operator": null, "owner": null }, "geometry": { "type": "Point", "coordinates": [ 194148.856486752716592, 59057.261746381322155 ] } },
{ "type": "Feature", "properties": { "osm_id": "9572254", "name": "Indian Queens Substation", "voltage": "400000;132000", "operator": "National Grid Electricity Transmission", "owner": "" }, "geometry": { "type": "Point", "coordinates": [ 193983.877590082993265, 59023.528249167400645 ] } },
{ "type": "Feature", "properties": { "osm_id": "253091443", "name": "Abernethy Substation", "voltage": "132000", "operator": null, "owner": null }, "geometry": { "type": "Point", "coordinates": [ 320057.536224968964234, 717179.949084094376303 ] } },
{ "type": "Feature", "properties": { "osm_id": "306595699", "name": "Charleston", "voltage": "132000", "operator": null, "owner": null }, "geometry": { "type": "Point", "coordinates": [ 335731.860439527605195, 731814.643850343185477 ] } },
{ "type": "Feature", "properties": { "osm_id": "38528291", "name": "Walpole Substation", "voltage": "400000;132000", "operator": "National Grid", "owner": null }, "geometry": { "type": "Point", "coordinates": [ 548592.95118687255308, 316615.947173600259703 ] } },
{ "type": "Feature", "properties": { "osm_id": "635229626", "name": "Necton Substation", "voltage": "400000", "operator": "National Grid", "owner": null }, "geometry": { "type": "Point", "coordinates": [ 589041.254379357560538, 310705.776513480639551 ] } },
{ "type": "Feature", "properties": { "osm_id": "94543520", "name": "Perry Barr Substation", "voltage": "275000;132000;11000", "operator": null, "owner": null }, "geometry": { "type": "Point", "coordinates": [ 407149.044042897759937, 292135.212474914616905 ] } },
{ "type": "Feature", "properties": { "osm_id": "23164256", "name": "Frodsham Substation", "voltage": "400000;275000;132000", "operator": null, "owner": null }, "geometry": { "type": "Point", "coordinates": [ 352364.299046424392145, 379395.483180231647566 ] } },
{ "type": "Feature", "properties": { "osm_id": "217158660", "name": "Moore Substation", "voltage": "132000", "operator": "Scottish Power", "owner": null }, "geometry": { "type": "Point", "coordinates": [ 355787.481674090435263, 383227.520174007921014 ] } },
{ "type": "Feature", "properties": { "osm_id": "315213317", "name": "Fiddlers Ferry Substation", "voltage": "132000", "operator": null, "owner": null }, "geometry": { "type": "Point", "coordinates": [ 354266.87530320166843, 386143.433705733972602 ] } },
{ "type": "Feature", "properties": { "osm_id": "315213320", "name": "Fiddlers Ferry Substation", "voltage": "275000", "operator": null, "owner": null }, "geometry": { "type": "Point", "coordinates": [ 354257.356216993473936, 386283.067163335625082 ] } },
{ "type": "Feature", "properties": { "osm_id": "110310867", "name": null, "voltage": "132000", "operator": null, "owner": null }, "geometry": { "type": "Point", "coordinates": [ 502377.007898152340204, 223028.053499919886235 ] } },
{ "type": "Feature", "properties": { "osm_id": "314338790", "name": "Cottam Substation", "voltage": "400000", "operator": null, "owner": null }, "geometry": { "type": "Point", "coordinates": [ 481312.62946186971385, 378890.198531637259293 ] } },
{ "type": "Feature", "properties": { "osm_id": "92340133", "name": "East Claydon Substation", "voltage": "400000;132000", "operator": "National Grid Electricity Transmission", "owner": null }, "geometry": { "type": "Point", "coordinates": [ 475239.45337864710018, 225884.69984414317878 ] } },
{ "type": "Feature", "properties": { "osm_id": "884174267", "name": "Whitson Substation", "voltage": "400000", "operator": "National Grid", "owner": null }, "geometry": { "type": "Point", "coordinates": [ 337115.039099344052374, 185498.293048211722635 ] } },
{ "type": "Feature", "properties": { "osm_id": "884174267", "name": "Whitson Substation", "voltage": "400000", "operator": "National Grid", "owner": null }, "geometry": { "type": "Point", "coordinates": [ 337115.039099344052374, 185498.293048211722635 ] } },
{ "type": "Feature", "properties": { "osm_id": "166703759", "name": "Lambhill Substation", "voltage": "275000", "operator": "SP Energy Networks", "owner": null }, "geometry": { "type": "Point", "coordinates": [ 259005.818619478231994, 670071.052411047974601 ] } },
{ "type": "Feature", "properties": { "osm_id": "422486984", "name": "Denny Substation", "voltage": "400000;275000;132000", "operator": "SP Energy Networks", "owner": null }, "geometry": { "type": "Point", "coordinates": [ 282379.73277175007388, 684548.494206942850724 ] } },
{ "type": "Feature", "properties": { "osm_id": "166703759", "name": "Lambhill Substation", "voltage": "275000", "operator": "SP Energy Networks", "owner": null }, "geometry": { "type": "Point", "coordinates": [ 259005.818619478231994, 670071.052411047974601 ] } },
{ "type": "Feature", "properties": { "osm_id": "165506012", "name": null, "voltage": "400000", "operator": null, "owner": null }, "geometry": { "type": "Point", "coordinates": [ 365286.731468921061605, 303916.593753016844857 ] } },
{ "type": "Feature", "properties": { "osm_id": "7886014", "name": "Ironbridge Substation", "voltage": "400000;132000", "operator": "", "owner": "" }, "geometry": { "type": "Point", "coordinates": [ 365158.503274070331827, 303874.937933457607869 ] } },
{ "type": "Feature", "properties": { "osm_id": "13443548", "name": "Lea Marston Substation 132kV", "voltage": "132000", "operator": "National Grid", "owner": "" }, "geometry": { "type": "Point", "coordinates": [ 420251.029489725828171, 292932.709930981276557 ] } },
{ "type": "Feature", "properties": { "osm_id": "109073025", "name": "Port Dundas", "voltage": "275000;33000", "operator": "SP Energy Networks", "owner": null }, "geometry": { "type": "Point", "coordinates": [ 259006.766000752599211, 666803.347154231509194 ] } },
{ "type": "Feature", "properties": { "osm_id": "166703759", "name": "Lambhill Substation", "voltage": "275000", "operator": "SP Energy Networks", "owner": null }, "geometry": { "type": "Point", "coordinates": [ 259005.818619478231994, 670071.052411047974601 ] } },
{ "type": "Feature", "properties": { "osm_id": "1307462736", "name": "Inverarnan Substation", "voltage": "275000", "operator": "SP Energy Networks", "owner": null }, "geometry": { "type": "Point", "coordinates": [ 231615.850363107252633, 717974.634663993841968 ] } },
{ "type": "Feature", "properties": { "osm_id": "562727179", "name": "Sloy Switching Station", "voltage": "132000", "operator": "SSEN Transmission", "owner": null }, "geometry": { "type": "Point", "coordinates": [ 230970.184438799362397, 709234.541833449271508 ] } },
{ "type": "Feature", "properties": { "osm_id": "86071326", "name": "Windyhill Substation", "voltage": "400000;275000;132000", "operator": "SP Energy Networks", "owner": null }, "geometry": { "type": "Point", "coordinates": [ 251597.194598712347215, 673331.150718153920025 ] } },
{ "type": "Feature", "properties": { "osm_id": "249654391", "name": "Strathleven", "voltage": "132000;33000;25000;11000", "operator": "SP Energy Networks", "owner": null }, "geometry": { "type": "Point", "coordinates": [ 240179.52363674287335, 677214.857573961257003 ] } },
{ "type": "Feature", "properties": { "osm_id": "95279334", "name": "Minety Substation", "voltage": "400000;132000", "operator": "National Grid", "owner": null }, "geometry": { "type": "Point", "coordinates": [ 399956.625946334097534, 189863.550996002333704 ] } },
{ "type": "Feature", "properties": { "osm_id": "28194931", "name": "Kitwell Substation", "voltage": "275000;132000", "operator": "National Grid Electricity Transmission", "owner": null }, "geometry": { "type": "Point", "coordinates": [ 399181.691250853298698, 281456.258909133030102 ] } },
{ "type": "Feature", "properties": { "osm_id": "51338029", "name": "Broadford Substation", "voltage": "132000;33000", "operator": null, "owner": null }, "geometry": { "type": "Point", "coordinates": [ 162657.064562232058961, 824343.073883883771487 ] } },
{ "type": "Feature", "properties": { "osm_id": "159736514", "name": "Brinsworth Substation", "voltage": "400000;275000", "operator": "National Grid", "owner": null }, "geometry": { "type": "Point", "coordinates": [ 443228.56258609861834, 389590.308372809085995 ] } },
{ "type": "Feature", "properties": { "osm_id": "97256377", "name": "Kearsley Substation", "voltage": "400000;275000", "operator": null, "owner": null }, "geometry": { "type": "Point", "coordinates": [ 376389.837421001924668, 404620.84570263203932 ] } },
{ "type": "Feature", "properties": { "osm_id": "315965846", "name": null, "voltage": null, "operator": null, "owner": null }, "geometry": { "type": "Point", "coordinates": [ 450178.48138684820151, 329689.305560577078722 ] } },
{ "type": "Feature", "properties": { "osm_id": "13110368", "name": "Ratcliffe-on-Soar Substation", "voltage": "400000;275000;132000", "operator": "National Grid", "owner": "" }, "geometry": { "type": "Point", "coordinates": [ 450169.989987608219963, 329847.61416058789473 ] } },
{ "type": "Feature", "properties": { "osm_id": "116297668", "name": null, "voltage": null, "operator": "Western Power Distribution", "owner": null }, "geometry": { "type": "Point", "coordinates": [ 450409.614500033785589, 329798.078196821850725 ] } },
{ "type": "Feature", "properties": { "osm_id": "315965846", "name": null, "voltage": null, "operator": null, "owner": null }, "geometry": { "type": "Point", "coordinates": [ 450178.48138684820151, 329689.305560577078722 ] } },
{ "type": "Feature", "properties": { "osm_id": "472164401", "name": "Stoke Bardolph Substation", "voltage": "400000;132000", "operator": "National Grid;Western Power Distribution", "owner": null }, "geometry": { "type": "Point", "coordinates": [ 463891.839285000809468, 340708.387044000322931 ] } },
{ "type": "Feature", "properties": { "osm_id": "13110368", "name": "Ratcliffe-on-Soar Substation", "voltage": "400000;275000;132000", "operator": "National Grid", "owner": "" }, "geometry": { "type": "Point", "coordinates": [ 450169.989987608219963, 329847.61416058789473 ] } },
{ "type": "Feature", "properties": { "osm_id": "472164401", "name": "Stoke Bardolph Substation", "voltage": "400000;132000", "operator": "National Grid;Western Power Distribution", "owner": null }, "geometry": { "type": "Point", "coordinates": [ 463891.839285000809468, 340708.387044000322931 ] } },
{ "type": "Feature", "properties": { "osm_id": "192220229", "name": null, "voltage": null, "operator": null, "owner": null }, "geometry": { "type": "Point", "coordinates": [ 264836.443477372289635, 200861.150543175463099 ] } },
{ "type": "Feature", "properties": { "osm_id": "553490952", "name": "Rhigos Supergrid Substation", "voltage": "400000;132000", "operator": "National Grid PLC", "owner": null }, "geometry": { "type": "Point", "coordinates": [ 293213.917027471237816, 206485.578210897161625 ] } },
{ "type": "Feature", "properties": { "osm_id": "95600440", "name": null, "voltage": null, "operator": null, "owner": null }, "geometry": { "type": "Point", "coordinates": [ 264794.977423368196469, 200674.760518626892008 ] } },
{ "type": "Feature", "properties": { "osm_id": "143861248", "name": null, "voltage": null, "operator": null, "owner": null }, "geometry": { "type": "Point", "coordinates": [ 193362.849675366131123, 202390.656587028992362 ] } },
{ "type": "Feature", "properties": { "osm_id": "192220228", "name": null, "voltage": "400000;275000", "operator": null, "owner": null }, "geometry": { "type": "Point", "coordinates": [ 264906.019005597510841, 200664.902949435228948 ] } },
{ "type": "Feature", "properties": { "osm_id": "192220229", "name": null, "voltage": null, "operator": null, "owner": null }, "geometry": { "type": "Point", "coordinates": [ 264836.443477372289635, 200861.150543175463099 ] } },
{ "type": "Feature", "properties": { "osm_id": "13110367", "name": "Pembroke Substation", "voltage": "400000", "operator": "National Grid", "owner": "" }, "geometry": { "type": "Point", "coordinates": [ 193344.722751725988928, 202391.493048584088683 ] } },
{ "type": "Feature", "properties": { "osm_id": "233349818", "name": "Griffin Wind Farm Substation", "voltage": "132000", "operator": null, "owner": null }, "geometry": { "type": "Point", "coordinates": [ 290986.586737397243269, 742705.888523201923817 ] } },
{ "type": "Feature", "properties": { "osm_id": "32809758", "name": "Errochty Switching Station", "voltage": "132000", "operator": null, "owner": null }, "geometry": { "type": "Point", "coordinates": [ 276963.757940010167658, 759077.369072670117021 ] } },
{ "type": "Feature", "properties": { "osm_id": "130870161", "name": "Killin Substation", "voltage": "132000", "operator": "Scottish and Southern Electricity Networks", "owner": null }, "geometry": { "type": "Point", "coordinates": [ 256622.195902367209783, 734084.929600046016276 ] } },
{ "type": "Feature", "properties": { "osm_id": "130870161", "name": "Killin Substation", "voltage": "132000", "operator": "Scottish and Southern Electricity Networks", "owner": null }, "geometry": { "type": "Point", "coordinates": [ 256622.195902367209783, 734084.929600046016276 ] } },
{ "type": "Feature", "properties": { "osm_id": "130871516", "name": null, "voltage": "132000", "operator": null, "owner": null }, "geometry": { "type": "Point", "coordinates": [ 269023.09221229510149, 724601.053586101625115 ] } },
{ "type": "Feature", "properties": { "osm_id": "207454848", "name": null, "voltage": "132000", "operator": null, "owner": null }, "geometry": { "type": "Point", "coordinates": [ 201625.175259868963622, 720808.252247133059427 ] } },
{ "type": "Feature", "properties": { "osm_id": "307717801", "name": "Inveraray Substation", "voltage": "132000;33000", "operator": null, "owner": null }, "geometry": { "type": "Point", "coordinates": [ 211705.961302721581887, 711871.161934641073458 ] } },
{ "type": "Feature", "properties": { "osm_id": "307717801", "name": "Inveraray Substation", "voltage": "132000;33000", "operator": null, "owner": null }, "geometry": { "type": "Point", "coordinates": [ 211705.961302721581887, 711871.161934641073458 ] } },
{ "type": "Feature", "properties": { "osm_id": "307717805", "name": "Ardkinglas Substation", "voltage": "132000;33000", "operator": null, "owner": null }, "geometry": { "type": "Point", "coordinates": [ 219171.851646743918536, 713245.00625681958627 ] } },
{ "type": "Feature", "properties": { "osm_id": "249654391", "name": "Strathleven", "voltage": "132000;33000;25000;11000", "operator": "SP Energy Networks", "owner": null }, "geometry": { "type": "Point", "coordinates": [ 240179.52363674287335, 677214.857573961257003 ] } },
{ "type": "Feature", "properties": { "osm_id": "307767571", "name": "Helensburgh", "voltage": "132000;33000", "operator": "SP Energy Networks", "owner": null }, "geometry": { "type": "Point", "coordinates": [ 231281.351109130715486, 684479.181872653891332 ] } },
{ "type": "Feature", "properties": { "osm_id": "306046709", "name": null, "voltage": "132000", "operator": "Scottish & Southern Energy", "owner": null }, "geometry": { "type": "Point", "coordinates": [ 222456.595605532609625, 810852.265898362384178 ] } },
{ "type": "Feature", "properties": { "osm_id": "51338029", "name": "Broadford Substation", "voltage": "132000;33000", "operator": null, "owner": null }, "geometry": { "type": "Point", "coordinates": [ 162657.064562232058961, 824343.073883883771487 ] } },
{ "type": "Feature", "properties": { "osm_id": "820237569", "name": "Rothienorman Substation", "voltage": "400000", "operator": "SSEN Transmission", "owner": null }, "geometry": { "type": "Point", "coordinates": [ 369094.548722927866038, 835629.793733266880736 ] } },
{ "type": "Feature", "properties": { "osm_id": "820231183", "name": "New Deer Substation", "voltage": "400000", "operator": "Scottish and Southern Electricity Networks", "owner": null }, "geometry": { "type": "Point", "coordinates": [ 383014.619233829784207, 844560.233034851378761 ] } },
{ "type": "Feature", "properties": { "osm_id": "1225479222", "name": "Peterhead Substation", "voltage": "400000", "operator": "Scottish and Southern Electricity Networks", "owner": null }, "geometry": { "type": "Point", "coordinates": [ 412050.29321247554617, 842930.34653948911 ] } },
{ "type": "Feature", "properties": { "osm_id": "306595717", "name": "Strichen Substation", "voltage": "132000;33000", "operator": "SSE", "owner": null }, "geometry": { "type": "Point", "coordinates": [ 395910.570727876445744, 855126.579648190061562 ] } },
{ "type": "Feature", "properties": { "osm_id": "118821349", "name": "Kintore Grid Supply Point", "voltage": "275000;132000", "operator": "SSEN Transmission", "owner": null }, "geometry": { "type": "Point", "coordinates": [ 377061.710955875867512, 814278.376779444864951 ] } },
{ "type": "Feature", "properties": { "osm_id": "1263000218", "name": "Kintore Grid Supply Point", "voltage": "132000;33000", "operator": "SSEN Transmission", "owner": null }, "geometry": { "type": "Point", "coordinates": [ 377158.262166797823738, 814331.75683404749725 ] } },
{ "type": "Feature", "properties": { "osm_id": "52980661", "name": "Persley Grid Supply Point", "voltage": "132000;33000", "operator": "SSEN Transmission", "owner": null }, "geometry": { "type": "Point", "coordinates": [ 391735.56487153924536, 809262.624673569807783 ] } },
{ "type": "Feature", "properties": { "osm_id": "233399023", "name": "Tarland Substation", "voltage": "132000;33000", "operator": "SSEN Transmission", "owner": null }, "geometry": { "type": "Point", "coordinates": [ 352468.509394919092301, 807062.231893609394319 ] } },
{ "type": "Feature", "properties": { "osm_id": "52981856", "name": "Craigiebuckler Grid Supply Point", "voltage": "132000;33000", "operator": "SSEN Transmission", "owner": null }, "geometry": { "type": "Point", "coordinates": [ 390775.052982007677201, 804484.271140010445379 ] } },
{ "type": "Feature", "properties": { "osm_id": "129407052", "name": "Redmoss Grid Supply Point", "voltage": "132000;33000", "operator": "Scottish and Southern Electricity Networks", "owner": null }, "geometry": { "type": "Point", "coordinates": [ 394548.518136891769245, 801947.458878442994319 ] } },
{ "type": "Feature", "properties": { "osm_id": "118821349", "name": "Kintore Grid Supply Point", "voltage": "275000;132000", "operator": "SSEN Transmission", "owner": null }, "geometry": { "type": "Point", "coordinates": [ 377061.710955875867512, 814278.376779444864951 ] } },
{ "type": "Feature", "properties": { "osm_id": "306451404", "name": "Fiddes", "voltage": "132000", "operator": null, "owner": null }, "geometry": { "type": "Point", "coordinates": [ 381713.273963450745214, 781515.747157880221494 ] } },
{ "type": "Feature", "properties": { "osm_id": "1263000218", "name": "Kintore Grid Supply Point", "voltage": "132000;33000", "operator": "SSEN Transmission", "owner": null }, "geometry": { "type": "Point", "coordinates": [ 377158.262166797823738, 814331.75683404749725 ] } },
{ "type": "Feature", "properties": { "osm_id": "143390824", "name": "Maybole Substation", "voltage": "132000", "operator": "SP Energy Networks", "owner": null }, "geometry": { "type": "Point", "coordinates": [ 229801.205020979599794, 608639.025189926149324 ] } },
{ "type": "Feature", "properties": { "osm_id": "308795251", "name": "Hadyard Hill Wind Farm Substation", "voltage": "132000", "operator": null, "owner": null }, "geometry": { "type": "Point", "coordinates": [ 228030.980287394602783, 598457.869114225031808 ] } },
{ "type": "Feature", "properties": { "osm_id": "308795252", "name": "Auchenwynd Substation", "voltage": "132000", "operator": null, "owner": null }, "geometry": { "type": "Point", "coordinates": [ 229882.174344885308528, 608614.614725849125534 ] } },
{ "type": "Feature", "properties": { "osm_id": "307767554", "name": "Dunoon Grid Substation", "voltage": "132000;33000", "operator": "SSEN Transmission", "owner": null }, "geometry": { "type": "Point", "coordinates": [ 216156.2310222160595, 679776.498308756155893 ] } },
{ "type": "Feature", "properties": { "osm_id": "86071326", "name": "Windyhill Substation", "voltage": "400000;275000;132000", "operator": "SP Energy Networks", "owner": null }, "geometry": { "type": "Point", "coordinates": [ 251597.194598712347215, 673331.150718153920025 ] } },
{ "type": "Feature", "properties": { "osm_id": "241491759", "name": "Fetteresso Substation", "voltage": "275000;132000", "operator": "SSEN Transmission", "owner": null }, "geometry": { "type": "Point", "coordinates": [ 378981.630530121037737, 785967.101305554737337 ] } },
{ "type": "Feature", "properties": { "osm_id": "96812134", "name": null, "voltage": null, "operator": null, "owner": null }, "geometry": { "type": "Point", "coordinates": [ 284102.474799719057046, 681028.077715814113617 ] } },
{ "type": "Feature", "properties": { "osm_id": "991913889", "name": null, "voltage": null, "operator": null, "owner": null }, "geometry": { "type": "Point", "coordinates": [ 284154.467476924764924, 680939.87518686032854 ] } },
{ "type": "Feature", "properties": { "osm_id": "96812134", "name": null, "voltage": null, "operator": null, "owner": null }, "geometry": { "type": "Point", "coordinates": [ 284102.474799719057046, 681028.077715814113617 ] } },
{ "type": "Feature", "properties": { "osm_id": "96812135", "name": null, "voltage": null, "operator": null, "owner": null }, "geometry": { "type": "Point", "coordinates": [ 283999.302980004809797, 680955.95243481057696 ] } },
{ "type": "Feature", "properties": { "osm_id": "991913889", "name": null, "voltage": null, "operator": null, "owner": null }, "geometry": { "type": "Point", "coordinates": [ 284154.467476924764924, 680939.87518686032854 ] } },
{ "type": "Feature", "properties": { "osm_id": "96812134", "name": null, "voltage": null, "operator": null, "owner": null }, "geometry": { "type": "Point", "coordinates": [ 284102.474799719057046, 681028.077715814113617 ] } },
{ "type": "Feature", "properties": { "osm_id": "96812135", "name": null, "voltage": null, "operator": null, "owner": null }, "geometry": { "type": "Point", "coordinates": [ 283999.302980004809797, 680955.95243481057696 ] } },
{ "type": "Feature", "properties": { "osm_id": "308313098", "name": "Cumbernauld", "voltage": "132000", "operator": null, "owner": null }, "geometry": { "type": "Point", "coordinates": [ 277452.614324018300977, 674395.302600924856961 ] } },
{ "type": "Feature", "properties": { "osm_id": "991913889", "name": null, "voltage": null, "operator": null, "owner": null }, "geometry": { "type": "Point", "coordinates": [ 284154.467476924764924, 680939.87518686032854 ] } },
{ "type": "Feature", "properties": { "osm_id": "212779654", "name": "Wishaw substation", "voltage": "275000;132000;33000;25000", "operator": null, "owner": null }, "geometry": { "type": "Point", "coordinates": [ 279090.736144200258423, 654019.875937357428484 ] } },
{ "type": "Feature", "properties": { "osm_id": "222205173", "name": "Newarthill Substation", "voltage": "275000", "operator": "SP Energy Networks", "owner": null }, "geometry": { "type": "Point", "coordinates": [ 278198.31382412876701, 660729.54156931641046 ] } },
{ "type": "Feature", "properties": { "osm_id": "222205173", "name": "Newarthill Substation", "voltage": "275000", "operator": "SP Energy Networks", "owner": null }, "geometry": { "type": "Point", "coordinates": [ 278198.31382412876701, 660729.54156931641046 ] } },
{ "type": "Feature", "properties": { "osm_id": "222205173", "name": "Newarthill Substation", "voltage": "275000", "operator": "SP Energy Networks", "owner": null }, "geometry": { "type": "Point", "coordinates": [ 278198.31382412876701, 660729.54156931641046 ] } },
{ "type": "Feature", "properties": { "osm_id": "86071326", "name": "Windyhill Substation", "voltage": "400000;275000;132000", "operator": "SP Energy Networks", "owner": null }, "geometry": { "type": "Point", "coordinates": [ 251597.194598712347215, 673331.150718153920025 ] } },
{ "type": "Feature", "properties": { "osm_id": "162124572", "name": "Drumchapel", "voltage": "275000", "operator": "SP Energy Networks", "owner": null }, "geometry": { "type": "Point", "coordinates": [ 253275.07563080789987, 671670.350128959049471 ] } },
{ "type": "Feature", "properties": { "osm_id": "86071326", "name": "Windyhill Substation", "voltage": "400000;275000;132000", "operator": "SP Energy Networks", "owner": null }, "geometry": { "type": "Point", "coordinates": [ 251597.194598712347215, 673331.150718153920025 ] } },
{ "type": "Feature", "properties": { "osm_id": "570087440", "name": "Johnstone", "voltage": "132000;33000;11000", "operator": "SP Energy Networks", "owner": null }, "geometry": { "type": "Point", "coordinates": [ 243193.927367579803104, 664182.661298976629041 ] } },
{ "type": "Feature", "properties": { "osm_id": "91046062", "name": "Erskine Substation", "voltage": "132000;33000", "operator": null, "owner": null }, "geometry": { "type": "Point", "coordinates": [ 244877.589794918370899, 670681.360224847565405 ] } },
{ "type": "Feature", "properties": { "osm_id": "91056548", "name": "Devol Moor Substation", "voltage": "400000;132000;33000", "operator": null, "owner": null }, "geometry": { "type": "Point", "coordinates": [ 230813.569486795313423, 672521.349808825412765 ] } },
{ "type": "Feature", "properties": { "osm_id": "91056548", "name": "Devol Moor Substation", "voltage": "400000;132000;33000", "operator": null, "owner": null }, "geometry": { "type": "Point", "coordinates": [ 230813.569486795313423, 672521.349808825412765 ] } },
{ "type": "Feature", "properties": { "osm_id": "308653843", "name": "Hunterston Substation", "voltage": "400000", "operator": null, "owner": null }, "geometry": { "type": "Point", "coordinates": [ 218531.014639222354162, 651191.328475856571458 ] } },
{ "type": "Feature", "properties": { "osm_id": "100077745", "name": "Kilmarnock South Substation", "voltage": "400000;275000", "operator": null, "owner": null }, "geometry": { "type": "Point", "coordinates": [ 244809.111838301090756, 634158.74827761517372 ] } },
{ "type": "Feature", "properties": { "osm_id": "143384076", "name": null, "voltage": "400000", "operator": null, "owner": null }, "geometry": { "type": "Point", "coordinates": [ 269552.543758385581896, 652901.050697275088169 ] } },
{ "type": "Feature", "properties": { "osm_id": "7894974", "name": "Strathaven Substation", "voltage": "400000;275000", "operator": "", "owner": "" }, "geometry": { "type": "Point", "coordinates": [ 269552.543758385581896, 652901.050697275088169 ] } },
{ "type": "Feature", "properties": { "osm_id": "143398451", "name": "Neilston Substation", "voltage": "275000", "operator": "SP Energy Networks", "owner": null }, "geometry": { "type": "Point", "coordinates": [ 244787.329112551204162, 660086.81645100703463 ] } },
{ "type": "Feature", "properties": { "osm_id": "166703758", "name": "Busby Substation", "voltage": "275000", "operator": null, "owner": null }, "geometry": { "type": "Point", "coordinates": [ 258192.176625202002469, 655758.454617968876846 ] } },
{ "type": "Feature", "properties": { "osm_id": "1263101676", "name": "Neilston Substation", "voltage": "400000", "operator": "SP Energy Networks", "owner": null }, "geometry": { "type": "Point", "coordinates": [ 244693.915035972953774, 659977.930457911686972 ] } },
{ "type": "Feature", "properties": { "osm_id": "1263101680", "name": "Neilston Substation", "voltage": "132000", "operator": "SP Energy Networks", "owner": null }, "geometry": { "type": "Point", "coordinates": [ 244843.737529636564432, 660151.639388239942491 ] } },
{ "type": "Feature", "properties": { "osm_id": "166703764", "name": "East Kilbride Substation", "voltage": "275000", "operator": "SP Energy Networks", "owner": null }, "geometry": { "type": "Point", "coordinates": [ 262519.09162243216997, 656913.72931193059776 ] } },
{ "type": "Feature", "properties": { "osm_id": "119315549", "name": "Clyde's Mill Substation", "voltage": "275000", "operator": "SP Energy Networks", "owner": null }, "geometry": { "type": "Point", "coordinates": [ 265454.972399775288068, 660920.12092829158064 ] } },
{ "type": "Feature", "properties": { "osm_id": "91093679", "name": "Kilwinning Substation", "voltage": "132000;33000", "operator": null, "owner": null }, "geometry": { "type": "Point", "coordinates": [ 231495.807659442158183, 644560.211086742463522 ] } },
{ "type": "Feature", "properties": { "osm_id": "91093679", "name": "Kilwinning Substation", "voltage": "132000;33000", "operator": null, "owner": null }, "geometry": { "type": "Point", "coordinates": [ 231495.807659442158183, 644560.211086742463522 ] } },
{ "type": "Feature", "properties": { "osm_id": "162051851", "name": "Meadowhead", "voltage": "132000", "operator": null, "owner": null }, "geometry": { "type": "Point", "coordinates": [ 233815.077558057266288, 635433.190418626763858 ] } },
{ "type": "Feature", "properties": { "osm_id": "143105488", "name": "Coylton Substation", "voltage": "275000;132000", "operator": "SP Energy Networks", "owner": null }, "geometry": { "type": "Point", "coordinates": [ 246265.266428697039373, 619690.299482378643006 ] } },
{ "type": "Feature", "properties": { "osm_id": "143388743", "name": "Kilmarnock Town Substation", "voltage": "275000", "operator": null, "owner": null }, "geometry": { "type": "Point", "coordinates": [ 242862.130158460116945, 636625.472227690392174 ] } },
{ "type": "Feature", "properties": { "osm_id": "125860302", "name": "Ayr Substation", "voltage": "275000;33000", "operator": null, "owner": null }, "geometry": { "type": "Point", "coordinates": [ 236457.659537228377303, 621212.278419704874977 ] } },
{ "type": "Feature", "properties": { "osm_id": "143390824", "name": "Maybole Substation", "voltage": "132000", "operator": "SP Energy Networks", "owner": null }, "geometry": { "type": "Point", "coordinates": [ 229801.205020979599794, 608639.025189926149324 ] } },
{ "type": "Feature", "properties": { "osm_id": "308795252", "name": "Auchenwynd Substation", "voltage": "132000", "operator": null, "owner": null }, "geometry": { "type": "Point", "coordinates": [ 229882.174344885308528, 608614.614725849125534 ] } },
{ "type": "Feature", "properties": { "osm_id": "65482882", "name": "Cockenzie Substation", "voltage": "275000", "operator": "SP Energy Networks", "owner": null }, "geometry": { "type": "Point", "coordinates": [ 339669.74414723465452, 675283.904547341284342 ] } },
{ "type": "Feature", "properties": { "osm_id": "308788887", "name": null, "voltage": "400000", "operator": null, "owner": null }, "geometry": { "type": "Point", "coordinates": [ 339781.552427122776862, 675256.454144532443024 ] } },
{ "type": "Feature", "properties": { "osm_id": "150705182", "name": "Dun Law Wind Farm Substation", "voltage": "132000", "operator": null, "owner": null }, "geometry": { "type": "Point", "coordinates": [ 347344.618153114570305, 657157.506785875186324 ] } },
{ "type": "Feature", "properties": { "osm_id": "97559016", "name": "Dunbar Substation", "voltage": "132000", "operator": null, "owner": null }, "geometry": { "type": "Point", "coordinates": [ 364304.498279799183365, 676186.394225317519158 ] } },
{ "type": "Feature", "properties": { "osm_id": "87251342", "name": "Redhouse Substation", "voltage": "132000;33000", "operator": null, "owner": null }, "geometry": { "type": "Point", "coordinates": [ 328965.060206577763893, 695355.270509202382527 ] } },
{ "type": "Feature", "properties": { "osm_id": "95374266", "name": "Westfield Substation", "voltage": "275000;132000", "operator": "SP Energy Networks", "owner": null }, "geometry": { "type": "Point", "coordinates": [ 319330.872865582699887, 697601.87059205386322 ] } },
{ "type": "Feature", "properties": { "osm_id": "132148236", "name": "Cupar", "voltage": "132000", "operator": null, "owner": null }, "geometry": { "type": "Point", "coordinates": [ 336021.95259565487504, 713948.426298665464856 ] } },
{ "type": "Feature", "properties": { "osm_id": "89700304", "name": "Glenniston  Substation", "voltage": "132000;33000", "operator": null, "owner": null }, "geometry": { "type": "Point", "coordinates": [ 321042.27928212902043, 691670.584301492781378 ] } },
{ "type": "Feature", "properties": { "osm_id": "95374266", "name": "Westfield Substation", "voltage": "275000;132000", "operator": "SP Energy Networks", "owner": null }, "geometry": { "type": "Point", "coordinates": [ 319330.872865582699887, 697601.87059205386322 ] } },
{ "type": "Feature", "properties": { "osm_id": "89699558", "name": "Mossmorran Substation", "voltage": "275000;132000", "operator": "SP Energy Networks", "owner": null }, "geometry": { "type": "Point", "coordinates": [ 319681.830323580943514, 691107.676137018483132 ] } },
{ "type": "Feature", "properties": { "osm_id": "89699558", "name": "Mossmorran Substation", "voltage": "275000;132000", "operator": "SP Energy Networks", "owner": null }, "geometry": { "type": "Point", "coordinates": [ 319681.830323580943514, 691107.676137018483132 ] } },
{ "type": "Feature", "properties": { "osm_id": "89700304", "name": "Glenniston  Substation", "voltage": "132000;33000", "operator": null, "owner": null }, "geometry": { "type": "Point", "coordinates": [ 321042.27928212902043, 691670.584301492781378 ] } },
{ "type": "Feature", "properties": { "osm_id": "89823813", "name": null, "voltage": "132000", "operator": null, "owner": null }, "geometry": { "type": "Point", "coordinates": [ 309909.048039698333014, 689482.795285818167031 ] } },
{ "type": "Feature", "properties": { "osm_id": "215583948", "name": "Glenlee Substation", "voltage": "132000", "operator": null, "owner": null }, "geometry": { "type": "Point", "coordinates": [ 260651.58495717155165, 580484.817297158995643 ] } },
{ "type": "Feature", "properties": { "osm_id": "215583948", "name": "Glenlee Substation", "voltage": "132000", "operator": null, "owner": null }, "geometry": { "type": "Point", "coordinates": [ 260651.58495717155165, 580484.817297158995643 ] } },
{ "type": "Feature", "properties": { "osm_id": "310436910", "name": "Newton Stewart Substation", "voltage": "132000", "operator": "SP Energy Networks", "owner": null }, "geometry": { "type": "Point", "coordinates": [ 240078.892266085313167, 564936.266753975534812 ] } },
{ "type": "Feature", "properties": { "osm_id": "310436922", "name": "Glenluce Substation", "voltage": "132000", "operator": "SP Energy Networks", "owner": null }, "geometry": { "type": "Point", "coordinates": [ 219974.652858746267157, 557764.232181798666716 ] } },
{ "type": "Feature", "properties": { "osm_id": "165011750", "name": "Tongland Substation", "voltage": "132000", "operator": null, "owner": null }, "geometry": { "type": "Point", "coordinates": [ 269465.785075088264421, 553675.005586617277004 ] } },
{ "type": "Feature", "properties": { "osm_id": "215583948", "name": "Glenlee Substation", "voltage": "132000", "operator": null, "owner": null }, "geometry": { "type": "Point", "coordinates": [ 260651.58495717155165, 580484.817297158995643 ] } },
{ "type": "Feature", "properties": { "osm_id": "474235833", "name": null, "voltage": "33000", "operator": null, "owner": null }, "geometry": { "type": "Point", "coordinates": [ 269595.854953902773559, 553612.076764854020439 ] } },
{ "type": "Feature", "properties": { "osm_id": "165011750", "name": "Tongland Substation", "voltage": "132000", "operator": null, "owner": null }, "geometry": { "type": "Point", "coordinates": [ 269465.785075088264421, 553675.005586617277004 ] } },
{ "type": "Feature", "properties": { "osm_id": "474235833", "name": null, "voltage": "33000", "operator": null, "owner": null }, "geometry": { "type": "Point", "coordinates": [ 269595.854953902773559, 553612.076764854020439 ] } },
{ "type": "Feature", "properties": { "osm_id": "310436909", "name": "Chapelcross Substation", "voltage": "132000", "operator": null, "owner": null }, "geometry": { "type": "Point", "coordinates": [ 321467.489068031718489, 569789.841724744881503 ] } },
{ "type": "Feature", "properties": { "osm_id": "310436909", "name": "Chapelcross Substation", "voltage": "132000", "operator": null, "owner": null }, "geometry": { "type": "Point", "coordinates": [ 321467.489068031718489, 569789.841724744881503 ] } },
{ "type": "Feature", "properties": { "osm_id": "143219044", "name": null, "voltage": null, "operator": null, "owner": null }, "geometry": { "type": "Point", "coordinates": [ 332955.69516481802566, 571321.09999414649792 ] } },
{ "type": "Feature", "properties": { "osm_id": "10377509", "name": "Gretna Substation", "voltage": "400000;132000", "operator": "SP Energy Networks", "owner": "" }, "geometry": { "type": "Point", "coordinates": [ 332995.485728261992335, 571184.330429147696123 ] } },
{ "type": "Feature", "properties": { "osm_id": "88799419", "name": null, "voltage": null, "operator": null, "owner": null }, "geometry": { "type": "Point", "coordinates": [ 338405.82713386247633, 561259.215051960200071 ] } },
{ "type": "Feature", "properties": { "osm_id": "1116278402", "name": null, "voltage": null, "operator": null, "owner": null }, "geometry": { "type": "Point", "coordinates": [ 338572.50770860130433, 561194.844556623604149 ] } },
{ "type": "Feature", "properties": { "osm_id": "1116278405", "name": null, "voltage": null, "operator": null, "owner": null }, "geometry": { "type": "Point", "coordinates": [ 338665.6617242944194, 561297.519289064453915 ] } },
{ "type": "Feature", "properties": { "osm_id": "200511209", "name": "Hawthorn Pit Substation", "voltage": "275000;66000", "operator": "National Grid", "owner": null }, "geometry": { "type": "Point", "coordinates": [ 438350.617439541383646, 545729.415780600858852 ] } },
{ "type": "Feature", "properties": { "osm_id": "1436767715", "name": "Hawthorn Pit Substation", "voltage": "400000;275000", "operator": "National Grid", "owner": null }, "geometry": { "type": "Point", "coordinates": [ 438481.750751208048314, 545773.527230952284299 ] } },
{ "type": "Feature", "properties": { "osm_id": "306451401", "name": "Bridge of Dun", "voltage": "132000;33000;11000", "operator": "Scottish and Southern Electricity Networks", "owner": null }, "geometry": { "type": "Point", "coordinates": [ 366015.865605285624042, 758883.569031851831824 ] } },
{ "type": "Feature", "properties": { "osm_id": "306451402", "name": "Brechin Grid", "voltage": "132000", "operator": null, "owner": null }, "geometry": { "type": "Point", "coordinates": [ 361672.22036540217232, 761125.44743621989619 ] } },
{ "type": "Feature", "properties": { "osm_id": "306595699", "name": "Charleston", "voltage": "132000", "operator": null, "owner": null }, "geometry": { "type": "Point", "coordinates": [ 335731.860439527605195, 731814.643850343185477 ] } },
{ "type": "Feature", "properties": { "osm_id": "306595725", "name": "Lyndhurst", "voltage": "132000", "operator": null, "owner": null }, "geometry": { "type": "Point", "coordinates": [ 337440.235856980434619, 732575.053072412032634 ] } },
{ "type": "Feature", "properties": { "osm_id": "59736773", "name": "Glenrothes Substation", "voltage": "275000;33000", "operator": "SP Energy Networks", "owner": null }, "geometry": { "type": "Point", "coordinates": [ 325597.812068937520962, 702248.601121649495326 ] } },
{ "type": "Feature", "properties": { "osm_id": "1016427042", "name": "Leven Substation", "voltage": "132000;33000", "operator": null, "owner": null }, "geometry": { "type": "Point", "coordinates": [ 335620.491076633450575, 701192.509040511096828 ] } },
{ "type": "Feature", "properties": { "osm_id": "71118225", "name": "Willington Substation", "voltage": "400000;132000", "operator": "National Grid", "owner": null }, "geometry": { "type": "Point", "coordinates": [ 430386.628277233568951, 328781.701937890786212 ] } },
{ "type": "Feature", "properties": { "osm_id": "315965846", "name": null, "voltage": null, "operator": null, "owner": null }, "geometry": { "type": "Point", "coordinates": [ 450178.48138684820151, 329689.305560577078722 ] } },
{ "type": "Feature", "properties": { "osm_id": "13110368", "name": "Ratcliffe-on-Soar Substation", "voltage": "400000;275000;132000", "operator": "National Grid", "owner": "" }, "geometry": { "type": "Point", "coordinates": [ 450169.989987608219963, 329847.61416058789473 ] } },
{ "type": "Feature", "properties": { "osm_id": "90534270", "name": "Enderby Substation", "voltage": "400000;132000", "operator": "National Grid Electricity Transmission", "owner": null }, "geometry": { "type": "Point", "coordinates": [ 453156.735409969463944, 300272.180551428813487 ] } },
{ "type": "Feature", "properties": { "osm_id": "315965846", "name": null, "voltage": null, "operator": null, "owner": null }, "geometry": { "type": "Point", "coordinates": [ 450178.48138684820151, 329689.305560577078722 ] } },
{ "type": "Feature", "properties": { "osm_id": "13110368", "name": "Ratcliffe-on-Soar Substation", "voltage": "400000;275000;132000", "operator": "National Grid", "owner": "" }, "geometry": { "type": "Point", "coordinates": [ 450169.989987608219963, 329847.61416058789473 ] } },
{ "type": "Feature", "properties": { "osm_id": "71118225", "name": "Willington Substation", "voltage": "400000;132000", "operator": "National Grid", "owner": null }, "geometry": { "type": "Point", "coordinates": [ 430386.628277233568951, 328781.701937890786212 ] } },
{ "type": "Feature", "properties": { "osm_id": "39646333", "name": null, "voltage": null, "operator": null, "owner": null }, "geometry": { "type": "Point", "coordinates": [ 428636.071363386115991, 534704.7738656088477 ] } },
{ "type": "Feature", "properties": { "osm_id": "91955171", "name": "Stella West Sub Station", "voltage": "400000;275000;132000", "operator": null, "owner": null }, "geometry": { "type": "Point", "coordinates": [ 416539.653519538231194, 564822.916370980557986 ] } },
{ "type": "Feature", "properties": { "osm_id": "220798107", "name": null, "voltage": null, "operator": null, "owner": null }, "geometry": { "type": "Point", "coordinates": [ 428845.466558037907816, 534549.622476118383929 ] } },
{ "type": "Feature", "properties": { "osm_id": "81098733", "name": "Washway Farm Substation", "voltage": "275000;132000", "operator": "NGET", "owner": null }, "geometry": { "type": "Point", "coordinates": [ 345816.231552992074285, 407645.90730274427915 ] } },
{ "type": "Feature", "properties": { "osm_id": "292471784", "name": "Seabank Substation", "voltage": "400000;132000;33000", "operator": "National Grid Electricity Transmission", "owner": null }, "geometry": { "type": "Point", "coordinates": [ 353611.892423450597562, 182193.980995594814885 ] } },
{ "type": "Feature", "properties": { "osm_id": "45087479", "name": "Iron Acton Substation", "voltage": "275000;132000", "operator": null, "owner": null }, "geometry": { "type": "Point", "coordinates": [ 366771.143306427227799, 185733.063468494161498 ] } },
{ "type": "Feature", "properties": { "osm_id": "38528291", "name": "Walpole Substation", "voltage": "400000;132000", "operator": "National Grid", "owner": null }, "geometry": { "type": "Point", "coordinates": [ 548592.95118687255308, 316615.947173600259703 ] } },
{ "type": "Feature", "properties": { "osm_id": "24165071", "name": "Wymondley Substation", "voltage": "400000;132000;33000", "operator": null, "owner": null }, "geometry": { "type": "Point", "coordinates": [ 520489.458097418071702, 226918.765718212816864 ] } },
{ "type": "Feature", "properties": { "osm_id": "91003253", "name": "Staythorpe Substation", "voltage": "400000;132000", "operator": "National Grid Electricity Transmission", "owner": null }, "geometry": { "type": "Point", "coordinates": [ 475920.161423528101295, 353952.270294048590586 ] } },
{ "type": "Feature", "properties": { "osm_id": "91003261", "name": "Staythorpe B Substation", "voltage": "132000", "operator": null, "owner": null }, "geometry": { "type": "Point", "coordinates": [ 476191.566277132544201, 354001.177681605913676 ] } },
{ "type": "Feature", "properties": { "osm_id": "91003266", "name": "Staythorpe C Substation", "voltage": "132000", "operator": null, "owner": null }, "geometry": { "type": "Point", "coordinates": [ 476099.031428102054633, 353897.183740327483974 ] } },
{ "type": "Feature", "properties": { "osm_id": "89573355", "name": null, "voltage": "132000", "operator": null, "owner": null }, "geometry": { "type": "Point", "coordinates": [ 268972.392586488625966, 338622.016101440705825 ] } },
{ "type": "Feature", "properties": { "osm_id": "90539508", "name": "Stocksbridge", "voltage": "400000", "operator": null, "owner": null }, "geometry": { "type": "Point", "coordinates": [ 426512.025814070249908, 399073.450841010722797 ] } },
{ "type": "Feature", "properties": { "osm_id": "90547679", "name": "Thorpe Marsh Substation", "voltage": "400000", "operator": "National Grid", "owner": null }, "geometry": { "type": "Point", "coordinates": [ 460396.21334058517823, 409155.402272774023004 ] } },
{ "type": "Feature", "properties": { "osm_id": "671612790", "name": "Thorpe Marsh 275", "voltage": "275000", "operator": "National Grid", "owner": null }, "geometry": { "type": "Point", "coordinates": [ 459918.711171115050092, 409142.233376154792495 ] } },
{ "type": "Feature", "properties": { "osm_id": "90547685", "name": "Thurcroft Substation", "voltage": "275000;66000", "operator": null, "owner": null }, "geometry": { "type": "Point", "coordinates": [ 448722.900739562814124, 390032.84567233803682 ] } },
{ "type": "Feature", "properties": { "osm_id": "159736514", "name": "Brinsworth Substation", "voltage": "400000;275000", "operator": "National Grid", "owner": null }, "geometry": { "type": "Point", "coordinates": [ 443228.56258609861834, 389590.308372809085995 ] } },
{ "type": "Feature", "properties": { "osm_id": "29112275", "name": "Rayleigh Local Substation", "voltage": "132000", "operator": null, "owner": null }, "geometry": { "type": "Point", "coordinates": [ 579869.483560913009569, 190771.85804825584637 ] } },
{ "type": "Feature", "properties": { "osm_id": "1271295345", "name": "Sellindge Substation", "voltage": "400000;132000;25000", "operator": "National Grid plc", "owner": null }, "geometry": { "type": "Point", "coordinates": [ 608168.694557231501676, 138249.269060671329498 ] } },
{ "type": "Feature", "properties": { "osm_id": "87953830", "name": "Canterbury North Substation", "voltage": "400000;132000", "operator": null, "owner": null }, "geometry": { "type": "Point", "coordinates": [ 615976.81276280770544, 159507.765639282268239 ] } },
{ "type": "Feature", "properties": { "osm_id": "1271295345", "name": "Sellindge Substation", "voltage": "400000;132000;25000", "operator": "National Grid plc", "owner": null }, "geometry": { "type": "Point", "coordinates": [ 608168.694557231501676, 138249.269060671329498 ] } },
{ "type": "Feature", "properties": { "osm_id": "20851038", "name": "Lovedean Substation", "voltage": "400000;132000", "operator": null, "owner": null }, "geometry": { "type": "Point", "coordinates": [ 467588.942178606754169, 113504.746665834391024 ] } },
{ "type": "Feature", "properties": { "osm_id": "91082448", "name": "Bolney Substation", "voltage": "400000;132000", "operator": null, "owner": null }, "geometry": { "type": "Point", "coordinates": [ 523991.712837098166347, 121009.196808684588177 ] } },
{ "type": "Feature", "properties": { "osm_id": "1468976756", "name": "West Burton Substation", "voltage": "400000", "operator": "NGET", "owner": null }, "geometry": { "type": "Point", "coordinates": [ 479346.272140788438264, 385367.136833880329505 ] } },
{ "type": "Feature", "properties": { "osm_id": "100861711", "name": null, "voltage": "400000", "operator": null, "owner": null }, "geometry": { "type": "Point", "coordinates": [ 482415.920360198011622, 411996.311891682853457 ] } },
{ "type": "Feature", "properties": { "osm_id": "7881280", "name": "Keadby Substation", "voltage": "400000;132000", "operator": "", "owner": "" }, "geometry": { "type": "Point", "coordinates": [ 482415.920360198011622, 411996.311891682853457 ] } },
{ "type": "Feature", "properties": { "osm_id": "143783006", "name": "Medway Substation", "voltage": "400000", "operator": null, "owner": null }, "geometry": { "type": "Point", "coordinates": [ 588811.509807323338464, 175261.800838316266891 ] } },
{ "type": "Feature", "properties": { "osm_id": "1468976756", "name": "West Burton Substation", "voltage": "400000", "operator": "NGET", "owner": null }, "geometry": { "type": "Point", "coordinates": [ 479346.272140788438264, 385367.136833880329505 ] } },
{ "type": "Feature", "properties": { "osm_id": "92419253", "name": "Macclesfield Substation", "voltage": "400000", "operator": "National Grid", "owner": null }, "geometry": { "type": "Point", "coordinates": [ 392032.511958911723923, 374634.44146246695891 ] } },
{ "type": "Feature", "properties": { "osm_id": "92460913", "name": "Walham Substation", "voltage": "400000", "operator": null, "owner": null }, "geometry": { "type": "Point", "coordinates": [ 382645.327920133364387, 220127.991795807029121 ] } },
{ "type": "Feature", "properties": { "osm_id": "92529432", "name": "Daines Substation", "voltage": "400000", "operator": "National Grid", "owner": null }, "geometry": { "type": "Point", "coordinates": [ 374892.15569309174316, 392202.243263567273971 ] } },
{ "type": "Feature", "properties": { "osm_id": "92676046", "name": null, "voltage": null, "operator": null, "owner": null }, "geometry": { "type": "Point", "coordinates": [ 373385.604871762043331, 393152.44696103874594 ] } },
{ "type": "Feature", "properties": { "osm_id": "7894457", "name": "Carrington AIS Substation", "voltage": "400000;275000;132000", "operator": "National Grid", "owner": "" }, "geometry": { "type": "Point", "coordinates": [ 373385.604871762043331, 393152.44696103874594 ] } },
{ "type": "Feature", "properties": { "osm_id": "92529432", "name": "Daines Substation", "voltage": "400000", "operator": "National Grid", "owner": null }, "geometry": { "type": "Point", "coordinates": [ 374892.15569309174316, 392202.243263567273971 ] } },
{ "type": "Feature", "properties": { "osm_id": "92529432", "name": "Daines Substation", "voltage": "400000", "operator": "National Grid", "owner": null }, "geometry": { "type": "Point", "coordinates": [ 374892.15569309174316, 392202.243263567273971 ] } },
{ "type": "Feature", "properties": { "osm_id": "92737152", "name": "South Manchester Substation", "voltage": "275000;132000", "operator": "National Grid Electricity Transmission", "owner": null }, "geometry": { "type": "Point", "coordinates": [ 381759.177040214999579, 391616.841512923303526 ] } },
{ "type": "Feature", "properties": { "osm_id": "31545125", "name": "Bustleholme Substation", "voltage": "400000;275000;132000", "operator": "National Grid", "owner": null }, "geometry": { "type": "Point", "coordinates": [ 402702.285955800965894, 295027.467498623998836 ] } },
{ "type": "Feature", "properties": { "osm_id": "23167419", "name": null, "voltage": "400000", "operator": null, "owner": null }, "geometry": { "type": "Point", "coordinates": [ 329692.123964249447454, 371135.796404926222749 ] } },
{ "type": "Feature", "properties": { "osm_id": "1274396508", "name": "Connahs Quay GIS Substation", "voltage": "400000", "operator": "National Grid Electricity Transmission", "owner": null }, "geometry": { "type": "Point", "coordinates": [ 328387.790590825781692, 370837.294079715094995 ] } },
{ "type": "Feature", "properties": { "osm_id": "92460913", "name": "Walham Substation", "voltage": "400000", "operator": null, "owner": null }, "geometry": { "type": "Point", "coordinates": [ 382645.327920133364387, 220127.991795807029121 ] } },
{ "type": "Feature", "properties": { "osm_id": "314338790", "name": "Cottam Substation", "voltage": "400000", "operator": null, "owner": null }, "geometry": { "type": "Point", "coordinates": [ 481312.62946186971385, 378890.198531637259293 ] } },
{ "type": "Feature", "properties": { "osm_id": "1468976756", "name": "West Burton Substation", "voltage": "400000", "operator": "NGET", "owner": null }, "geometry": { "type": "Point", "coordinates": [ 479346.272140788438264, 385367.136833880329505 ] } },
{ "type": "Feature", "properties": { "osm_id": "192220228", "name": null, "voltage": "400000;275000", "operator": null, "owner": null }, "geometry": { "type": "Point", "coordinates": [ 264906.019005597510841, 200664.902949435228948 ] } },
{ "type": "Feature", "properties": { "osm_id": "192220229", "name": null, "voltage": null, "operator": null, "owner": null }, "geometry": { "type": "Point", "coordinates": [ 264836.443477372289635, 200861.150543175463099 ] } },
{ "type": "Feature", "properties": { "osm_id": "95749833", "name": "Cilfynydd Supergrid Substation", "voltage": "400000;275000", "operator": "National Grid", "owner": null }, "geometry": { "type": "Point", "coordinates": [ 310103.49089006986469, 193807.130495938647073 ] } },
{ "type": "Feature", "properties": { "osm_id": "95895489", "name": "Rassau Supergrid Substation", "voltage": "400000;132000", "operator": "National Grid;Western Power Distribution", "owner": null }, "geometry": { "type": "Point", "coordinates": [ 315549.762122646439821, 212915.236982701637316 ] } },
{ "type": "Feature", "properties": { "osm_id": "95895489", "name": "Rassau Supergrid Substation", "voltage": "400000;132000", "operator": "National Grid;Western Power Distribution", "owner": null }, "geometry": { "type": "Point", "coordinates": [ 315549.762122646439821, 212915.236982701637316 ] } },
{ "type": "Feature", "properties": { "osm_id": "96067520", "name": "Bishops Wood Substation", "voltage": "275000;132000", "operator": "National Grid Electricity Transmission", "owner": null }, "geometry": { "type": "Point", "coordinates": [ 383579.46154739742633, 268280.713062253023963 ] } },
{ "type": "Feature", "properties": { "osm_id": "32796576", "name": "Bramley Substation", "voltage": "400000;132000", "operator": "National Grid", "owner": null }, "geometry": { "type": "Point", "coordinates": [ 464375.548062455491163, 160092.931227565859444 ] } },
{ "type": "Feature", "properties": { "osm_id": "143783006", "name": "Medway Substation", "voltage": "400000", "operator": null, "owner": null }, "geometry": { "type": "Point", "coordinates": [ 588811.509807323338464, 175261.800838316266891 ] } },
{ "type": "Feature", "properties": { "osm_id": "100773252", "name": "Coryton South Substation", "voltage": "400000", "operator": null, "owner": null }, "geometry": { "type": "Point", "coordinates": [ 574038.850783698959276, 182304.726138386060484 ] } },
{ "type": "Feature", "properties": { "osm_id": "100861711", "name": null, "voltage": "400000", "operator": null, "owner": null }, "geometry": { "type": "Point", "coordinates": [ 482415.920360198011622, 411996.311891682853457 ] } },
{ "type": "Feature", "properties": { "osm_id": "7881280", "name": "Keadby Substation", "voltage": "400000;132000", "operator": "", "owner": "" }, "geometry": { "type": "Point", "coordinates": [ 482415.920360198011622, 411996.311891682853457 ] } },
{ "type": "Feature", "properties": { "osm_id": "23229136", "name": "Warley Substation", "voltage": "275000;132000", "operator": "National Grid", "owner": null }, "geometry": { "type": "Point", "coordinates": [ 559608.235574155347422, 186273.946086172189098 ] } },
{ "type": "Feature", "properties": { "osm_id": "23229136", "name": "Warley Substation", "voltage": "275000;132000", "operator": "National Grid", "owner": null }, "geometry": { "type": "Point", "coordinates": [ 559608.235574155347422, 186273.946086172189098 ] } },
{ "type": "Feature", "properties": { "osm_id": "264650844", "name": "Sizewell B Substation", "voltage": "400000;132000", "operator": null, "owner": null }, "geometry": { "type": "Point", "coordinates": [ 647152.353793493006378, 263588.705102558073122 ] } },
{ "type": "Feature", "properties": { "osm_id": "1313029456", "name": "Leiston Substation", "voltage": "132000", "operator": null, "owner": null }, "geometry": { "type": "Point", "coordinates": [ 646828.775874311570078, 262796.842374745523557 ] } },
{ "type": "Feature", "properties": { "osm_id": "1313029459", "name": "NG Eastern SGT", "voltage": "400000;132000", "operator": null, "owner": null }, "geometry": { "type": "Point", "coordinates": [ 646892.917303920141421, 262834.953168385487515 ] } },
{ "type": "Feature", "properties": { "osm_id": "1386143667", "name": "Bramford Substation", "voltage": "400000;132000", "operator": "National Grid", "owner": null }, "geometry": { "type": "Point", "coordinates": [ 609898.841314599383622, 245855.241835263033863 ] } },
{ "type": "Feature", "properties": { "osm_id": "38528291", "name": "Walpole Substation", "voltage": "400000;132000", "operator": "National Grid", "owner": null }, "geometry": { "type": "Point", "coordinates": [ 548592.95118687255308, 316615.947173600259703 ] } },
{ "type": "Feature", "properties": { "osm_id": "38528291", "name": "Walpole Substation", "voltage": "400000;132000", "operator": "National Grid", "owner": null }, "geometry": { "type": "Point", "coordinates": [ 548592.95118687255308, 316615.947173600259703 ] } },
{ "type": "Feature", "properties": { "osm_id": "101365758", "name": "Cowbridge Tee Substation", "voltage": "275000", "operator": null, "owner": null }, "geometry": { "type": "Point", "coordinates": [ 302405.950138909625821, 177386.88130495173391 ] } },
{ "type": "Feature", "properties": { "osm_id": "1480879377", "name": "Aberthaw Substation", "voltage": "275000", "operator": null, "owner": null }, "geometry": { "type": "Point", "coordinates": [ 302466.349788019433618, 166418.970873997430317 ] } },
{ "type": "Feature", "properties": { "osm_id": "110310861", "name": null, "voltage": null, "operator": null, "owner": null }, "geometry": { "type": "Point", "coordinates": [ 503290.302469803311396, 227289.672511451877654 ] } },
{ "type": "Feature", "properties": { "osm_id": "264371625", "name": "Redbridge Substation", "voltage": "275000", "operator": null, "owner": null }, "geometry": { "type": "Point", "coordinates": [ 541639.013718960341066, 189725.23793689411832 ] } },
{ "type": "Feature", "properties": { "osm_id": "23228362", "name": "West Ham Substation", "voltage": "400000;132000", "operator": "National Grid; UK Power Networks", "owner": null }, "geometry": { "type": "Point", "coordinates": [ 538945.638101882766932, 181953.536289012874477 ] } },
{ "type": "Feature", "properties": { "osm_id": "102549055", "name": "Barking Substation", "voltage": "400000;275000;132000;33000;11000", "operator": "National Grid", "owner": null }, "geometry": { "type": "Point", "coordinates": [ 546797.567285569850355, 182359.002936740522273 ] } },
{ "type": "Feature", "properties": { "osm_id": "103150854", "name": "West Thurrock Substation", "voltage": "400000;275000", "operator": "National Grid", "owner": null }, "geometry": { "type": "Point", "coordinates": [ 559028.057950346381404, 177164.295451366808265 ] } },
{ "type": "Feature", "properties": { "osm_id": "103915328", "name": "Melksham Substation", "voltage": "400000;275000;132000", "operator": null, "owner": null }, "geometry": { "type": "Point", "coordinates": [ 389613.54186030413257, 166070.194726387504488 ] } },
{ "type": "Feature", "properties": { "osm_id": "95279334", "name": "Minety Substation", "voltage": "400000;132000", "operator": "National Grid", "owner": null }, "geometry": { "type": "Point", "coordinates": [ 399956.625946334097534, 189863.550996002333704 ] } },
{ "type": "Feature", "properties": { "osm_id": "264650844", "name": "Sizewell B Substation", "voltage": "400000;132000", "operator": null, "owner": null }, "geometry": { "type": "Point", "coordinates": [ 647152.353793493006378, 263588.705102558073122 ] } },
{ "type": "Feature", "properties": { "osm_id": "1313029456", "name": "Leiston Substation", "voltage": "132000", "operator": null, "owner": null }, "geometry": { "type": "Point", "coordinates": [ 646828.775874311570078, 262796.842374745523557 ] } },
{ "type": "Feature", "properties": { "osm_id": "1313029459", "name": "NG Eastern SGT", "voltage": "400000;132000", "operator": null, "owner": null }, "geometry": { "type": "Point", "coordinates": [ 646892.917303920141421, 262834.953168385487515 ] } },
{ "type": "Feature", "properties": { "osm_id": "1386143667", "name": "Bramford Substation", "voltage": "400000;132000", "operator": "National Grid", "owner": null }, "geometry": { "type": "Point", "coordinates": [ 609898.841314599383622, 245855.241835263033863 ] } },
{ "type": "Feature", "properties": { "osm_id": "1386143667", "name": "Bramford Substation", "voltage": "400000;132000", "operator": "National Grid", "owner": null }, "geometry": { "type": "Point", "coordinates": [ 609898.841314599383622, 245855.241835263033863 ] } },
{ "type": "Feature", "properties": { "osm_id": "1389837653", "name": "Yaxley Substation", "voltage": "400000", "operator": "National Grid Electricity Transmission", "owner": null }, "geometry": { "type": "Point", "coordinates": [ 611675.887365049798973, 274972.719122517970391 ] } },
{ "type": "Feature", "properties": { "osm_id": "7872518", "name": "Braintree Substation", "voltage": "400000;132000;33000", "operator": "", "owner": "" }, "geometry": { "type": "Point", "coordinates": [ 577534.598968233098276, 221463.633671234012581 ] } },
{ "type": "Feature", "properties": { "osm_id": "119616836", "name": "Taunton Substation", "voltage": "400000;132000", "operator": "National Grid", "owner": null }, "geometry": { "type": "Point", "coordinates": [ 319133.394791299884673, 124815.438684304623166 ] } },
{ "type": "Feature", "properties": { "osm_id": "675071183", "name": null, "voltage": null, "operator": "Green Energy International", "owner": null }, "geometry": { "type": "Point", "coordinates": [ 302691.166945203091018, 109731.479591868497664 ] } },
{ "type": "Feature", "properties": { "osm_id": "675071211", "name": "Stoneshill Solar Park Substation", "voltage": "33000", "operator": "National Grid Electricity Distribution", "owner": "National Grid Electricity Distribution (South West) Plc" }, "geometry": { "type": "Point", "coordinates": [ 302683.851930481614545, 109739.179631808627164 ] } },
{ "type": "Feature", "properties": { "osm_id": "830162507", "name": "Ayshford Court Farm Solar Park Substation", "voltage": "33000", "operator": "National Grid Electricity Distribution", "owner": "National Grid Electricity Distribution (South West) Plc" }, "geometry": { "type": "Point", "coordinates": [ 305176.560550909489393, 115176.711990753334248 ] } },
{ "type": "Feature", "properties": { "osm_id": "32796576", "name": "Bramley Substation", "voltage": "400000;132000", "operator": "National Grid", "owner": null }, "geometry": { "type": "Point", "coordinates": [ 464375.548062455491163, 160092.931227565859444 ] } },
{ "type": "Feature", "properties": { "osm_id": "119616836", "name": "Taunton Substation", "voltage": "400000;132000", "operator": "National Grid", "owner": null }, "geometry": { "type": "Point", "coordinates": [ 319133.394791299884673, 124815.438684304623166 ] } },
{ "type": "Feature", "properties": { "osm_id": "1096160079", "name": "Shurton Substation", "voltage": "400000", "operator": "National Grid", "owner": null }, "geometry": { "type": "Point", "coordinates": [ 320573.304661882924847, 145507.003673955361592 ] } },
{ "type": "Feature", "properties": { "osm_id": "1096160079", "name": "Shurton Substation", "voltage": "400000", "operator": "National Grid", "owner": null }, "geometry": { "type": "Point", "coordinates": [ 320573.304661882924847, 145507.003673955361592 ] } },
{ "type": "Feature", "properties": { "osm_id": "264102298", "name": "Dungeness Substation", "voltage": "400000;275000", "operator": null, "owner": null }, "geometry": { "type": "Point", "coordinates": [ 607287.911621194100007, 116942.410377053340198 ] } },
{ "type": "Feature", "properties": { "osm_id": "264102298", "name": "Dungeness Substation", "voltage": "400000;275000", "operator": null, "owner": null }, "geometry": { "type": "Point", "coordinates": [ 607287.911621194100007, 116942.410377053340198 ] } },
{ "type": "Feature", "properties": { "osm_id": "264650882", "name": null, "voltage": "132000", "operator": null, "owner": null }, "geometry": { "type": "Point", "coordinates": [ 622071.827877549221739, 302540.546095272584353 ] } },
{ "type": "Feature", "properties": { "osm_id": "29111844", "name": "Rayleigh Main Substation", "voltage": "400000;132000", "operator": "National Grid", "owner": null }, "geometry": { "type": "Point", "coordinates": [ 577870.530457642162219, 191443.78711477300385 ] } },
{ "type": "Feature", "properties": { "osm_id": "160616357", "name": "Aldwarke Substation", "voltage": "275000", "operator": "National Grid Electricity Transmission", "owner": null }, "geometry": { "type": "Point", "coordinates": [ 445221.757505249290261, 394517.585478442546446 ] } },
{ "type": "Feature", "properties": { "osm_id": "211549457", "name": "West Melton Substation", "voltage": "275000", "operator": "National Grid Electricity Transmission", "owner": null }, "geometry": { "type": "Point", "coordinates": [ 441422.745753651426639, 400717.686261327762622 ] } },
{ "type": "Feature", "properties": { "osm_id": "95338682", "name": "Legacy Substation", "voltage": "400000;132000", "operator": "National Grid", "owner": null }, "geometry": { "type": "Point", "coordinates": [ 329457.837708767678123, 348460.21847732225433 ] } },
{ "type": "Feature", "properties": { "osm_id": "45087479", "name": "Iron Acton Substation", "voltage": "275000;132000", "operator": null, "owner": null }, "geometry": { "type": "Point", "coordinates": [ 366771.143306427227799, 185733.063468494161498 ] } },
{ "type": "Feature", "properties": { "osm_id": "90807525", "name": "Devonside Substation", "voltage": "132000", "operator": null, "owner": null }, "geometry": { "type": "Point", "coordinates": [ 289510.664272425114177, 695257.662312095053494 ] } },
{ "type": "Feature", "properties": { "osm_id": "95374266", "name": "Westfield Substation", "voltage": "275000;132000", "operator": "SP Energy Networks", "owner": null }, "geometry": { "type": "Point", "coordinates": [ 319330.872865582699887, 697601.87059205386322 ] } },
{ "type": "Feature", "properties": { "osm_id": "27332350", "name": "Currie Substation", "voltage": "275000;132000;25000", "operator": "SP Energy Networks", "owner": null }, "geometry": { "type": "Point", "coordinates": [ 318260.335075859096833, 668459.863594439695589 ] } },
{ "type": "Feature", "properties": { "osm_id": "119315534", "name": "Easterhouse Substation", "voltage": "275000", "operator": "SP Energy Networks", "owner": null }, "geometry": { "type": "Point", "coordinates": [ 270314.493483311322052, 667056.116362852859311 ] } },
{ "type": "Feature", "properties": { "osm_id": "119315549", "name": "Clyde's Mill Substation", "voltage": "275000", "operator": "SP Energy Networks", "owner": null }, "geometry": { "type": "Point", "coordinates": [ 265454.972399775288068, 660920.12092829158064 ] } },
{ "type": "Feature", "properties": { "osm_id": "119315557", "name": "Dalmarnock", "voltage": "275000;132000;33000", "operator": "SP Energy Networks", "owner": null }, "geometry": { "type": "Point", "coordinates": [ 262080.356130396190565, 662440.125323954271153 ] } },
{ "type": "Feature", "properties": { "osm_id": "95750355", "name": null, "voltage": null, "operator": null, "owner": null }, "geometry": { "type": "Point", "coordinates": [ 309974.171255462279078, 186931.157738307025284 ] } },
{ "type": "Feature", "properties": { "osm_id": "101365758", "name": "Cowbridge Tee Substation", "voltage": "275000", "operator": null, "owner": null }, "geometry": { "type": "Point", "coordinates": [ 302405.950138909625821, 177386.88130495173391 ] } },
{ "type": "Feature", "properties": { "osm_id": "1480879377", "name": "Aberthaw Substation", "voltage": "275000", "operator": null, "owner": null }, "geometry": { "type": "Point", "coordinates": [ 302466.349788019433618, 166418.970873997430317 ] } },
{ "type": "Feature", "properties": { "osm_id": "92221420", "name": "Bushbury 'D' Substation", "voltage": "275000;132000", "operator": "National Grid", "owner": null }, "geometry": { "type": "Point", "coordinates": [ 392344.856410512700677, 304294.51164566364605 ] } },
{ "type": "Feature", "properties": { "osm_id": "45357172", "name": null, "voltage": null, "operator": null, "owner": null }, "geometry": { "type": "Point", "coordinates": [ 356409.239458523399662, 489312.01666983764153 ] } },
{ "type": "Feature", "properties": { "osm_id": "798419611", "name": null, "voltage": null, "operator": null, "owner": null }, "geometry": { "type": "Point", "coordinates": [ 356577.569106214679778, 489358.740090721519664 ] } },
{ "type": "Feature", "properties": { "osm_id": "142741752", "name": "Rugeley Substation", "voltage": "400000", "operator": "National Grid", "owner": null }, "geometry": { "type": "Point", "coordinates": [ 405835.419897868239786, 317678.020598777977284 ] } },
{ "type": "Feature", "properties": { "osm_id": "127184694", "name": "Shrewsbury Substation", "voltage": "400000;132000;33000", "operator": "National Grid", "owner": null }, "geometry": { "type": "Point", "coordinates": [ 353273.736472129065078, 312629.712528809788637 ] } },
{ "type": "Feature", "properties": { "osm_id": "165506012", "name": null, "voltage": "400000", "operator": null, "owner": null }, "geometry": { "type": "Point", "coordinates": [ 365286.731468921061605, 303916.593753016844857 ] } },
{ "type": "Feature", "properties": { "osm_id": "7886014", "name": "Ironbridge Substation", "voltage": "400000;132000", "operator": "", "owner": "" }, "geometry": { "type": "Point", "coordinates": [ 365158.503274070331827, 303874.937933457607869 ] } },
{ "type": "Feature", "properties": { "osm_id": "32796576", "name": "Bramley Substation", "voltage": "400000;132000", "operator": "National Grid", "owner": null }, "geometry": { "type": "Point", "coordinates": [ 464375.548062455491163, 160092.931227565859444 ] } },
{ "type": "Feature", "properties": { "osm_id": "33917128", "name": "Creyke Beck Substation", "voltage": "400000", "operator": "YEDL", "owner": null }, "geometry": { "type": "Point", "coordinates": [ 504469.692853351705708, 434969.866934338118881 ] } },
{ "type": "Feature", "properties": { "osm_id": "152899256", "name": "Saltend North Substation", "voltage": "275000;132000", "operator": null, "owner": null }, "geometry": { "type": "Point", "coordinates": [ 516275.204000152298249, 428729.468590886797756 ] } },
{ "type": "Feature", "properties": { "osm_id": "376687500", "name": "Saltend North Substation", "voltage": "132000;33000", "operator": "Northen Power Grid", "owner": null }, "geometry": { "type": "Point", "coordinates": [ 516295.390996384900063, 428819.75963132432662 ] } },
{ "type": "Feature", "properties": { "osm_id": "19232033", "name": "Hedon 275kV Substation", "voltage": "275000", "operator": "National Grid", "owner": "" }, "geometry": { "type": "Point", "coordinates": [ 516733.693045918131247, 429378.141273388173431 ] } },
{ "type": "Feature", "properties": { "osm_id": "1395117767", "name": "Padiham Substation", "voltage": "132000", "operator": null, "owner": null }, "geometry": { "type": "Point", "coordinates": [ 378526.963822045538109, 433187.735603159992024 ] } },
{ "type": "Feature", "properties": { "osm_id": "142841192", "name": "Bradford West Substation", "voltage": "400000;275000;132000", "operator": "National Grid", "owner": null }, "geometry": { "type": "Point", "coordinates": [ 408925.356679163814988, 434908.797825001296587 ] } },
{ "type": "Feature", "properties": { "osm_id": "89427607", "name": "Wylfa", "voltage": "400000", "operator": "National Grid", "owner": null }, "geometry": { "type": "Point", "coordinates": [ 235255.386572988674743, 393802.023364322260022 ] } },
{ "type": "Feature", "properties": { "osm_id": "98899051", "name": "Pentir Substation", "voltage": "400000;132000", "operator": "National Grid", "owner": null }, "geometry": { "type": "Point", "coordinates": [ 255892.760541273630224, 367772.757860950776376 ] } },
{ "type": "Feature", "properties": { "osm_id": "301033399", "name": "Bangor Substation", "voltage": "132000", "operator": "SP Energy Networks", "owner": null }, "geometry": { "type": "Point", "coordinates": [ 254489.554927521094214, 370269.001244615239557 ] } },
{ "type": "Feature", "properties": { "osm_id": "4715504", "name": "Botley Wood", "voltage": "400000;132000", "operator": "National Grid", "owner": null }, "geometry": { "type": "Point", "coordinates": [ 454077.232658793684095, 109753.587883355823578 ] } },
{ "type": "Feature", "properties": { "osm_id": "20851038", "name": "Lovedean Substation", "voltage": "400000;132000", "operator": null, "owner": null }, "geometry": { "type": "Point", "coordinates": [ 467588.942178606754169, 113504.746665834391024 ] } },
{ "type": "Feature", "properties": { "osm_id": "100077745", "name": "Kilmarnock South Substation", "voltage": "400000;275000", "operator": null, "owner": null }, "geometry": { "type": "Point", "coordinates": [ 244809.111838301090756, 634158.74827761517372 ] } },
{ "type": "Feature", "properties": { "osm_id": "143219044", "name": null, "voltage": null, "operator": null, "owner": null }, "geometry": { "type": "Point", "coordinates": [ 332955.69516481802566, 571321.09999414649792 ] } },
{ "type": "Feature", "properties": { "osm_id": "753121695", "name": null, "voltage": null, "operator": null, "owner": null }, "geometry": { "type": "Point", "coordinates": [ 332897.244416289264336, 571522.025851299171336 ] } },
{ "type": "Feature", "properties": { "osm_id": "10377509", "name": "Gretna Substation", "voltage": "400000;132000", "operator": "SP Energy Networks", "owner": "" }, "geometry": { "type": "Point", "coordinates": [ 332995.485728261992335, 571184.330429147696123 ] } },
{ "type": "Feature", "properties": { "osm_id": "88799419", "name": null, "voltage": null, "operator": null, "owner": null }, "geometry": { "type": "Point", "coordinates": [ 338405.82713386247633, 561259.215051960200071 ] } },
{ "type": "Feature", "properties": { "osm_id": "14921826", "name": "Harker Substation", "voltage": "400000;275000;132000", "operator": "National Grid", "owner": "" }, "geometry": { "type": "Point", "coordinates": [ 338376.513334401184693, 561259.359763347078115 ] } },
{ "type": "Feature", "properties": { "osm_id": "143383456", "name": "Coalburn Substation", "voltage": "400000;132000", "operator": "SP Transmission", "owner": null }, "geometry": { "type": "Point", "coordinates": [ 282486.186568051460199, 637330.57685977127403 ] } },
{ "type": "Feature", "properties": { "osm_id": "284874050", "name": "Elvanfoot Substation", "voltage": "400000;275000;25000", "operator": null, "owner": null }, "geometry": { "type": "Point", "coordinates": [ 294283.211699495383073, 617200.989578927052207 ] } },
{ "type": "Feature", "properties": { "osm_id": "143382162", "name": "Linnmill Substation", "voltage": "132000", "operator": "SP Transmission", "owner": null }, "geometry": { "type": "Point", "coordinates": [ 285227.642883777967654, 643521.450394022162072 ] } },
{ "type": "Feature", "properties": { "osm_id": "143383456", "name": "Coalburn Substation", "voltage": "400000;132000", "operator": "SP Transmission", "owner": null }, "geometry": { "type": "Point", "coordinates": [ 282486.186568051460199, 637330.57685977127403 ] } },
{ "type": "Feature", "properties": { "osm_id": "143384076", "name": null, "voltage": "400000", "operator": null, "owner": null }, "geometry": { "type": "Point", "coordinates": [ 269552.543758385581896, 652901.050697275088169 ] } },
{ "type": "Feature", "properties": { "osm_id": "7894974", "name": "Strathaven Substation", "voltage": "400000;275000", "operator": "", "owner": "" }, "geometry": { "type": "Point", "coordinates": [ 269552.543758385581896, 652901.050697275088169 ] } },
{ "type": "Feature", "properties": { "osm_id": "143384076", "name": null, "voltage": "400000", "operator": null, "owner": null }, "geometry": { "type": "Point", "coordinates": [ 269552.543758385581896, 652901.050697275088169 ] } },
{ "type": "Feature", "properties": { "osm_id": "1274943512", "name": "Wishaw substation", "voltage": "400000;275000", "operator": null, "owner": null }, "geometry": { "type": "Point", "coordinates": [ 278952.316242535656784, 654017.84344993904233 ] } },
{ "type": "Feature", "properties": { "osm_id": "7894974", "name": "Strathaven Substation", "voltage": "400000;275000", "operator": "", "owner": "" }, "geometry": { "type": "Point", "coordinates": [ 269552.543758385581896, 652901.050697275088169 ] } },
{ "type": "Feature", "properties": { "osm_id": "1263101680", "name": "Neilston Substation", "voltage": "132000", "operator": "SP Energy Networks", "owner": null }, "geometry": { "type": "Point", "coordinates": [ 244843.737529636564432, 660151.639388239942491 ] } },
{ "type": "Feature", "properties": { "osm_id": "100077745", "name": "Kilmarnock South Substation", "voltage": "400000;275000", "operator": null, "owner": null }, "geometry": { "type": "Point", "coordinates": [ 244809.111838301090756, 634158.74827761517372 ] } },
{ "type": "Feature", "properties": { "osm_id": "23494515", "name": "Nechells East Transmission Substation", "voltage": "275000;132000", "operator": "National Grid Electricity Transmission", "owner": null }, "geometry": { "type": "Point", "coordinates": [ 410210.1440884086187, 289889.574463340104558 ] } },
{ "type": "Feature", "properties": { "osm_id": "20851038", "name": "Lovedean Substation", "voltage": "400000;132000", "operator": null, "owner": null }, "geometry": { "type": "Point", "coordinates": [ 467588.942178606754169, 113504.746665834391024 ] } },
{ "type": "Feature", "properties": { "osm_id": "88389243", "name": "Fleet Substation", "voltage": "400000;132000;33000", "operator": null, "owner": null }, "geometry": { "type": "Point", "coordinates": [ 478136.669288472505286, 150782.370203409314854 ] } },
{ "type": "Feature", "properties": { "osm_id": "102198808", "name": "Eccles Substation", "voltage": "400000;132000;33000", "operator": "SP Energy Networks", "owner": null }, "geometry": { "type": "Point", "coordinates": [ 379361.471775649872143, 641802.025448781321757 ] } },
{ "type": "Feature", "properties": { "osm_id": "95276343", "name": null, "voltage": null, "operator": null, "owner": null }, "geometry": { "type": "Point", "coordinates": [ 328139.365147401520517, 370683.201515140652191 ] } },
{ "type": "Feature", "properties": { "osm_id": "98899051", "name": "Pentir Substation", "voltage": "400000;132000", "operator": "National Grid", "owner": null }, "geometry": { "type": "Point", "coordinates": [ 255892.760541273630224, 367772.757860950776376 ] } },
{ "type": "Feature", "properties": { "osm_id": "1274396435", "name": null, "voltage": null, "operator": null, "owner": null }, "geometry": { "type": "Point", "coordinates": [ 328161.905628358188551, 370939.214865059650037 ] } },
{ "type": "Feature", "properties": { "osm_id": "1274396505", "name": null, "voltage": "400000", "operator": null, "owner": null }, "geometry": { "type": "Point", "coordinates": [ 328086.937617019575555, 370997.63723668892635 ] } },
{ "type": "Feature", "properties": { "osm_id": "1274396508", "name": "Connahs Quay GIS Substation", "voltage": "400000", "operator": "National Grid Electricity Transmission", "owner": null }, "geometry": { "type": "Point", "coordinates": [ 328387.790590825781692, 370837.294079715094995 ] } },
{ "type": "Feature", "properties": { "osm_id": "17493733", "name": "Connah's Quay 400kV AIS", "voltage": "400000", "operator": "NGET", "owner": "" }, "geometry": { "type": "Point", "coordinates": [ 328169.171486161416396, 370933.55274103913689 ] } },
{ "type": "Feature", "properties": { "osm_id": "95276343", "name": null, "voltage": null, "operator": null, "owner": null }, "geometry": { "type": "Point", "coordinates": [ 328139.365147401520517, 370683.201515140652191 ] } },
{ "type": "Feature", "properties": { "osm_id": "1274396435", "name": null, "voltage": null, "operator": null, "owner": null }, "geometry": { "type": "Point", "coordinates": [ 328161.905628358188551, 370939.214865059650037 ] } },
{ "type": "Feature", "properties": { "osm_id": "1274396505", "name": null, "voltage": "400000", "operator": null, "owner": null }, "geometry": { "type": "Point", "coordinates": [ 328086.937617019575555, 370997.63723668892635 ] } },
{ "type": "Feature", "properties": { "osm_id": "1274396508", "name": "Connahs Quay GIS Substation", "voltage": "400000", "operator": "National Grid Electricity Transmission", "owner": null }, "geometry": { "type": "Point", "coordinates": [ 328387.790590825781692, 370837.294079715094995 ] } },
{ "type": "Feature", "properties": { "osm_id": "17493733", "name": "Connah's Quay 400kV AIS", "voltage": "400000", "operator": "NGET", "owner": "" }, "geometry": { "type": "Point", "coordinates": [ 328169.171486161416396, 370933.55274103913689 ] } },
{ "type": "Feature", "properties": { "osm_id": "23132983", "name": "Tottenham Substation", "voltage": "275000", "operator": "National Grid", "owner": null }, "geometry": { "type": "Point", "coordinates": [ 535277.900959630380385, 191269.036366830929182 ] } },
{ "type": "Feature", "properties": { "osm_id": "371757485", "name": "Hackney Substation", "voltage": "400000;275000;132000;66000", "operator": "National Grid", "owner": null }, "geometry": { "type": "Point", "coordinates": [ 535774.168428541277535, 186287.657980957184918 ] } },
{ "type": "Feature", "properties": { "osm_id": "143791249", "name": null, "voltage": null, "operator": null, "owner": null }, "geometry": { "type": "Point", "coordinates": [ 193990.52691191440681, 59024.887738462799462 ] } },
{ "type": "Feature", "properties": { "osm_id": "292220969", "name": null, "voltage": null, "operator": null, "owner": null }, "geometry": { "type": "Point", "coordinates": [ 194148.856486752716592, 59057.261746381322155 ] } },
{ "type": "Feature", "properties": { "osm_id": "9572254", "name": "Indian Queens Substation", "voltage": "400000;132000", "operator": "National Grid Electricity Transmission", "owner": "" }, "geometry": { "type": "Point", "coordinates": [ 193983.877590082993265, 59023.528249167400645 ] } },
{ "type": "Feature", "properties": { "osm_id": "260300448", "name": "Mark Hill Substation", "voltage": "275000;132000", "operator": "SP Transmission", "owner": null }, "geometry": { "type": "Point", "coordinates": [ 223784.684325704351068, 586080.280833531287499 ] } },
{ "type": "Feature", "properties": { "osm_id": "23248656", "name": "Laleham Substation", "voltage": "275000;132000", "operator": "National Grid Electricity Transmission", "owner": null }, "geometry": { "type": "Point", "coordinates": [ 506457.063410004309844, 170551.00485879619373 ] } },
{ "type": "Feature", "properties": { "osm_id": "144135298", "name": null, "voltage": "400000;275000", "operator": null, "owner": null }, "geometry": { "type": "Point", "coordinates": [ 505936.312627483916003, 162617.16475544066634 ] } },
{ "type": "Feature", "properties": { "osm_id": "23232738", "name": "Iver Substation", "voltage": "400000;275000;132000;66000", "operator": "National Grid Electricity Transmission", "owner": null }, "geometry": { "type": "Point", "coordinates": [ 504254.007488042872865, 183788.616450609755702 ] } },
{ "type": "Feature", "properties": { "osm_id": "23232742", "name": "Iver Substation", "voltage": "132000", "operator": null, "owner": null }, "geometry": { "type": "Point", "coordinates": [ 504308.667953037540428, 183601.992345378035679 ] } },
{ "type": "Feature", "properties": { "osm_id": "23248656", "name": "Laleham Substation", "voltage": "275000;132000", "operator": "National Grid Electricity Transmission", "owner": null }, "geometry": { "type": "Point", "coordinates": [ 506457.063410004309844, 170551.00485879619373 ] } },
{ "type": "Feature", "properties": { "osm_id": "135693940", "name": "Whitegate Substation", "voltage": "275000;132000", "operator": "National Grid Electricity Transmission", "owner": null }, "geometry": { "type": "Point", "coordinates": [ 389013.033894181775395, 403577.810864551691338 ] } },
{ "type": "Feature", "properties": { "osm_id": "163036722", "name": "Rochdale Substation", "voltage": "400000;275000;132000", "operator": "National Grid Electricity Transmission", "owner": null }, "geometry": { "type": "Point", "coordinates": [ 385804.862856057297904, 413955.315364691254217 ] } },
{ "type": "Feature", "properties": { "osm_id": "90099036", "name": "Mannington Substation", "voltage": "400000;132000;33000", "operator": "National Grid", "owner": null }, "geometry": { "type": "Point", "coordinates": [ 407480.001765329099726, 105265.526534231932601 ] } },
{ "type": "Feature", "properties": { "osm_id": "34205588", "name": "Axminster Substation", "voltage": "400000;132000", "operator": "National Grid", "owner": null }, "geometry": { "type": "Point", "coordinates": [ 334933.411761563795153, 98987.347391057177447 ] } },
{ "type": "Feature", "properties": { "osm_id": "90099036", "name": "Mannington Substation", "voltage": "400000;132000;33000", "operator": "National Grid", "owner": null }, "geometry": { "type": "Point", "coordinates": [ 407480.001765329099726, 105265.526534231932601 ] } },
{ "type": "Feature", "properties": { "osm_id": "130870161", "name": "Killin Substation", "voltage": "132000", "operator": "Scottish and Southern Electricity Networks", "owner": null }, "geometry": { "type": "Point", "coordinates": [ 256622.195902367209783, 734084.929600046016276 ] } },
{ "type": "Feature", "properties": { "osm_id": "159736514", "name": "Brinsworth Substation", "voltage": "400000;275000", "operator": "National Grid", "owner": null }, "geometry": { "type": "Point", "coordinates": [ 443228.56258609861834, 389590.308372809085995 ] } },
{ "type": "Feature", "properties": { "osm_id": "205132633", "name": "Killingholme Substation", "voltage": "400000", "operator": null, "owner": null }, "geometry": { "type": "Point", "coordinates": [ 515321.031105058966205, 419114.503644105454441 ] } },
{ "type": "Feature", "properties": { "osm_id": "257311344", "name": null, "voltage": "400000;132000", "operator": null, "owner": null }, "geometry": { "type": "Point", "coordinates": [ 516564.975939921336249, 417201.714042501000222 ] } },
{ "type": "Feature", "properties": { "osm_id": "1435146021", "name": null, "voltage": "400000", "operator": null, "owner": null }, "geometry": { "type": "Point", "coordinates": [ 516554.572144931764342, 417204.411946387495846 ] } },
{ "type": "Feature", "properties": { "osm_id": "100861711", "name": null, "voltage": "400000", "operator": null, "owner": null }, "geometry": { "type": "Point", "coordinates": [ 482415.920360198011622, 411996.311891682853457 ] } },
{ "type": "Feature", "properties": { "osm_id": "7881280", "name": "Keadby Substation", "voltage": "400000;132000", "operator": "", "owner": "" }, "geometry": { "type": "Point", "coordinates": [ 482415.920360198011622, 411996.311891682853457 ] } },
{ "type": "Feature", "properties": { "osm_id": "25629803", "name": "Thornton Substation", "voltage": "400000", "operator": "National Grid Electricity Transmission", "owner": null }, "geometry": { "type": "Point", "coordinates": [ 477495.14709007635247, 445557.342124967603013 ] } },
{ "type": "Feature", "properties": { "osm_id": "95338682", "name": "Legacy Substation", "voltage": "400000;132000", "operator": "National Grid", "owner": null }, "geometry": { "type": "Point", "coordinates": [ 329457.837708767678123, 348460.21847732225433 ] } },
{ "type": "Feature", "properties": { "osm_id": "95749833", "name": "Cilfynydd Supergrid Substation", "voltage": "400000;275000", "operator": "National Grid", "owner": null }, "geometry": { "type": "Point", "coordinates": [ 310103.49089006986469, 193807.130495938647073 ] } },
{ "type": "Feature", "properties": { "osm_id": "95750355", "name": null, "voltage": null, "operator": null, "owner": null }, "geometry": { "type": "Point", "coordinates": [ 309974.171255462279078, 186931.157738307025284 ] } },
{ "type": "Feature", "properties": { "osm_id": "95750361", "name": null, "voltage": null, "operator": null, "owner": null }, "geometry": { "type": "Point", "coordinates": [ 310178.467420373752248, 187055.847402718791272 ] } },
{ "type": "Feature", "properties": { "osm_id": "165506012", "name": null, "voltage": "400000", "operator": null, "owner": null }, "geometry": { "type": "Point", "coordinates": [ 365286.731468921061605, 303916.593753016844857 ] } },
{ "type": "Feature", "properties": { "osm_id": "7886014", "name": "Ironbridge Substation", "voltage": "400000;132000", "operator": "", "owner": "" }, "geometry": { "type": "Point", "coordinates": [ 365158.503274070331827, 303874.937933457607869 ] } },
{ "type": "Feature", "properties": { "osm_id": "1274396508", "name": "Connahs Quay GIS Substation", "voltage": "400000", "operator": "National Grid Electricity Transmission", "owner": null }, "geometry": { "type": "Point", "coordinates": [ 328387.790590825781692, 370837.294079715094995 ] } },
{ "type": "Feature", "properties": { "osm_id": "90547679", "name": "Thorpe Marsh Substation", "voltage": "400000", "operator": "National Grid", "owner": null }, "geometry": { "type": "Point", "coordinates": [ 460396.21334058517823, 409155.402272774023004 ] } },
{ "type": "Feature", "properties": { "osm_id": "100861711", "name": null, "voltage": "400000", "operator": null, "owner": null }, "geometry": { "type": "Point", "coordinates": [ 482415.920360198011622, 411996.311891682853457 ] } },
{ "type": "Feature", "properties": { "osm_id": "7881280", "name": "Keadby Substation", "voltage": "400000;132000", "operator": "", "owner": "" }, "geometry": { "type": "Point", "coordinates": [ 482415.920360198011622, 411996.311891682853457 ] } },
{ "type": "Feature", "properties": { "osm_id": "147475796", "name": "Templeborough Substation", "voltage": "275000;33000", "operator": null, "owner": null }, "geometry": { "type": "Point", "coordinates": [ 440888.371902104525361, 390771.666374319873285 ] } },
{ "type": "Feature", "properties": { "osm_id": "159736514", "name": "Brinsworth Substation", "voltage": "400000;275000", "operator": "National Grid", "owner": null }, "geometry": { "type": "Point", "coordinates": [ 443228.56258609861834, 389590.308372809085995 ] } },
{ "type": "Feature", "properties": { "osm_id": "160616357", "name": "Aldwarke Substation", "voltage": "275000", "operator": "National Grid Electricity Transmission", "owner": null }, "geometry": { "type": "Point", "coordinates": [ 445221.757505249290261, 394517.585478442546446 ] } },
{ "type": "Feature", "properties": { "osm_id": "143905069", "name": "High Marnham Substation", "voltage": "400000;275000", "operator": null, "owner": null }, "geometry": { "type": "Point", "coordinates": [ 480633.990774631733075, 370789.705677060526796 ] } },
{ "type": "Feature", "properties": { "osm_id": "101077623", "name": "Neepsend Substation", "voltage": "400000;275000", "operator": null, "owner": null }, "geometry": { "type": "Point", "coordinates": [ 434126.208761904912535, 390056.060829763941001 ] } },
{ "type": "Feature", "properties": { "osm_id": "115887437", "name": "Tinsley Park Substation", "voltage": "275000;33000", "operator": null, "owner": null }, "geometry": { "type": "Point", "coordinates": [ 440344.564371941494755, 389542.414356210094411 ] } },
{ "type": "Feature", "properties": { "osm_id": "159736514", "name": "Brinsworth Substation", "voltage": "400000;275000", "operator": "National Grid", "owner": null }, "geometry": { "type": "Point", "coordinates": [ 443228.56258609861834, 389590.308372809085995 ] } },
{ "type": "Feature", "properties": { "osm_id": "81098733", "name": "Washway Farm Substation", "voltage": "275000;132000", "operator": "NGET", "owner": null }, "geometry": { "type": "Point", "coordinates": [ 345816.231552992074285, 407645.90730274427915 ] } },
{ "type": "Feature", "properties": { "osm_id": "1252341626", "name": "Alyth Substation", "voltage": "275000", "operator": "Scottish and Southern Electricity Networks", "owner": null }, "geometry": { "type": "Point", "coordinates": [ 328772.6686488147825, 747026.588545312988572 ] } },
{ "type": "Feature", "properties": { "osm_id": "102198808", "name": "Eccles Substation", "voltage": "400000;132000;33000", "operator": "SP Energy Networks", "owner": null }, "geometry": { "type": "Point", "coordinates": [ 379361.471775649872143, 641802.025448781321757 ] } },
{ "type": "Feature", "properties": { "osm_id": "65482882", "name": "Cockenzie Substation", "voltage": "275000", "operator": "SP Energy Networks", "owner": null }, "geometry": { "type": "Point", "coordinates": [ 339669.74414723465452, 675283.904547341284342 ] } },
{ "type": "Feature", "properties": { "osm_id": "96905262", "name": "Smeaton Substation", "voltage": "400000;275000", "operator": null, "owner": null }, "geometry": { "type": "Point", "coordinates": [ 335329.880154107348062, 668870.259924481157213 ] } },
{ "type": "Feature", "properties": { "osm_id": "308788887", "name": null, "voltage": "400000", "operator": null, "owner": null }, "geometry": { "type": "Point", "coordinates": [ 339781.552427122776862, 675256.454144532443024 ] } },
{ "type": "Feature", "properties": { "osm_id": "27163121", "name": "Kaimes Substation", "voltage": "275000", "operator": null, "owner": null }, "geometry": { "type": "Point", "coordinates": [ 327205.208573839161545, 667101.124411963392049 ] } },
{ "type": "Feature", "properties": { "osm_id": "96905262", "name": "Smeaton Substation", "voltage": "400000;275000", "operator": null, "owner": null }, "geometry": { "type": "Point", "coordinates": [ 335329.880154107348062, 668870.259924481157213 ] } },
{ "type": "Feature", "properties": { "osm_id": "96905262", "name": "Smeaton Substation", "voltage": "400000;275000", "operator": null, "owner": null }, "geometry": { "type": "Point", "coordinates": [ 335329.880154107348062, 668870.259924481157213 ] } },
{ "type": "Feature", "properties": { "osm_id": "262532045", "name": "Fallago Substation", "voltage": "400000;33000", "operator": "SP Energy Networks", "owner": null }, "geometry": { "type": "Point", "coordinates": [ 358434.298437048972119, 659290.536863052402623 ] } },
{ "type": "Feature", "properties": { "osm_id": "143221984", "name": "Fourstones Substation", "voltage": "275000;33000;20500", "operator": "National Grid", "owner": null }, "geometry": { "type": "Point", "coordinates": [ 389613.671285131364129, 568593.989037469029427 ] } },
{ "type": "Feature", "properties": { "osm_id": "143221984", "name": "Fourstones Substation", "voltage": "275000;33000;20500", "operator": "National Grid", "owner": null }, "geometry": { "type": "Point", "coordinates": [ 389613.671285131364129, 568593.989037469029427 ] } },
{ "type": "Feature", "properties": { "osm_id": "1116278402", "name": null, "voltage": null, "operator": null, "owner": null }, "geometry": { "type": "Point", "coordinates": [ 338572.50770860130433, 561194.844556623604149 ] } },
{ "type": "Feature", "properties": { "osm_id": "1116278405", "name": null, "voltage": null, "operator": null, "owner": null }, "geometry": { "type": "Point", "coordinates": [ 338665.6617242944194, 561297.519289064453915 ] } },
{ "type": "Feature", "properties": { "osm_id": "91955171", "name": "Stella West Sub Station", "voltage": "400000;275000;132000", "operator": null, "owner": null }, "geometry": { "type": "Point", "coordinates": [ 416539.653519538231194, 564822.916370980557986 ] } },
{ "type": "Feature", "properties": { "osm_id": "96630594", "name": "Tynemouth Substation", "voltage": "275000", "operator": "National Grid", "owner": null }, "geometry": { "type": "Point", "coordinates": [ 432060.631679185782559, 570018.359459640341811 ] } },
{ "type": "Feature", "properties": { "osm_id": "310502642", "name": "Blyth Substation", "voltage": "400000;275000", "operator": null, "owner": null }, "geometry": { "type": "Point", "coordinates": [ 429974.581352098495699, 583081.859144739457406 ] } },
{ "type": "Feature", "properties": { "osm_id": "166703758", "name": "Busby Substation", "voltage": "275000", "operator": null, "owner": null }, "geometry": { "type": "Point", "coordinates": [ 258192.176625202002469, 655758.454617968876846 ] } },
{ "type": "Feature", "properties": { "osm_id": "308653819", "name": "East Kilbride South Substation", "voltage": "275000", "operator": null, "owner": null }, "geometry": { "type": "Point", "coordinates": [ 264286.949005591799505, 651842.84439860668499 ] } },
{ "type": "Feature", "properties": { "osm_id": "820237569", "name": "Rothienorman Substation", "voltage": "400000", "operator": "SSEN Transmission", "owner": null }, "geometry": { "type": "Point", "coordinates": [ 369094.548722927866038, 835629.793733266880736 ] } },
{ "type": "Feature", "properties": { "osm_id": "1263000221", "name": "Kintore 400kV Substation", "voltage": "400000", "operator": "SSEN Transmission", "owner": null }, "geometry": { "type": "Point", "coordinates": [ 376811.463927382719703, 814293.386493708356284 ] } },
{ "type": "Feature", "properties": { "osm_id": "133323988", "name": "Peterhead Substation", "voltage": "275000;132000", "operator": "Scottish and Southern Energy plc", "owner": null }, "geometry": { "type": "Point", "coordinates": [ 412127.417970158741809, 842627.347790942294523 ] } },
{ "type": "Feature", "properties": { "osm_id": "164369466", "name": "Inverarnan Substation", "voltage": "132000", "operator": "SSEN Transmission", "owner": null }, "geometry": { "type": "Point", "coordinates": [ 231633.42250132036861, 718103.314650115906261 ] } },
{ "type": "Feature", "properties": { "osm_id": "306451400", "name": "Dallas", "voltage": "275000", "operator": "SSEN Transmission", "owner": null }, "geometry": { "type": "Point", "coordinates": [ 315111.937007602246013, 852745.948508135625161 ] } },
{ "type": "Feature", "properties": { "osm_id": "100095752", "name": "Wilton Substation", "voltage": "275000", "operator": "National Grid Electricity Transmission", "owner": null }, "geometry": { "type": "Point", "coordinates": [ 456223.000297402206343, 520407.904189461143687 ] } },
{ "type": "Feature", "properties": { "osm_id": "109730296", "name": "Lackenby Substation", "voltage": "400000;275000", "operator": null, "owner": null }, "geometry": { "type": "Point", "coordinates": [ 456257.584012987790629, 519403.248673139256425 ] } },
{ "type": "Feature", "properties": { "osm_id": "227495569", "name": "Grangetown Substation", "voltage": "275000;66000", "operator": null, "owner": null }, "geometry": { "type": "Point", "coordinates": [ 455114.805473654996604, 520931.066053964663297 ] } },
{ "type": "Feature", "properties": { "osm_id": "220798107", "name": null, "voltage": null, "operator": null, "owner": null }, "geometry": { "type": "Point", "coordinates": [ 428845.466558037907816, 534549.622476118383929 ] } },
{ "type": "Feature", "properties": { "osm_id": "11543333", "name": "Spennymoor Substation", "voltage": "400000;132000;66000", "operator": "National Grid", "owner": "" }, "geometry": { "type": "Point", "coordinates": [ 428938.625526636780705, 534480.60286401596386 ] } },
{ "type": "Feature", "properties": { "osm_id": "92737152", "name": "South Manchester Substation", "voltage": "275000;132000", "operator": "National Grid Electricity Transmission", "owner": null }, "geometry": { "type": "Point", "coordinates": [ 381759.177040214999579, 391616.841512923303526 ] } },
{ "type": "Feature", "properties": { "osm_id": "92419253", "name": "Macclesfield Substation", "voltage": "400000", "operator": "National Grid", "owner": null }, "geometry": { "type": "Point", "coordinates": [ 392032.511958911723923, 374634.44146246695891 ] } },
{ "type": "Feature", "properties": { "osm_id": "97256377", "name": "Kearsley Substation", "voltage": "400000;275000", "operator": null, "owner": null }, "geometry": { "type": "Point", "coordinates": [ 376389.837421001924668, 404620.84570263203932 ] } },
{ "type": "Feature", "properties": { "osm_id": "135693940", "name": "Whitegate Substation", "voltage": "275000;132000", "operator": "National Grid Electricity Transmission", "owner": null }, "geometry": { "type": "Point", "coordinates": [ 389013.033894181775395, 403577.810864551691338 ] } },
{ "type": "Feature", "properties": { "osm_id": "123037622", "name": "Pyle Supergrid Substation", "voltage": "275000;132000;66000", "operator": "National Grid Electricity Transmission", "owner": null }, "geometry": { "type": "Point", "coordinates": [ 283043.268632638035342, 183246.698688209580723 ] } },
{ "type": "Feature", "properties": { "osm_id": "101365758", "name": "Cowbridge Tee Substation", "voltage": "275000", "operator": null, "owner": null }, "geometry": { "type": "Point", "coordinates": [ 302405.950138909625821, 177386.88130495173391 ] } },
{ "type": "Feature", "properties": { "osm_id": "123037622", "name": "Pyle Supergrid Substation", "voltage": "275000;132000;66000", "operator": "National Grid Electricity Transmission", "owner": null }, "geometry": { "type": "Point", "coordinates": [ 283043.268632638035342, 183246.698688209580723 ] } },
{ "type": "Feature", "properties": { "osm_id": "163036722", "name": "Rochdale Substation", "voltage": "400000;275000;132000", "operator": "National Grid Electricity Transmission", "owner": null }, "geometry": { "type": "Point", "coordinates": [ 385804.862856057297904, 413955.315364691254217 ] } },
{ "type": "Feature", "properties": { "osm_id": "193617444", "name": "Ferrybridge C Substation", "voltage": "275000", "operator": "National Grid", "owner": null }, "geometry": { "type": "Point", "coordinates": [ 447425.346822928986512, 424846.701106640626676 ] } },
{ "type": "Feature", "properties": { "osm_id": "130127395", "name": "Shin", "voltage": "132000", "operator": "SSEN Transmission", "owner": null }, "geometry": { "type": "Point", "coordinates": [ 257235.308561491343426, 897435.866861520218663 ] } },
{ "type": "Feature", "properties": { "osm_id": "20851038", "name": "Lovedean Substation", "voltage": "400000;132000", "operator": null, "owner": null }, "geometry": { "type": "Point", "coordinates": [ 467588.942178606754169, 113504.746665834391024 ] } },
{ "type": "Feature", "properties": { "osm_id": "78861453", "name": null, "voltage": "132000", "operator": null, "owner": null }, "geometry": { "type": "Point", "coordinates": [ 442865.37998268858064, 119216.129284831578843 ] } },
{ "type": "Feature", "properties": { "osm_id": "90547674", "name": "Monk Fryston substation", "voltage": "400000;275000", "operator": "National Grid Electricity Transmission", "owner": null }, "geometry": { "type": "Point", "coordinates": [ 448458.280605738109443, 429137.918677970534191 ] } },
{ "type": "Feature", "properties": { "osm_id": "90547674", "name": "Monk Fryston substation", "voltage": "400000;275000", "operator": "National Grid Electricity Transmission", "owner": null }, "geometry": { "type": "Point", "coordinates": [ 448458.280605738109443, 429137.918677970534191 ] } },
{ "type": "Feature", "properties": { "osm_id": "200635683", "name": "Offerton", "voltage": "275000;33000", "operator": null, "owner": null }, "geometry": { "type": "Point", "coordinates": [ 434888.195945396204479, 554150.825465555302799 ] } },
{ "type": "Feature", "properties": { "osm_id": "101082325", "name": "West Melton Substation", "voltage": "132000", "operator": "Northern Powergrid", "owner": null }, "geometry": { "type": "Point", "coordinates": [ 441310.93687379185576, 400755.198973066871986 ] } },
{ "type": "Feature", "properties": { "osm_id": "211549457", "name": "West Melton Substation", "voltage": "275000", "operator": "National Grid Electricity Transmission", "owner": null }, "geometry": { "type": "Point", "coordinates": [ 441422.745753651426639, 400717.686261327762622 ] } },
{ "type": "Feature", "properties": { "osm_id": "376450057", "name": "Spalding North Substation", "voltage": "400000", "operator": "National Grid Electricity Transmission", "owner": null }, "geometry": { "type": "Point", "coordinates": [ 525933.064208509866148, 324769.793488276482094 ] } },
{ "type": "Feature", "properties": { "osm_id": "87953830", "name": "Canterbury North Substation", "voltage": "400000;132000", "operator": null, "owner": null }, "geometry": { "type": "Point", "coordinates": [ 615976.81276280770544, 159507.765639282268239 ] } },
{ "type": "Feature", "properties": { "osm_id": "264104518", "name": "Cleve Hill 400kV Substation", "voltage": "400000", "operator": "National Grid", "owner": null }, "geometry": { "type": "Point", "coordinates": [ 604914.842290115659125, 164004.545588064473122 ] } },
{ "type": "Feature", "properties": { "osm_id": "43303585", "name": "Saltholme Substation", "voltage": "275000", "operator": null, "owner": null }, "geometry": { "type": "Point", "coordinates": [ 449320.263046314299572, 523645.233070463989861 ] } },
{ "type": "Feature", "properties": { "osm_id": "43472283", "name": "Norton Substation", "voltage": "400000;132000", "operator": null, "owner": null }, "geometry": { "type": "Point", "coordinates": [ 441148.988031535875052, 522077.485184908378869 ] } },
{ "type": "Feature", "properties": { "osm_id": "222987687", "name": "Cardiff East Grid Substation", "voltage": "275000;132000;11000", "operator": "National Grid Electricity Distribution Plc", "owner": null }, "geometry": { "type": "Point", "coordinates": [ 320587.907198147964664, 177978.303240074834321 ] } },
{ "type": "Feature", "properties": { "osm_id": "102198808", "name": "Eccles Substation", "voltage": "400000;132000;33000", "operator": "SP Energy Networks", "owner": null }, "geometry": { "type": "Point", "coordinates": [ 379361.471775649872143, 641802.025448781321757 ] } },
{ "type": "Feature", "properties": { "osm_id": "266591872", "name": "Berwick", "voltage": "132000", "operator": null, "owner": null }, "geometry": { "type": "Point", "coordinates": [ 395166.054844585887622, 653792.371826717979275 ] } },
{ "type": "Feature", "properties": { "osm_id": "97561542", "name": "Tod Point Substation", "voltage": "275000", "operator": null, "owner": null }, "geometry": { "type": "Point", "coordinates": [ 457154.283348443568684, 523841.065818547969684 ] } },
{ "type": "Feature", "properties": { "osm_id": "109730296", "name": "Lackenby Substation", "voltage": "400000;275000", "operator": null, "owner": null }, "geometry": { "type": "Point", "coordinates": [ 456257.584012987790629, 519403.248673139256425 ] } },
{ "type": "Feature", "properties": { "osm_id": "310502642", "name": "Blyth Substation", "voltage": "400000;275000", "operator": null, "owner": null }, "geometry": { "type": "Point", "coordinates": [ 429974.581352098495699, 583081.859144739457406 ] } },
{ "type": "Feature", "properties": { "osm_id": "183904046", "name": "West Boldon Substation", "voltage": "275000;66000", "operator": "Northern Powergrid", "owner": null }, "geometry": { "type": "Point", "coordinates": [ 433992.924442517629359, 560730.507303667603992 ] } },
{ "type": "Feature", "properties": { "osm_id": "184584639", "name": "South Shields", "voltage": "275000;33000", "operator": null, "owner": null }, "geometry": { "type": "Point", "coordinates": [ 435329.898986832646187, 564442.368600183632225 ] } },
{ "type": "Feature", "properties": { "osm_id": "96630594", "name": "Tynemouth Substation", "voltage": "275000", "operator": "National Grid", "owner": null }, "geometry": { "type": "Point", "coordinates": [ 432060.631679185782559, 570018.359459640341811 ] } },
{ "type": "Feature", "properties": { "osm_id": "184584639", "name": "South Shields", "voltage": "275000;33000", "operator": null, "owner": null }, "geometry": { "type": "Point", "coordinates": [ 435329.898986832646187, 564442.368600183632225 ] } },
{ "type": "Feature", "properties": { "osm_id": "190511290", "name": "Bicker Fen Substation", "voltage": "400000;132000", "operator": "National Grid Electricity Transmission", "owner": null }, "geometry": { "type": "Point", "coordinates": [ 519686.399593213223852, 338588.403271442162804 ] } },
{ "type": "Feature", "properties": { "osm_id": "1468976756", "name": "West Burton Substation", "voltage": "400000", "operator": "NGET", "owner": null }, "geometry": { "type": "Point", "coordinates": [ 479346.272140788438264, 385367.136833880329505 ] } },
{ "type": "Feature", "properties": { "osm_id": "87207943", "name": "Forsbrook Substation", "voltage": "132000", "operator": "National Grid Electricity Distribution", "owner": "National Grid Electricity Distribution (West Midlands) Plc" }, "geometry": { "type": "Point", "coordinates": [ 397152.882821742910892, 342524.484023366938345 ] } },
{ "type": "Feature", "properties": { "osm_id": "92458761", "name": "Penn Substation", "voltage": "400000;275000;132000", "operator": "National Grid Electricity Transmission", "owner": null }, "geometry": { "type": "Point", "coordinates": [ 385925.285624461772386, 295407.01702289248351 ] } },
{ "type": "Feature", "properties": { "osm_id": "87204522", "name": "Drakelow Substation", "voltage": "400000;275000;132000", "operator": "National Grid Electricity Transmission", "owner": null }, "geometry": { "type": "Point", "coordinates": [ 423536.420350256783422, 319572.542126755055506 ] } },
{ "type": "Feature", "properties": { "osm_id": "92260628", "name": "Berkswell Substation", "voltage": "132000", "operator": "National Grid Electricity Distribution", "owner": "National Grid Electricity Distribution (East Midlands) Plc" }, "geometry": { "type": "Point", "coordinates": [ 426393.450924374454189, 276561.314794518460985 ] } },
{ "type": "Feature", "properties": { "osm_id": "92260633", "name": "Berkswell 275kV", "voltage": "275000;132000", "operator": "National Grid", "owner": null }, "geometry": { "type": "Point", "coordinates": [ 426260.866675737896003, 276508.07299033383606 ] } },
{ "type": "Feature", "properties": { "osm_id": "164380199", "name": "Elland Substation", "voltage": "275000;132000", "operator": null, "owner": null }, "geometry": { "type": "Point", "coordinates": [ 411784.209716985176783, 422016.441354054491967 ] } },
{ "type": "Feature", "properties": { "osm_id": "164380199", "name": "Elland Substation", "voltage": "275000;132000", "operator": null, "owner": null }, "geometry": { "type": "Point", "coordinates": [ 411784.209716985176783, 422016.441354054491967 ] } },
{ "type": "Feature", "properties": { "osm_id": "103150854", "name": "West Thurrock Substation", "voltage": "400000;275000", "operator": "National Grid", "owner": null }, "geometry": { "type": "Point", "coordinates": [ 559028.057950346381404, 177164.295451366808265 ] } },
{ "type": "Feature", "properties": { "osm_id": "308656179", "name": "Paisley Substation", "voltage": "132000;33000", "operator": "SP Energy Networks", "owner": null }, "geometry": { "type": "Point", "coordinates": [ 248997.01447486950201, 663433.681604885845445 ] } },
{ "type": "Feature", "properties": { "osm_id": "98788846", "name": "Tremorfa Substation", "voltage": "275000;33000", "operator": "National Grid Electricity Transmission", "owner": null }, "geometry": { "type": "Point", "coordinates": [ 321615.124111977522261, 176494.952655453467742 ] } },
{ "type": "Feature", "properties": { "osm_id": "143105488", "name": "Coylton Substation", "voltage": "275000;132000", "operator": "SP Energy Networks", "owner": null }, "geometry": { "type": "Point", "coordinates": [ 246265.266428697039373, 619690.299482378643006 ] } },
{ "type": "Feature", "properties": { "osm_id": "260300448", "name": "Mark Hill Substation", "voltage": "275000;132000", "operator": "SP Transmission", "owner": null }, "geometry": { "type": "Point", "coordinates": [ 223784.684325704351068, 586080.280833531287499 ] } },
{ "type": "Feature", "properties": { "osm_id": "96812134", "name": null, "voltage": null, "operator": null, "owner": null }, "geometry": { "type": "Point", "coordinates": [ 284102.474799719057046, 681028.077715814113617 ] } },
{ "type": "Feature", "properties": { "osm_id": "96812135", "name": null, "voltage": null, "operator": null, "owner": null }, "geometry": { "type": "Point", "coordinates": [ 283999.302980004809797, 680955.95243481057696 ] } },
{ "type": "Feature", "properties": { "osm_id": "29111844", "name": "Rayleigh Main Substation", "voltage": "400000;132000", "operator": "National Grid", "owner": null }, "geometry": { "type": "Point", "coordinates": [ 577870.530457642162219, 191443.78711477300385 ] } },
{ "type": "Feature", "properties": { "osm_id": "23132983", "name": "Tottenham Substation", "voltage": "275000", "operator": "National Grid", "owner": null }, "geometry": { "type": "Point", "coordinates": [ 535277.900959630380385, 191269.036366830929182 ] } },
{ "type": "Feature", "properties": { "osm_id": "77065229", "name": "Stocking Pelham Substation", "voltage": "400000;132000", "operator": "National Grid", "owner": null }, "geometry": { "type": "Point", "coordinates": [ 545736.977547301445156, 228402.380257389275357 ] } },
{ "type": "Feature", "properties": { "osm_id": "190511290", "name": "Bicker Fen Substation", "voltage": "400000;132000", "operator": "National Grid Electricity Transmission", "owner": null }, "geometry": { "type": "Point", "coordinates": [ 519686.399593213223852, 338588.403271442162804 ] } },
{ "type": "Feature", "properties": { "osm_id": "160580052", "name": "Drax", "voltage": "400000", "operator": "National Grid", "owner": null }, "geometry": { "type": "Point", "coordinates": [ 466560.240177437546663, 427118.650873059523292 ] } },
{ "type": "Feature", "properties": { "osm_id": "201039923", "name": "Drax", "voltage": "132000", "operator": null, "owner": null }, "geometry": { "type": "Point", "coordinates": [ 466560.380253885872662, 426703.441654038033448 ] } },
{ "type": "Feature", "properties": { "osm_id": "32604320", "name": "Hurst Substation", "voltage": "400000;275000;132000", "operator": "National Grid Electricity Transmission", "owner": null }, "geometry": { "type": "Point", "coordinates": [ 549892.122579501476139, 172620.766462522558868 ] } },
{ "type": "Feature", "properties": { "osm_id": "38532487", "name": "Eltham Substation", "voltage": "132000", "operator": "National Grid", "owner": null }, "geometry": { "type": "Point", "coordinates": [ 544584.066628388594836, 175470.661541073641274 ] } },
{ "type": "Feature", "properties": { "osm_id": "884174267", "name": "Whitson Substation", "voltage": "400000", "operator": "National Grid", "owner": null }, "geometry": { "type": "Point", "coordinates": [ 337115.039099344052374, 185498.293048211722635 ] } },
{ "type": "Feature", "properties": { "osm_id": "42439512", "name": "Newport West Primary Substation", "voltage": "132000;11000", "operator": "National Grid Electricity Distribution Plc", "owner": "National Grid Electricity Distribution (South Wales) Plc" }, "geometry": { "type": "Point", "coordinates": [ 330456.410190818831325, 185826.301145152305253 ] } },
{ "type": "Feature", "properties": { "osm_id": "42800878", "name": "Imperial Park Substation", "voltage": "400000", "operator": "National Grid", "owner": null }, "geometry": { "type": "Point", "coordinates": [ 328602.285145140893292, 183718.488886397622991 ] } },
{ "type": "Feature", "properties": { "osm_id": "143861248", "name": null, "voltage": null, "operator": null, "owner": null }, "geometry": { "type": "Point", "coordinates": [ 193362.849675366131123, 202390.656587028992362 ] } },
{ "type": "Feature", "properties": { "osm_id": "192220229", "name": null, "voltage": null, "operator": null, "owner": null }, "geometry": { "type": "Point", "coordinates": [ 264836.443477372289635, 200861.150543175463099 ] } },
{ "type": "Feature", "properties": { "osm_id": "13110367", "name": "Pembroke Substation", "voltage": "400000", "operator": "National Grid", "owner": "" }, "geometry": { "type": "Point", "coordinates": [ 193344.722751725988928, 202391.493048584088683 ] } },
{ "type": "Feature", "properties": { "osm_id": "98899051", "name": "Pentir Substation", "voltage": "400000;132000", "operator": "National Grid", "owner": null }, "geometry": { "type": "Point", "coordinates": [ 255892.760541273630224, 367772.757860950776376 ] } },
{ "type": "Feature", "properties": { "osm_id": "552551706", "name": "Carrington 400kV GIS", "voltage": "400000", "operator": "NGET", "owner": null }, "geometry": { "type": "Point", "coordinates": [ 372998.114337017061189, 393313.693965276819654 ] } },
{ "type": "Feature", "properties": { "osm_id": "654462877", "name": "Carrington Switch House", "voltage": null, "operator": null, "owner": null }, "geometry": { "type": "Point", "coordinates": [ 373026.81530181854032, 393392.868505804217421 ] } },
{ "type": "Feature", "properties": { "osm_id": "295876243", "name": "Corriemoillie Substation", "voltage": "132000", "operator": null, "owner": null }, "geometry": { "type": "Point", "coordinates": [ 234782.434334083111025, 863866.892370193498209 ] } },
{ "type": "Feature", "properties": { "osm_id": "42800878", "name": "Imperial Park Substation", "voltage": "400000", "operator": "National Grid", "owner": null }, "geometry": { "type": "Point", "coordinates": [ 328602.285145140893292, 183718.488886397622991 ] } },
{ "type": "Feature", "properties": { "osm_id": "95749833", "name": "Cilfynydd Supergrid Substation", "voltage": "400000;275000", "operator": "National Grid", "owner": null }, "geometry": { "type": "Point", "coordinates": [ 310103.49089006986469, 193807.130495938647073 ] } },
{ "type": "Feature", "properties": { "osm_id": "232319495", "name": "Kilbraur Wind Farm Substation", "voltage": "275000", "operator": null, "owner": null }, "geometry": { "type": "Point", "coordinates": [ 278804.136981768650003, 907837.935657863505185 ] } },
{ "type": "Feature", "properties": { "osm_id": "68515955", "name": "Beauly Substation", "voltage": "400000;275000;132000;33000", "operator": "SSEN Transmission", "owner": null }, "geometry": { "type": "Point", "coordinates": [ 250639.966265898343408, 844678.636030336492695 ] } },
{ "type": "Feature", "properties": { "osm_id": "630939126", "name": "Fyrish Substation", "voltage": "275000;132000", "operator": "SSEN Transmission", "owner": null }, "geometry": { "type": "Point", "coordinates": [ 263031.483485476230271, 869989.776594562106766 ] } },
{ "type": "Feature", "properties": { "osm_id": "305627318", "name": "Cassley Substation", "voltage": "132000", "operator": null, "owner": null }, "geometry": { "type": "Point", "coordinates": [ 239641.089835714345099, 925336.754997332580388 ] } },
{ "type": "Feature", "properties": { "osm_id": "1263085225", "name": null, "voltage": "132000", "operator": null, "owner": null }, "geometry": { "type": "Point", "coordinates": [ 320002.974113416450564, 864114.264472523820587 ] } },
{ "type": "Feature", "properties": { "osm_id": "248561277", "name": null, "voltage": "132000", "operator": null, "owner": null }, "geometry": { "type": "Point", "coordinates": [ 211648.554239541786956, 801867.369909719680436 ] } },
{ "type": "Feature", "properties": { "osm_id": "248561277", "name": null, "voltage": "132000", "operator": null, "owner": null }, "geometry": { "type": "Point", "coordinates": [ 211648.554239541786956, 801867.369909719680436 ] } },
{ "type": "Feature", "properties": { "osm_id": "305791138", "name": "Quoich Substation", "voltage": "132000", "operator": "Scottish & Southern Energy", "owner": null }, "geometry": { "type": "Point", "coordinates": [ 210725.228749330941355, 801192.358311345218681 ] } },
{ "type": "Feature", "properties": { "osm_id": "115277975", "name": "Keith Substation", "voltage": "275000;132000;33000", "operator": null, "owner": null }, "geometry": { "type": "Point", "coordinates": [ 343924.241197134891991, 850409.036721691605635 ] } },
{ "type": "Feature", "properties": { "osm_id": "306046719", "name": "Beinneun Substation", "voltage": "132000", "operator": null, "owner": null }, "geometry": { "type": "Point", "coordinates": [ 226510.053042789775645, 810670.006056077429093 ] } },
{ "type": "Feature", "properties": { "osm_id": "306451404", "name": "Fiddes", "voltage": "132000", "operator": null, "owner": null }, "geometry": { "type": "Point", "coordinates": [ 381713.273963450745214, 781515.747157880221494 ] } },
{ "type": "Feature", "properties": { "osm_id": "111528318", "name": "Tealing Substation", "voltage": "275000;132000", "operator": null, "owner": null }, "geometry": { "type": "Point", "coordinates": [ 339945.584317393717356, 737011.921614399412647 ] } },
{ "type": "Feature", "properties": { "osm_id": "306451403", "name": "Arbroath", "voltage": "132000;33000", "operator": "Scottish and Southern Electricity Networks", "owner": null }, "geometry": { "type": "Point", "coordinates": [ 362018.646539545152336, 741507.152505282661878 ] } },
{ "type": "Feature", "properties": { "osm_id": "306451400", "name": "Dallas", "voltage": "275000", "operator": "SSEN Transmission", "owner": null }, "geometry": { "type": "Point", "coordinates": [ 315111.937007602246013, 852745.948508135625161 ] } },
{ "type": "Feature", "properties": { "osm_id": "52979467", "name": "Dyce Grid Supply Point", "voltage": "132000;33000", "operator": "SSEN Transmission", "owner": null }, "geometry": { "type": "Point", "coordinates": [ 388627.117567774490453, 813908.277963885222562 ] } },
{ "type": "Feature", "properties": { "osm_id": "306595697", "name": "Fraserburgh", "voltage": "132000", "operator": null, "owner": null }, "geometry": { "type": "Point", "coordinates": [ 398661.570882956671994, 866271.957582617062144 ] } },
{ "type": "Feature", "properties": { "osm_id": "306595720", "name": "Macduff", "voltage": "132000", "operator": null, "owner": null }, "geometry": { "type": "Point", "coordinates": [ 370355.364301590772811, 863901.365731382975355 ] } },
{ "type": "Feature", "properties": { "osm_id": "306595723", "name": "Lintmill Substation", "voltage": "132000", "operator": null, "owner": null }, "geometry": { "type": "Point", "coordinates": [ 351589.663336250523571, 865021.765156139153987 ] } },
{ "type": "Feature", "properties": { "osm_id": "306595724", "name": "Peterhead Grange", "voltage": "132000", "operator": "Scottish Hydro Electric Transmission Limited", "owner": null }, "geometry": { "type": "Point", "coordinates": [ 411750.622603424068075, 846506.676762025454082 ] } },
{ "type": "Feature", "properties": { "osm_id": "306595699", "name": "Charleston", "voltage": "132000", "operator": null, "owner": null }, "geometry": { "type": "Point", "coordinates": [ 335731.860439527605195, 731814.643850343185477 ] } },
{ "type": "Feature", "properties": { "osm_id": "307717805", "name": "Ardkinglas Substation", "voltage": "132000;33000", "operator": null, "owner": null }, "geometry": { "type": "Point", "coordinates": [ 219171.851646743918536, 713245.00625681958627 ] } },
{ "type": "Feature", "properties": { "osm_id": "307717798", "name": null, "voltage": "132000", "operator": null, "owner": null }, "geometry": { "type": "Point", "coordinates": [ 217159.79449615732301, 714435.89809391903691 ] } },
{ "type": "Feature", "properties": { "osm_id": "307717798", "name": null, "voltage": "132000", "operator": null, "owner": null }, "geometry": { "type": "Point", "coordinates": [ 217159.79449615732301, 714435.89809391903691 ] } },
{ "type": "Feature", "properties": { "osm_id": "307717801", "name": "Inveraray Substation", "voltage": "132000;33000", "operator": null, "owner": null }, "geometry": { "type": "Point", "coordinates": [ 211705.961302721581887, 711871.161934641073458 ] } },
{ "type": "Feature", "properties": { "osm_id": "562727179", "name": "Sloy Switching Station", "voltage": "132000", "operator": "SSEN Transmission", "owner": null }, "geometry": { "type": "Point", "coordinates": [ 230970.184438799362397, 709234.541833449271508 ] } },
{ "type": "Feature", "properties": { "osm_id": "307767568", "name": "Whistlefield Substation", "voltage": "132000", "operator": "SP Energy Networks", "owner": null }, "geometry": { "type": "Point", "coordinates": [ 223348.040417404932668, 692176.477288548485376 ] } },
{ "type": "Feature", "properties": { "osm_id": "249654391", "name": "Strathleven", "voltage": "132000;33000;25000;11000", "operator": "SP Energy Networks", "owner": null }, "geometry": { "type": "Point", "coordinates": [ 240179.52363674287335, 677214.857573961257003 ] } },
{ "type": "Feature", "properties": { "osm_id": "307767571", "name": "Helensburgh", "voltage": "132000;33000", "operator": "SP Energy Networks", "owner": null }, "geometry": { "type": "Point", "coordinates": [ 231281.351109130715486, 684479.181872653891332 ] } },
{ "type": "Feature", "properties": { "osm_id": "307767571", "name": "Helensburgh", "voltage": "132000;33000", "operator": "SP Energy Networks", "owner": null }, "geometry": { "type": "Point", "coordinates": [ 231281.351109130715486, 684479.181872653891332 ] } },
{ "type": "Feature", "properties": { "osm_id": "307769998", "name": "Dalmally Substation", "voltage": "275000", "operator": "SP Energy Networks", "owner": null }, "geometry": { "type": "Point", "coordinates": [ 214225.448890254279831, 729396.300387240713462 ] } },
{ "type": "Feature", "properties": { "osm_id": "262523325", "name": "Crystal Rig Substation", "voltage": "400000;132000;33000", "operator": "SP Energy Networks", "owner": null }, "geometry": { "type": "Point", "coordinates": [ 366361.910303574986756, 669242.092673947801813 ] } },
{ "type": "Feature", "properties": { "osm_id": "262523325", "name": "Crystal Rig Substation", "voltage": "400000;132000;33000", "operator": "SP Energy Networks", "owner": null }, "geometry": { "type": "Point", "coordinates": [ 366361.910303574986756, 669242.092673947801813 ] } },
{ "type": "Feature", "properties": { "osm_id": "262532045", "name": "Fallago Substation", "voltage": "400000;33000", "operator": "SP Energy Networks", "owner": null }, "geometry": { "type": "Point", "coordinates": [ 358434.298437048972119, 659290.536863052402623 ] } },
{ "type": "Feature", "properties": { "osm_id": "150705182", "name": "Dun Law Wind Farm Substation", "voltage": "132000", "operator": null, "owner": null }, "geometry": { "type": "Point", "coordinates": [ 347344.618153114570305, 657157.506785875186324 ] } },
{ "type": "Feature", "properties": { "osm_id": "310495264", "name": "Stanah Substation", "voltage": "400000;132000", "operator": null, "owner": null }, "geometry": { "type": "Point", "coordinates": [ 335124.625467693724204, 442978.952782502397895 ] } },
{ "type": "Feature", "properties": { "osm_id": "91955171", "name": "Stella West Sub Station", "voltage": "400000;275000;132000", "operator": null, "owner": null }, "geometry": { "type": "Point", "coordinates": [ 416539.653519538231194, 564822.916370980557986 ] } },
{ "type": "Feature", "properties": { "osm_id": "200511209", "name": "Hawthorn Pit Substation", "voltage": "275000;66000", "operator": "National Grid", "owner": null }, "geometry": { "type": "Point", "coordinates": [ 438350.617439541383646, 545729.415780600858852 ] } },
{ "type": "Feature", "properties": { "osm_id": "200635683", "name": "Offerton", "voltage": "275000;33000", "operator": null, "owner": null }, "geometry": { "type": "Point", "coordinates": [ 434888.195945396204479, 554150.825465555302799 ] } },
{ "type": "Feature", "properties": { "osm_id": "1436767715", "name": "Hawthorn Pit Substation", "voltage": "400000;275000", "operator": "National Grid", "owner": null }, "geometry": { "type": "Point", "coordinates": [ 438481.750751208048314, 545773.527230952284299 ] } },
{ "type": "Feature", "properties": { "osm_id": "200511209", "name": "Hawthorn Pit Substation", "voltage": "275000;66000", "operator": "National Grid", "owner": null }, "geometry": { "type": "Point", "coordinates": [ 438350.617439541383646, 545729.415780600858852 ] } },
{ "type": "Feature", "properties": { "osm_id": "92221420", "name": "Bushbury 'D' Substation", "voltage": "275000;132000", "operator": "National Grid", "owner": null }, "geometry": { "type": "Point", "coordinates": [ 392344.856410512700677, 304294.51164566364605 ] } },
{ "type": "Feature", "properties": { "osm_id": "474233199", "name": "Carsfad Substation", "voltage": "132000", "operator": null, "owner": null }, "geometry": { "type": "Point", "coordinates": [ 260541.085286690620705, 585400.423070815042593 ] } },
{ "type": "Feature", "properties": { "osm_id": "153884024", "name": "Birkenhead Substation", "voltage": "275000;132000", "operator": "SP Energy Networks", "owner": null }, "geometry": { "type": "Point", "coordinates": [ 329443.250278013641946, 385966.467569936125074 ] } },
{ "type": "Feature", "properties": { "osm_id": "45087479", "name": "Iron Acton Substation", "voltage": "275000;132000", "operator": null, "owner": null }, "geometry": { "type": "Point", "coordinates": [ 366771.143306427227799, 185733.063468494161498 ] } },
{ "type": "Feature", "properties": { "osm_id": "23232738", "name": "Iver Substation", "voltage": "400000;275000;132000;66000", "operator": "National Grid Electricity Transmission", "owner": null }, "geometry": { "type": "Point", "coordinates": [ 504254.007488042872865, 183788.616450609755702 ] } },
{ "type": "Feature", "properties": { "osm_id": "87251342", "name": "Redhouse Substation", "voltage": "132000;33000", "operator": null, "owner": null }, "geometry": { "type": "Point", "coordinates": [ 328965.060206577763893, 695355.270509202382527 ] } },
{ "type": "Feature", "properties": { "osm_id": "89700304", "name": "Glenniston  Substation", "voltage": "132000;33000", "operator": null, "owner": null }, "geometry": { "type": "Point", "coordinates": [ 321042.27928212902043, 691670.584301492781378 ] } },
{ "type": "Feature", "properties": { "osm_id": "305791401", "name": "St Fergus", "voltage": "132000", "operator": "Scottish and Southern Electricity Networks", "owner": null }, "geometry": { "type": "Point", "coordinates": [ 407200.782931021123659, 852926.09490598202683 ] } },
{ "type": "Feature", "properties": { "osm_id": "144179501", "name": "Fort Augustus Substation", "voltage": "132000", "operator": "National Grid", "owner": null }, "geometry": { "type": "Point", "coordinates": [ 235574.099202823010273, 808387.947103378362954 ] } },
{ "type": "Feature", "properties": { "osm_id": "1263095951", "name": "Fort Augustus Substation", "voltage": "275000", "operator": "SSEN Transmission", "owner": null }, "geometry": { "type": "Point", "coordinates": [ 235598.372412399563473, 808318.101776479743421 ] } },
{ "type": "Feature", "properties": { "osm_id": "1263095953", "name": "Fort Augustus Substation", "voltage": "400000", "operator": "SSEN Transmission", "owner": null }, "geometry": { "type": "Point", "coordinates": [ 235594.95748009099043, 808181.988632776658051 ] } },
{ "type": "Feature", "properties": { "osm_id": "495512689", "name": "Braco West Substation", "voltage": "275000", "operator": null, "owner": null }, "geometry": { "type": "Point", "coordinates": [ 279474.945178521098569, 709422.555556241306476 ] } },
{ "type": "Feature", "properties": { "osm_id": "295169544", "name": "Luichart Substation", "voltage": "132000", "operator": "Scottish & Southern Energy", "owner": null }, "geometry": { "type": "Point", "coordinates": [ 239275.652673795470037, 857137.690994467935525 ] } },
{ "type": "Feature", "properties": { "osm_id": "495624573", "name": "Spittal Substation", "voltage": "275000;132000", "operator": null, "owner": null }, "geometry": { "type": "Point", "coordinates": [ 315448.430371497350279, 955435.264953278005123 ] } },
{ "type": "Feature", "properties": { "osm_id": "495626051", "name": "Mybster Substation", "voltage": "132000", "operator": null, "owner": null }, "geometry": { "type": "Point", "coordinates": [ 316992.387620694760699, 951838.240515588782728 ] } },
{ "type": "Feature", "properties": { "osm_id": "495624575", "name": "Thurso South Substation", "voltage": "275000", "operator": null, "owner": null }, "geometry": { "type": "Point", "coordinates": [ 312097.100554271310102, 965012.348331887507811 ] } },
{ "type": "Feature", "properties": { "osm_id": "495624577", "name": null, "voltage": null, "operator": null, "owner": null }, "geometry": { "type": "Point", "coordinates": [ 298122.643615623761434, 966553.779153207782656 ] } },
{ "type": "Feature", "properties": { "osm_id": "567193793", "name": null, "voltage": null, "operator": null, "owner": null }, "geometry": { "type": "Point", "coordinates": [ 298110.315473982365802, 966668.493790339445695 ] } },
{ "type": "Feature", "properties": { "osm_id": "8087295", "name": "Dounreay Substation", "voltage": "275000;132000", "operator": "", "owner": "" }, "geometry": { "type": "Point", "coordinates": [ 298107.266159720718861, 966696.869322606362402 ] } },
{ "type": "Feature", "properties": { "osm_id": "43303585", "name": "Saltholme Substation", "voltage": "275000", "operator": null, "owner": null }, "geometry": { "type": "Point", "coordinates": [ 449320.263046314299572, 523645.233070463989861 ] } },
{ "type": "Feature", "properties": { "osm_id": "677510482", "name": "New Cumnock Substation", "voltage": "275000;132000", "operator": "SP Energy Networks", "owner": null }, "geometry": { "type": "Point", "coordinates": [ 252022.260195548442425, 608090.572105839615688 ] } },
{ "type": "Feature", "properties": { "osm_id": "306451402", "name": "Brechin Grid", "voltage": "132000", "operator": null, "owner": null }, "geometry": { "type": "Point", "coordinates": [ 361672.22036540217232, 761125.44743621989619 ] } },
{ "type": "Feature", "properties": { "osm_id": "495624577", "name": null, "voltage": null, "operator": null, "owner": null }, "geometry": { "type": "Point", "coordinates": [ 298122.643615623761434, 966553.779153207782656 ] } },
{ "type": "Feature", "properties": { "osm_id": "567187951", "name": "Connagill Substation", "voltage": "275000;132000", "operator": null, "owner": null }, "geometry": { "type": "Point", "coordinates": [ 290620.053996352362446, 959753.506982454098761 ] } },
{ "type": "Feature", "properties": { "osm_id": "567193793", "name": null, "voltage": null, "operator": null, "owner": null }, "geometry": { "type": "Point", "coordinates": [ 298110.315473982365802, 966668.493790339445695 ] } },
{ "type": "Feature", "properties": { "osm_id": "8087295", "name": "Dounreay Substation", "voltage": "275000;132000", "operator": "", "owner": "" }, "geometry": { "type": "Point", "coordinates": [ 298107.266159720718861, 966696.869322606362402 ] } },
{ "type": "Feature", "properties": { "osm_id": "636849834", "name": "Spango Valley Substation", "voltage": "132000", "operator": null, "owner": null }, "geometry": { "type": "Point", "coordinates": [ 224355.993367833289085, 675097.9781027759891 ] } },
{ "type": "Feature", "properties": { "osm_id": "186747788", "name": "Knaresborough", "voltage": "275000", "operator": null, "owner": null }, "geometry": { "type": "Point", "coordinates": [ 433656.993076581216883, 459592.141547305043787 ] } },
{ "type": "Feature", "properties": { "osm_id": "1362412331", "name": "Knaresborough", "voltage": "132000", "operator": null, "owner": null }, "geometry": { "type": "Point", "coordinates": [ 433598.967959535948467, 459596.714682793011889 ] } },
{ "type": "Feature", "properties": { "osm_id": "771093002", "name": "Richborough 400kV Substation", "voltage": "400000", "operator": "National Grid", "owner": null }, "geometry": { "type": "Point", "coordinates": [ 633156.888786015333608, 162217.284444073913619 ] } },
{ "type": "Feature", "properties": { "osm_id": "495624573", "name": "Spittal Substation", "voltage": "275000;132000", "operator": null, "owner": null }, "geometry": { "type": "Point", "coordinates": [ 315448.430371497350279, 955435.264953278005123 ] } },
{ "type": "Feature", "properties": { "osm_id": "495624575", "name": "Thurso South Substation", "voltage": "275000", "operator": null, "owner": null }, "geometry": { "type": "Point", "coordinates": [ 312097.100554271310102, 965012.348331887507811 ] } },
{ "type": "Feature", "properties": { "osm_id": "232319495", "name": "Kilbraur Wind Farm Substation", "voltage": "275000", "operator": null, "owner": null }, "geometry": { "type": "Point", "coordinates": [ 278804.136981768650003, 907837.935657863505185 ] } },
{ "type": "Feature", "properties": { "osm_id": "261445815", "name": "Gordonbush Wind Farm Substation", "voltage": "275000", "operator": null, "owner": null }, "geometry": { "type": "Point", "coordinates": [ 284806.227960385906044, 915592.15647520951461 ] } },
{ "type": "Feature", "properties": { "osm_id": "567187951", "name": "Connagill Substation", "voltage": "275000;132000", "operator": null, "owner": null }, "geometry": { "type": "Point", "coordinates": [ 290620.053996352362446, 959753.506982454098761 ] } },
{ "type": "Feature", "properties": { "osm_id": "130127395", "name": "Shin", "voltage": "132000", "operator": "SSEN Transmission", "owner": null }, "geometry": { "type": "Point", "coordinates": [ 257235.308561491343426, 897435.866861520218663 ] } },
{ "type": "Feature", "properties": { "osm_id": "624256368", "name": "Loch Buidhe Substation", "voltage": "275000;132000", "operator": "SSEN Transmission", "owner": null }, "geometry": { "type": "Point", "coordinates": [ 265470.111944331438281, 897884.615825774613768 ] } },
{ "type": "Feature", "properties": { "osm_id": "102268474", "name": "Brora Substation", "voltage": "132000;33000", "operator": null, "owner": null }, "geometry": { "type": "Point", "coordinates": [ 289341.405829713505227, 904960.631938414648175 ] } },
{ "type": "Feature", "properties": { "osm_id": "305074372", "name": "Dunbeath Substation", "voltage": "132000", "operator": null, "owner": null }, "geometry": { "type": "Point", "coordinates": [ 315949.313268411613535, 931667.680083336890675 ] } },
{ "type": "Feature", "properties": { "osm_id": "305074372", "name": "Dunbeath Substation", "voltage": "132000", "operator": null, "owner": null }, "geometry": { "type": "Point", "coordinates": [ 315949.313268411613535, 931667.680083336890675 ] } },
{ "type": "Feature", "properties": { "osm_id": "495626051", "name": "Mybster Substation", "voltage": "132000", "operator": null, "owner": null }, "geometry": { "type": "Point", "coordinates": [ 316992.387620694760699, 951838.240515588782728 ] } },
{ "type": "Feature", "properties": { "osm_id": "68515955", "name": "Beauly Substation", "voltage": "400000;275000;132000;33000", "operator": "SSEN Transmission", "owner": null }, "geometry": { "type": "Point", "coordinates": [ 250639.966265898343408, 844678.636030336492695 ] } },
{ "type": "Feature", "properties": { "osm_id": "625373236", "name": null, "voltage": "132000", "operator": null, "owner": null }, "geometry": { "type": "Point", "coordinates": [ 230974.006187805731315, 862324.547647523228079 ] } },
{ "type": "Feature", "properties": { "osm_id": "68515955", "name": "Beauly Substation", "voltage": "400000;275000;132000;33000", "operator": "SSEN Transmission", "owner": null }, "geometry": { "type": "Point", "coordinates": [ 250639.966265898343408, 844678.636030336492695 ] } },
{ "type": "Feature", "properties": { "osm_id": "495512692", "name": "Tummel Substation", "voltage": "275000;132000", "operator": "National Grid", "owner": null }, "geometry": { "type": "Point", "coordinates": [ 275904.344977947534062, 759080.571773398318328 ] } },
{ "type": "Feature", "properties": { "osm_id": "689626274", "name": "Melgarve Substation", "voltage": "400000;132000", "operator": null, "owner": null }, "geometry": { "type": "Point", "coordinates": [ 250138.701790014543803, 795619.665065940585919 ] } },
{ "type": "Feature", "properties": { "osm_id": "495512692", "name": "Tummel Substation", "voltage": "275000;132000", "operator": "National Grid", "owner": null }, "geometry": { "type": "Point", "coordinates": [ 275904.344977947534062, 759080.571773398318328 ] } },
{ "type": "Feature", "properties": { "osm_id": "241491759", "name": "Fetteresso Substation", "voltage": "275000;132000", "operator": "SSEN Transmission", "owner": null }, "geometry": { "type": "Point", "coordinates": [ 378981.630530121037737, 785967.101305554737337 ] } },
{ "type": "Feature", "properties": { "osm_id": "111528318", "name": "Tealing Substation", "voltage": "275000;132000", "operator": null, "owner": null }, "geometry": { "type": "Point", "coordinates": [ 339945.584317393717356, 737011.921614399412647 ] } },
{ "type": "Feature", "properties": { "osm_id": "1252341626", "name": "Alyth Substation", "voltage": "275000", "operator": "Scottish and Southern Electricity Networks", "owner": null }, "geometry": { "type": "Point", "coordinates": [ 328772.6686488147825, 747026.588545312988572 ] } },
{ "type": "Feature", "properties": { "osm_id": "111528318", "name": "Tealing Substation", "voltage": "275000;132000", "operator": null, "owner": null }, "geometry": { "type": "Point", "coordinates": [ 339945.584317393717356, 737011.921614399412647 ] } },
{ "type": "Feature", "properties": { "osm_id": "118821349", "name": "Kintore Grid Supply Point", "voltage": "275000;132000", "operator": "SSEN Transmission", "owner": null }, "geometry": { "type": "Point", "coordinates": [ 377061.710955875867512, 814278.376779444864951 ] } },
{ "type": "Feature", "properties": { "osm_id": "1263000218", "name": "Kintore Grid Supply Point", "voltage": "132000;33000", "operator": "SSEN Transmission", "owner": null }, "geometry": { "type": "Point", "coordinates": [ 377158.262166797823738, 814331.75683404749725 ] } },
{ "type": "Feature", "properties": { "osm_id": "111528318", "name": "Tealing Substation", "voltage": "275000;132000", "operator": null, "owner": null }, "geometry": { "type": "Point", "coordinates": [ 339945.584317393717356, 737011.921614399412647 ] } },
{ "type": "Feature", "properties": { "osm_id": "88816525", "name": "Milton of Craigie", "voltage": "132000;33000", "operator": null, "owner": null }, "geometry": { "type": "Point", "coordinates": [ 343128.245899311383255, 731839.242249697679654 ] } },
{ "type": "Feature", "properties": { "osm_id": "306595723", "name": "Lintmill Substation", "voltage": "132000", "operator": null, "owner": null }, "geometry": { "type": "Point", "coordinates": [ 351589.663336250523571, 865021.765156139153987 ] } },
{ "type": "Feature", "properties": { "osm_id": "630939126", "name": "Fyrish Substation", "voltage": "275000;132000", "operator": "SSEN Transmission", "owner": null }, "geometry": { "type": "Point", "coordinates": [ 263031.483485476230271, 869989.776594562106766 ] } },
{ "type": "Feature", "properties": { "osm_id": "305791401", "name": "St Fergus", "voltage": "132000", "operator": "Scottish and Southern Electricity Networks", "owner": null }, "geometry": { "type": "Point", "coordinates": [ 407200.782931021123659, 852926.09490598202683 ] } },
{ "type": "Feature", "properties": { "osm_id": "305791401", "name": "St Fergus", "voltage": "132000", "operator": "Scottish and Southern Electricity Networks", "owner": null }, "geometry": { "type": "Point", "coordinates": [ 407200.782931021123659, 852926.09490598202683 ] } },
{ "type": "Feature", "properties": { "osm_id": "305791401", "name": "St Fergus", "voltage": "132000", "operator": "Scottish and Southern Electricity Networks", "owner": null }, "geometry": { "type": "Point", "coordinates": [ 407200.782931021123659, 852926.09490598202683 ] } },
{ "type": "Feature", "properties": { "osm_id": "305791401", "name": "St Fergus", "voltage": "132000", "operator": "Scottish and Southern Electricity Networks", "owner": null }, "geometry": { "type": "Point", "coordinates": [ 407200.782931021123659, 852926.09490598202683 ] } },
{ "type": "Feature", "properties": { "osm_id": "68515955", "name": "Beauly Substation", "voltage": "400000;275000;132000;33000", "operator": "SSEN Transmission", "owner": null }, "geometry": { "type": "Point", "coordinates": [ 250639.966265898343408, 844678.636030336492695 ] } },
{ "type": "Feature", "properties": { "osm_id": "306046718", "name": "Glenfarclas", "voltage": "132000", "operator": null, "owner": null }, "geometry": { "type": "Point", "coordinates": [ 321052.205012390622869, 836942.170864029671066 ] } },
{ "type": "Feature", "properties": { "osm_id": "144177647", "name": "Fort William Substation", "voltage": "132000", "operator": null, "owner": null }, "geometry": { "type": "Point", "coordinates": [ 212208.759752237529028, 774169.395264430320822 ] } },
{ "type": "Feature", "properties": { "osm_id": "32809758", "name": "Errochty Switching Station", "voltage": "132000", "operator": null, "owner": null }, "geometry": { "type": "Point", "coordinates": [ 276963.757940010167658, 759077.369072670117021 ] } },
{ "type": "Feature", "properties": { "osm_id": "247279711", "name": "Clunie Substation", "voltage": "132000", "operator": null, "owner": null }, "geometry": { "type": "Point", "coordinates": [ 290920.340762791340239, 759790.489444537088275 ] } },
{ "type": "Feature", "properties": { "osm_id": "218108351", "name": "Coupar Angus Substation", "voltage": "132000;33000", "operator": "SSE Scottish Hydro", "owner": null }, "geometry": { "type": "Point", "coordinates": [ 321782.466045831562951, 739207.276195979560725 ] } },
{ "type": "Feature", "properties": { "osm_id": "247279711", "name": "Clunie Substation", "voltage": "132000", "operator": null, "owner": null }, "geometry": { "type": "Point", "coordinates": [ 290920.340762791340239, 759790.489444537088275 ] } },
{ "type": "Feature", "properties": { "osm_id": "111528318", "name": "Tealing Substation", "voltage": "275000;132000", "operator": null, "owner": null }, "geometry": { "type": "Point", "coordinates": [ 339945.584317393717356, 737011.921614399412647 ] } },
{ "type": "Feature", "properties": { "osm_id": "306595699", "name": "Charleston", "voltage": "132000", "operator": null, "owner": null }, "geometry": { "type": "Point", "coordinates": [ 335731.860439527605195, 731814.643850343185477 ] } },
{ "type": "Feature", "properties": { "osm_id": "32809758", "name": "Errochty Switching Station", "voltage": "132000", "operator": null, "owner": null }, "geometry": { "type": "Point", "coordinates": [ 276963.757940010167658, 759077.369072670117021 ] } },
{ "type": "Feature", "properties": { "osm_id": "253091443", "name": "Abernethy Substation", "voltage": "132000", "operator": null, "owner": null }, "geometry": { "type": "Point", "coordinates": [ 320057.536224968964234, 717179.949084094376303 ] } },
{ "type": "Feature", "properties": { "osm_id": "52981856", "name": "Craigiebuckler Grid Supply Point", "voltage": "132000;33000", "operator": "SSEN Transmission", "owner": null }, "geometry": { "type": "Point", "coordinates": [ 390775.052982007677201, 804484.271140010445379 ] } },
{ "type": "Feature", "properties": { "osm_id": "95374266", "name": "Westfield Substation", "voltage": "275000;132000", "operator": "SP Energy Networks", "owner": null }, "geometry": { "type": "Point", "coordinates": [ 319330.872865582699887, 697601.87059205386322 ] } },
{ "type": "Feature", "properties": { "osm_id": "111528318", "name": "Tealing Substation", "voltage": "275000;132000", "operator": null, "owner": null }, "geometry": { "type": "Point", "coordinates": [ 339945.584317393717356, 737011.921614399412647 ] } },
{ "type": "Feature", "properties": { "osm_id": "89699558", "name": "Mossmorran Substation", "voltage": "275000;132000", "operator": "SP Energy Networks", "owner": null }, "geometry": { "type": "Point", "coordinates": [ 319681.830323580943514, 691107.676137018483132 ] } },
{ "type": "Feature", "properties": { "osm_id": "89823813", "name": null, "voltage": "132000", "operator": null, "owner": null }, "geometry": { "type": "Point", "coordinates": [ 309909.048039698333014, 689482.795285818167031 ] } },
{ "type": "Feature", "properties": { "osm_id": "95374266", "name": "Westfield Substation", "voltage": "275000;132000", "operator": "SP Energy Networks", "owner": null }, "geometry": { "type": "Point", "coordinates": [ 319330.872865582699887, 697601.87059205386322 ] } },
{ "type": "Feature", "properties": { "osm_id": "86071326", "name": "Windyhill Substation", "voltage": "400000;275000;132000", "operator": "SP Energy Networks", "owner": null }, "geometry": { "type": "Point", "coordinates": [ 251597.194598712347215, 673331.150718153920025 ] } },
{ "type": "Feature", "properties": { "osm_id": "164369466", "name": "Inverarnan Substation", "voltage": "132000", "operator": "SSEN Transmission", "owner": null }, "geometry": { "type": "Point", "coordinates": [ 231633.42250132036861, 718103.314650115906261 ] } },
{ "type": "Feature", "properties": { "osm_id": "1307462736", "name": "Inverarnan Substation", "voltage": "275000", "operator": "SP Energy Networks", "owner": null }, "geometry": { "type": "Point", "coordinates": [ 231615.850363107252633, 717974.634663993841968 ] } },
{ "type": "Feature", "properties": { "osm_id": "164369466", "name": "Inverarnan Substation", "voltage": "132000", "operator": "SSEN Transmission", "owner": null }, "geometry": { "type": "Point", "coordinates": [ 231633.42250132036861, 718103.314650115906261 ] } },
{ "type": "Feature", "properties": { "osm_id": "307769998", "name": "Dalmally Substation", "voltage": "275000", "operator": "SP Energy Networks", "owner": null }, "geometry": { "type": "Point", "coordinates": [ 214225.448890254279831, 729396.300387240713462 ] } },
{ "type": "Feature", "properties": { "osm_id": "1307462736", "name": "Inverarnan Substation", "voltage": "275000", "operator": "SP Energy Networks", "owner": null }, "geometry": { "type": "Point", "coordinates": [ 231615.850363107252633, 717974.634663993841968 ] } },
{ "type": "Feature", "properties": { "osm_id": "143219044", "name": null, "voltage": null, "operator": null, "owner": null }, "geometry": { "type": "Point", "coordinates": [ 332955.69516481802566, 571321.09999414649792 ] } },
{ "type": "Feature", "properties": { "osm_id": "310436909", "name": "Chapelcross Substation", "voltage": "132000", "operator": null, "owner": null }, "geometry": { "type": "Point", "coordinates": [ 321467.489068031718489, 569789.841724744881503 ] } },
{ "type": "Feature", "properties": { "osm_id": "1480879377", "name": "Aberthaw Substation", "voltage": "275000", "operator": null, "owner": null }, "geometry": { "type": "Point", "coordinates": [ 302466.349788019433618, 166418.970873997430317 ] } },
{ "type": "Feature", "properties": { "osm_id": "308653819", "name": "East Kilbride South Substation", "voltage": "275000", "operator": null, "owner": null }, "geometry": { "type": "Point", "coordinates": [ 264286.949005591799505, 651842.84439860668499 ] } },
{ "type": "Feature", "properties": { "osm_id": "26704015", "name": "Crookston Substation", "voltage": "132000", "operator": "SP Energy Networks", "owner": null }, "geometry": { "type": "Point", "coordinates": [ 251949.6156332755927, 661190.419022098532878 ] } },
{ "type": "Feature", "properties": { "osm_id": "583363406", "name": "Walney Wind Farm Extension Substation", "voltage": "400000;200000", "operator": null, "owner": null }, "geometry": { "type": "Point", "coordinates": [ 342416.126310161489528, 460258.414425670169294 ] } },
{ "type": "Feature", "properties": { "osm_id": "635735466", "name": "Middleton Substation", "voltage": "400000", "operator": "National Grid", "owner": null }, "geometry": { "type": "Point", "coordinates": [ 342105.073489627800882, 460241.193811767851003 ] } },
{ "type": "Feature", "properties": { "osm_id": "89893627", "name": "Elgin Grid Supply Point", "voltage": "132000;33000", "operator": "SSEN Transmission", "owner": null }, "geometry": { "type": "Point", "coordinates": [ 321277.996206466108561, 864641.725943315192126 ] } },
{ "type": "Feature", "properties": { "osm_id": "115277975", "name": "Keith Substation", "voltage": "275000;132000;33000", "operator": null, "owner": null }, "geometry": { "type": "Point", "coordinates": [ 343924.241197134891991, 850409.036721691605635 ] } },
{ "type": "Feature", "properties": { "osm_id": "284874050", "name": "Elvanfoot Substation", "voltage": "400000;275000;25000", "operator": null, "owner": null }, "geometry": { "type": "Point", "coordinates": [ 294283.211699495383073, 617200.989578927052207 ] } },
{ "type": "Feature", "properties": { "osm_id": "677510482", "name": "New Cumnock Substation", "voltage": "275000;132000", "operator": "SP Energy Networks", "owner": null }, "geometry": { "type": "Point", "coordinates": [ 252022.260195548442425, 608090.572105839615688 ] } },
{ "type": "Feature", "properties": { "osm_id": "143105488", "name": "Coylton Substation", "voltage": "275000;132000", "operator": "SP Energy Networks", "owner": null }, "geometry": { "type": "Point", "coordinates": [ 246265.266428697039373, 619690.299482378643006 ] } },
{ "type": "Feature", "properties": { "osm_id": "677845115", "name": "Langage Substation", "voltage": "400000", "operator": null, "owner": null }, "geometry": { "type": "Point", "coordinates": [ 257019.0495116066013, 56288.841605886322213 ] } },
{ "type": "Feature", "properties": { "osm_id": "689624522", "name": "Farigaig Substation", "voltage": "275000;132000", "operator": "SSEN Transmission", "owner": null }, "geometry": { "type": "Point", "coordinates": [ 257085.450183026929153, 827717.679658258450218 ] } },
{ "type": "Feature", "properties": { "osm_id": "820229174", "name": "Knocknagael Substation", "voltage": "275000;132000", "operator": "SSEN Transmission", "owner": null }, "geometry": { "type": "Point", "coordinates": [ 265241.063897590676788, 839074.527927256072871 ] } },
{ "type": "Feature", "properties": { "osm_id": "127045977", "name": "Foyers Substation", "voltage": "275000", "operator": "SSEN Transmission", "owner": null }, "geometry": { "type": "Point", "coordinates": [ 250893.082155358511955, 822483.142412153072655 ] } },
{ "type": "Feature", "properties": { "osm_id": "689624522", "name": "Farigaig Substation", "voltage": "275000;132000", "operator": "SSEN Transmission", "owner": null }, "geometry": { "type": "Point", "coordinates": [ 257085.450183026929153, 827717.679658258450218 ] } },
{ "type": "Feature", "properties": { "osm_id": "92340133", "name": "East Claydon Substation", "voltage": "400000;132000", "operator": "National Grid Electricity Transmission", "owner": null }, "geometry": { "type": "Point", "coordinates": [ 475239.45337864710018, 225884.69984414317878 ] } },
{ "type": "Feature", "properties": { "osm_id": "87251342", "name": "Redhouse Substation", "voltage": "132000;33000", "operator": null, "owner": null }, "geometry": { "type": "Point", "coordinates": [ 328965.060206577763893, 695355.270509202382527 ] } },
{ "type": "Feature", "properties": { "osm_id": "143219044", "name": null, "voltage": null, "operator": null, "owner": null }, "geometry": { "type": "Point", "coordinates": [ 332955.69516481802566, 571321.09999414649792 ] } },
{ "type": "Feature", "properties": { "osm_id": "753121695", "name": null, "voltage": null, "operator": null, "owner": null }, "geometry": { "type": "Point", "coordinates": [ 332897.244416289264336, 571522.025851299171336 ] } },
{ "type": "Feature", "properties": { "osm_id": "677510482", "name": "New Cumnock Substation", "voltage": "275000;132000", "operator": "SP Energy Networks", "owner": null }, "geometry": { "type": "Point", "coordinates": [ 252022.260195548442425, 608090.572105839615688 ] } },
{ "type": "Feature", "properties": { "osm_id": "820195439", "name": "Blackhill Substation", "voltage": "132000", "operator": null, "owner": null }, "geometry": { "type": "Point", "coordinates": [ 261228.515291677525965, 604828.668075540335849 ] } },
{ "type": "Feature", "properties": { "osm_id": "820223835", "name": "Glenglass Substation", "voltage": "132000", "operator": null, "owner": null }, "geometry": { "type": "Point", "coordinates": [ 272099.625331142917275, 606637.197886730427854 ] } },
{ "type": "Feature", "properties": { "osm_id": "820200884", "name": "Black Law Extension Substation", "voltage": "132000", "operator": null, "owner": null }, "geometry": { "type": "Point", "coordinates": [ 291162.316913289367221, 656818.099759949254803 ] } },
{ "type": "Feature", "properties": { "osm_id": "143408586", "name": "Carradale Substation", "voltage": "132000", "operator": "SP Transmission", "owner": null }, "geometry": { "type": "Point", "coordinates": [ 179383.947215839521959, 638528.182379537145607 ] } },
{ "type": "Feature", "properties": { "osm_id": "677513264", "name": "Crossaig Substation", "voltage": "220000;132000", "operator": null, "owner": null }, "geometry": { "type": "Point", "coordinates": [ 182778.864019812055631, 650250.188563565490767 ] } },
{ "type": "Feature", "properties": { "osm_id": "91046062", "name": "Erskine Substation", "voltage": "132000;33000", "operator": null, "owner": null }, "geometry": { "type": "Point", "coordinates": [ 244877.589794918370899, 670681.360224847565405 ] } },
{ "type": "Feature", "properties": { "osm_id": "166703766", "name": "Blackhillock Substation", "voltage": "400000;275000;132000", "operator": null, "owner": null }, "geometry": { "type": "Point", "coordinates": [ 343304.757129852136131, 848510.652236371999606 ] } },
{ "type": "Feature", "properties": { "osm_id": "820229174", "name": "Knocknagael Substation", "voltage": "275000;132000", "operator": "SSEN Transmission", "owner": null }, "geometry": { "type": "Point", "coordinates": [ 265241.063897590676788, 839074.527927256072871 ] } },
{ "type": "Feature", "properties": { "osm_id": "25784732", "name": "Ocker Hill Substation A", "voltage": "275000", "operator": "National Grid Electricity Distribution", "owner": null }, "geometry": { "type": "Point", "coordinates": [ 398095.536978886870202, 293803.425466701388359 ] } },
{ "type": "Feature", "properties": { "osm_id": "306451402", "name": "Brechin Grid", "voltage": "132000", "operator": null, "owner": null }, "geometry": { "type": "Point", "coordinates": [ 361672.22036540217232, 761125.44743621989619 ] } },
{ "type": "Feature", "properties": { "osm_id": "94530230", "name": "Tilbury Substation", "voltage": "400000;275000", "operator": "National Grid", "owner": null }, "geometry": { "type": "Point", "coordinates": [ 566219.620764474850148, 176176.113912337517831 ] } },
{ "type": "Feature", "properties": { "osm_id": "474233199", "name": "Carsfad Substation", "voltage": "132000", "operator": null, "owner": null }, "geometry": { "type": "Point", "coordinates": [ 260541.085286690620705, 585400.423070815042593 ] } },
{ "type": "Feature", "properties": { "osm_id": "90807525", "name": "Devonside Substation", "voltage": "132000", "operator": null, "owner": null }, "geometry": { "type": "Point", "coordinates": [ 289510.664272425114177, 695257.662312095053494 ] } },
{ "type": "Feature", "properties": { "osm_id": "314338790", "name": "Cottam Substation", "voltage": "400000", "operator": null, "owner": null }, "geometry": { "type": "Point", "coordinates": [ 481312.62946186971385, 378890.198531637259293 ] } },
{ "type": "Feature", "properties": { "osm_id": "90534270", "name": "Enderby Substation", "voltage": "400000;132000", "operator": "National Grid Electricity Transmission", "owner": null }, "geometry": { "type": "Point", "coordinates": [ 453156.735409969463944, 300272.180551428813487 ] } },
{ "type": "Feature", "properties": { "osm_id": "49922626", "name": "Chickerell Substation", "voltage": "400000;132000", "operator": "National Grid", "owner": null }, "geometry": { "type": "Point", "coordinates": [ 365599.764446478395257, 80606.532115899288328 ] } },
{ "type": "Feature", "properties": { "osm_id": "820231183", "name": "New Deer Substation", "voltage": "400000", "operator": "Scottish and Southern Electricity Networks", "owner": null }, "geometry": { "type": "Point", "coordinates": [ 383014.619233829784207, 844560.233034851378761 ] } },
{ "type": "Feature", "properties": { "osm_id": "820237569", "name": "Rothienorman Substation", "voltage": "400000", "operator": "SSEN Transmission", "owner": null }, "geometry": { "type": "Point", "coordinates": [ 369094.548722927866038, 835629.793733266880736 ] } },
{ "type": "Feature", "properties": { "osm_id": "495624573", "name": "Spittal Substation", "voltage": "275000;132000", "operator": null, "owner": null }, "geometry": { "type": "Point", "coordinates": [ 315448.430371497350279, 955435.264953278005123 ] } },
{ "type": "Feature", "properties": { "osm_id": "495626051", "name": "Mybster Substation", "voltage": "132000", "operator": null, "owner": null }, "geometry": { "type": "Point", "coordinates": [ 316992.387620694760699, 951838.240515588782728 ] } },
{ "type": "Feature", "properties": { "osm_id": "305627326", "name": "Lairg", "voltage": "132000", "operator": null, "owner": null }, "geometry": { "type": "Point", "coordinates": [ 258778.844154191261623, 907104.585602083127014 ] } },
{ "type": "Feature", "properties": { "osm_id": "143905069", "name": "High Marnham Substation", "voltage": "400000;275000", "operator": null, "owner": null }, "geometry": { "type": "Point", "coordinates": [ 480633.990774631733075, 370789.705677060526796 ] } },
{ "type": "Feature", "properties": { "osm_id": "93878867", "name": "Bredbury Substation", "voltage": "275000;132000", "operator": "National Grid Electricity Transmission", "owner": null }, "geometry": { "type": "Point", "coordinates": [ 391478.608837554056663, 390889.622220830118749 ] } },
{ "type": "Feature", "properties": { "osm_id": "677513264", "name": "Crossaig Substation", "voltage": "220000;132000", "operator": null, "owner": null }, "geometry": { "type": "Point", "coordinates": [ 182778.864019812055631, 650250.188563565490767 ] } },
{ "type": "Feature", "properties": { "osm_id": "310436909", "name": "Chapelcross Substation", "voltage": "132000", "operator": null, "owner": null }, "geometry": { "type": "Point", "coordinates": [ 321467.489068031718489, 569789.841724744881503 ] } },
{ "type": "Feature", "properties": { "osm_id": "307717801", "name": "Inveraray Substation", "voltage": "132000;33000", "operator": null, "owner": null }, "geometry": { "type": "Point", "coordinates": [ 211705.961302721581887, 711871.161934641073458 ] } },
{ "type": "Feature", "properties": { "osm_id": "307717802", "name": "An Suidhe Substation", "voltage": "132000", "operator": "SSEN Transmission", "owner": null }, "geometry": { "type": "Point", "coordinates": [ 204988.111229182628449, 705043.36612262763083 ] } },
{ "type": "Feature", "properties": { "osm_id": "307717802", "name": "An Suidhe Substation", "voltage": "132000", "operator": "SSEN Transmission", "owner": null }, "geometry": { "type": "Point", "coordinates": [ 204988.111229182628449, 705043.36612262763083 ] } },
{ "type": "Feature", "properties": { "osm_id": "143413945", "name": "Port Ann Substation", "voltage": "132000", "operator": "SSEN Transmission", "owner": null }, "geometry": { "type": "Point", "coordinates": [ 190951.779935174854472, 686795.385396132594906 ] } },
{ "type": "Feature", "properties": { "osm_id": "43303585", "name": "Saltholme Substation", "voltage": "275000", "operator": null, "owner": null }, "geometry": { "type": "Point", "coordinates": [ 449320.263046314299572, 523645.233070463989861 ] } },
{ "type": "Feature", "properties": { "osm_id": "43472283", "name": "Norton Substation", "voltage": "400000;132000", "operator": null, "owner": null }, "geometry": { "type": "Point", "coordinates": [ 441148.988031535875052, 522077.485184908378869 ] } },
{ "type": "Feature", "properties": { "osm_id": "90125443", "name": "Osbaldwick Grid Substation", "voltage": "400000;132000", "operator": null, "owner": null }, "geometry": { "type": "Point", "coordinates": [ 464202.80613327777246, 451626.324438315466978 ] } },
{ "type": "Feature", "properties": { "osm_id": "495512689", "name": "Braco West Substation", "voltage": "275000", "operator": null, "owner": null }, "geometry": { "type": "Point", "coordinates": [ 279474.945178521098569, 709422.555556241306476 ] } },
{ "type": "Feature", "properties": { "osm_id": "304620092", "name": "Hunterston East Substation", "voltage": "400000", "operator": null, "owner": null }, "geometry": { "type": "Point", "coordinates": [ 218754.487550700141583, 651180.624803493730724 ] } },
{ "type": "Feature", "properties": { "osm_id": "315932916", "name": "Hunterston North Substation", "voltage": "400000;220000", "operator": "Scottish Power", "owner": null }, "geometry": { "type": "Point", "coordinates": [ 218856.754743556375615, 651330.911202298593707 ] } },
{ "type": "Feature", "properties": { "osm_id": "89836009", "name": "Kincardine Substation", "voltage": "275000", "operator": "SP Energy Networks", "owner": null }, "geometry": { "type": "Point", "coordinates": [ 292376.859886374557391, 688268.793879559612833 ] } },
{ "type": "Feature", "properties": { "osm_id": "96107758", "name": "Feckenham Substation", "voltage": "400000;275000;66000;11000", "operator": "National Grid Electricity Transmission", "owner": null }, "geometry": { "type": "Point", "coordinates": [ 401953.810158569656778, 261443.32079478102969 ] } },
{ "type": "Feature", "properties": { "osm_id": "1052075643", "name": "Bramham", "voltage": "132000;33000", "operator": "Northern Powergrid", "owner": null }, "geometry": { "type": "Point", "coordinates": [ 444286.074090946058277, 441957.171605112031102 ] } },
{ "type": "Feature", "properties": { "osm_id": "109463536", "name": "Poppleton Substation", "voltage": "275000", "operator": null, "owner": null }, "geometry": { "type": "Point", "coordinates": [ 457059.645106984302402, 453559.537532088696025 ] } },
{ "type": "Feature", "properties": { "osm_id": "205132633", "name": "Killingholme Substation", "voltage": "400000", "operator": null, "owner": null }, "geometry": { "type": "Point", "coordinates": [ 515321.031105058966205, 419114.503644105454441 ] } },
{ "type": "Feature", "properties": { "osm_id": "701436399", "name": "Hornsea Two Offshore Wind Farm Substation", "voltage": "400000;220000", "operator": null, "owner": null }, "geometry": { "type": "Point", "coordinates": [ 515059.08805457764538, 419218.823224379157182 ] } },
{ "type": "Feature", "properties": { "osm_id": "313495269", "name": "Eggborough Substation", "voltage": "400000", "operator": "National Grid Electricity Transmission", "owner": null }, "geometry": { "type": "Point", "coordinates": [ 457530.685544067702722, 424473.179829448927194 ] } },
{ "type": "Feature", "properties": { "osm_id": "127184694", "name": "Shrewsbury Substation", "voltage": "400000;132000;33000", "operator": "National Grid", "owner": null }, "geometry": { "type": "Point", "coordinates": [ 353273.736472129065078, 312629.712528809788637 ] } },
{ "type": "Feature", "properties": { "osm_id": "23299657", "name": "Rowdown Substation", "voltage": "400000", "operator": "National Grid", "owner": null }, "geometry": { "type": "Point", "coordinates": [ 539103.62712254060898, 163309.720719637989532 ] } },
{ "type": "Feature", "properties": { "osm_id": "16582436", "name": "Northfleet East Substation", "voltage": "400000;132000", "operator": null, "owner": null }, "geometry": { "type": "Point", "coordinates": [ 562075.864722505910322, 172497.941106267622672 ] } },
{ "type": "Feature", "properties": { "osm_id": "562727179", "name": "Sloy Switching Station", "voltage": "132000", "operator": "SSEN Transmission", "owner": null }, "geometry": { "type": "Point", "coordinates": [ 230970.184438799362397, 709234.541833449271508 ] } },
{ "type": "Feature", "properties": { "osm_id": "307767568", "name": "Whistlefield Substation", "voltage": "132000", "operator": "SP Energy Networks", "owner": null }, "geometry": { "type": "Point", "coordinates": [ 223348.040417404932668, 692176.477288548485376 ] } },
{ "type": "Feature", "properties": { "osm_id": "248561277", "name": null, "voltage": "132000", "operator": null, "owner": null }, "geometry": { "type": "Point", "coordinates": [ 211648.554239541786956, 801867.369909719680436 ] } },
{ "type": "Feature", "properties": { "osm_id": "635229626", "name": "Necton Substation", "voltage": "400000", "operator": "National Grid", "owner": null }, "geometry": { "type": "Point", "coordinates": [ 589041.254379357560538, 310705.776513480639551 ] } },
{ "type": "Feature", "properties": { "osm_id": "553490952", "name": "Rhigos Supergrid Substation", "voltage": "400000;132000", "operator": "National Grid PLC", "owner": null }, "geometry": { "type": "Point", "coordinates": [ 293213.917027471237816, 206485.578210897161625 ] } },
{ "type": "Feature", "properties": { "osm_id": "45087479", "name": "Iron Acton Substation", "voltage": "275000;132000", "operator": null, "owner": null }, "geometry": { "type": "Point", "coordinates": [ 366771.143306427227799, 185733.063468494161498 ] } },
{ "type": "Feature", "properties": { "osm_id": "422486984", "name": "Denny Substation", "voltage": "400000;275000;132000", "operator": "SP Energy Networks", "owner": null }, "geometry": { "type": "Point", "coordinates": [ 282379.73277175007388, 684548.494206942850724 ] } },
{ "type": "Feature", "properties": { "osm_id": "422486984", "name": "Denny Substation", "voltage": "400000;275000;132000", "operator": "SP Energy Networks", "owner": null }, "geometry": { "type": "Point", "coordinates": [ 282379.73277175007388, 684548.494206942850724 ] } },
{ "type": "Feature", "properties": { "osm_id": "32227788", "name": "Norwich Main Substation", "voltage": "400000;132000", "operator": "EDF Energy Networks Ltd.", "owner": null }, "geometry": { "type": "Point", "coordinates": [ 621832.360451568616554, 302387.592262426682282 ] } },
{ "type": "Feature", "properties": { "osm_id": "1389837653", "name": "Yaxley Substation", "voltage": "400000", "operator": "National Grid Electricity Transmission", "owner": null }, "geometry": { "type": "Point", "coordinates": [ 611675.887365049798973, 274972.719122517970391 ] } },
{ "type": "Feature", "properties": { "osm_id": "143219044", "name": null, "voltage": null, "operator": null, "owner": null }, "geometry": { "type": "Point", "coordinates": [ 332955.69516481802566, 571321.09999414649792 ] } },
{ "type": "Feature", "properties": { "osm_id": "10377509", "name": "Gretna Substation", "voltage": "400000;132000", "operator": "SP Energy Networks", "owner": "" }, "geometry": { "type": "Point", "coordinates": [ 332995.485728261992335, 571184.330429147696123 ] } },
{ "type": "Feature", "properties": { "osm_id": "495512692", "name": "Tummel Substation", "voltage": "275000;132000", "operator": "National Grid", "owner": null }, "geometry": { "type": "Point", "coordinates": [ 275904.344977947534062, 759080.571773398318328 ] } },
{ "type": "Feature", "properties": { "osm_id": "89038614", "name": "Eaton Socon substation", "voltage": "400000;132000", "operator": "National Grid Electricty Transmission", "owner": null }, "geometry": { "type": "Point", "coordinates": [ 516135.670583566941787, 258740.711566022480838 ] } },
{ "type": "Feature", "properties": { "osm_id": "1386143667", "name": "Bramford Substation", "voltage": "400000;132000", "operator": "National Grid", "owner": null }, "geometry": { "type": "Point", "coordinates": [ 609898.841314599383622, 245855.241835263033863 ] } },
{ "type": "Feature", "properties": { "osm_id": "313495269", "name": "Eggborough Substation", "voltage": "400000", "operator": "National Grid Electricity Transmission", "owner": null }, "geometry": { "type": "Point", "coordinates": [ 457530.685544067702722, 424473.179829448927194 ] } },
{ "type": "Feature", "properties": { "osm_id": "260300448", "name": "Mark Hill Substation", "voltage": "275000;132000", "operator": "SP Transmission", "owner": null }, "geometry": { "type": "Point", "coordinates": [ 223784.684325704351068, 586080.280833531287499 ] } },
{ "type": "Feature", "properties": { "osm_id": "48876730", "name": "Bridgwater Substation", "voltage": "400000;275000;132000", "operator": "National Grid Electricity Distribution Plc", "owner": "National Grid Electricity Distribution (South West) Plc" }, "geometry": { "type": "Point", "coordinates": [ 332264.32251128758071, 135785.843757298542187 ] } },
{ "type": "Feature", "properties": { "osm_id": "183904046", "name": "West Boldon Substation", "voltage": "275000;66000", "operator": "Northern Powergrid", "owner": null }, "geometry": { "type": "Point", "coordinates": [ 433992.924442517629359, 560730.507303667603992 ] } },
{ "type": "Feature", "properties": { "osm_id": "92260628", "name": "Berkswell Substation", "voltage": "132000", "operator": "National Grid Electricity Distribution", "owner": "National Grid Electricity Distribution (East Midlands) Plc" }, "geometry": { "type": "Point", "coordinates": [ 426393.450924374454189, 276561.314794518460985 ] } },
{ "type": "Feature", "properties": { "osm_id": "92260633", "name": "Berkswell 275kV", "voltage": "275000;132000", "operator": "National Grid", "owner": null }, "geometry": { "type": "Point", "coordinates": [ 426260.866675737896003, 276508.07299033383606 ] } },
{ "type": "Feature", "properties": { "osm_id": "306046718", "name": "Glenfarclas", "voltage": "132000", "operator": null, "owner": null }, "geometry": { "type": "Point", "coordinates": [ 321052.205012390622869, 836942.170864029671066 ] } },
{ "type": "Feature", "properties": { "osm_id": "292471784", "name": "Seabank Substation", "voltage": "400000;132000;33000", "operator": "National Grid Electricity Transmission", "owner": null }, "geometry": { "type": "Point", "coordinates": [ 353611.892423450597562, 182193.980995594814885 ] } },
{ "type": "Feature", "properties": { "osm_id": "143861248", "name": null, "voltage": null, "operator": null, "owner": null }, "geometry": { "type": "Point", "coordinates": [ 193362.849675366131123, 202390.656587028992362 ] } },
{ "type": "Feature", "properties": { "osm_id": "453841591", "name": null, "voltage": "132000", "operator": "Western Power Distribution", "owner": null }, "geometry": { "type": "Point", "coordinates": [ 193594.101919740031008, 202379.991253414482344 ] } },
{ "type": "Feature", "properties": { "osm_id": "13110367", "name": "Pembroke Substation", "voltage": "400000", "operator": "National Grid", "owner": "" }, "geometry": { "type": "Point", "coordinates": [ 193344.722751725988928, 202391.493048584088683 ] } },
{ "type": "Feature", "properties": { "osm_id": "453841591", "name": null, "voltage": "132000", "operator": "Western Power Distribution", "owner": null }, "geometry": { "type": "Point", "coordinates": [ 193594.101919740031008, 202379.991253414482344 ] } },
{ "type": "Feature", "properties": { "osm_id": "143791249", "name": null, "voltage": null, "operator": null, "owner": null }, "geometry": { "type": "Point", "coordinates": [ 193990.52691191440681, 59024.887738462799462 ] } },
{ "type": "Feature", "properties": { "osm_id": "9572254", "name": "Indian Queens Substation", "voltage": "400000;132000", "operator": "National Grid Electricity Transmission", "owner": "" }, "geometry": { "type": "Point", "coordinates": [ 193983.877590082993265, 59023.528249167400645 ] } },
{ "type": "Feature", "properties": { "osm_id": "562727179", "name": "Sloy Switching Station", "voltage": "132000", "operator": "SSEN Transmission", "owner": null }, "geometry": { "type": "Point", "coordinates": [ 230970.184438799362397, 709234.541833449271508 ] } },
{ "type": "Feature", "properties": { "osm_id": "840252662", "name": "Bhlaraidh Substation", "voltage": "132000", "operator": null, "owner": null }, "geometry": { "type": "Point", "coordinates": [ 236973.594547282060375, 820302.800570222781971 ] } },
{ "type": "Feature", "properties": { "osm_id": "182011039", "name": "Ernesettle Substation", "voltage": "132000;33000", "operator": null, "owner": null }, "geometry": { "type": "Point", "coordinates": [ 244657.683358805603348, 60393.005609752668533 ] } },
{ "type": "Feature", "properties": { "osm_id": "118271051", "name": "Braehead Park Substation", "voltage": "132000;33000;11000", "operator": "SP Transmission", "owner": null }, "geometry": { "type": "Point", "coordinates": [ 251143.095525814016582, 667858.620046124560758 ] } },
{ "type": "Feature", "properties": { "osm_id": "118271051", "name": "Braehead Park Substation", "voltage": "132000;33000;11000", "operator": "SP Transmission", "owner": null }, "geometry": { "type": "Point", "coordinates": [ 251143.095525814016582, 667858.620046124560758 ] } },
{ "type": "Feature", "properties": { "osm_id": "677510482", "name": "New Cumnock Substation", "voltage": "275000;132000", "operator": "SP Energy Networks", "owner": null }, "geometry": { "type": "Point", "coordinates": [ 252022.260195548442425, 608090.572105839615688 ] } },
{ "type": "Feature", "properties": { "osm_id": "86071326", "name": "Windyhill Substation", "voltage": "400000;275000;132000", "operator": "SP Energy Networks", "owner": null }, "geometry": { "type": "Point", "coordinates": [ 251597.194598712347215, 673331.150718153920025 ] } },
{ "type": "Feature", "properties": { "osm_id": "183002039", "name": "Kilbowie", "voltage": "132000;33000;11000", "operator": "SP Energy Networks", "owner": null }, "geometry": { "type": "Point", "coordinates": [ 249483.000901360472199, 672158.776749656535685 ] } },
{ "type": "Feature", "properties": { "osm_id": "86071326", "name": "Windyhill Substation", "voltage": "400000;275000;132000", "operator": "SP Energy Networks", "owner": null }, "geometry": { "type": "Point", "coordinates": [ 251597.194598712347215, 673331.150718153920025 ] } },
{ "type": "Feature", "properties": { "osm_id": "183002039", "name": "Kilbowie", "voltage": "132000;33000;11000", "operator": "SP Energy Networks", "owner": null }, "geometry": { "type": "Point", "coordinates": [ 249483.000901360472199, 672158.776749656535685 ] } },
{ "type": "Feature", "properties": { "osm_id": "689625676", "name": "Stronelairg Wind Farm Substation", "voltage": "132000", "operator": null, "owner": null }, "geometry": { "type": "Point", "coordinates": [ 252604.055634961958276, 802944.601059216540307 ] } },
{ "type": "Feature", "properties": { "osm_id": "689626274", "name": "Melgarve Substation", "voltage": "400000;132000", "operator": null, "owner": null }, "geometry": { "type": "Point", "coordinates": [ 250138.701790014543803, 795619.665065940585919 ] } },
{ "type": "Feature", "properties": { "osm_id": "68515955", "name": "Beauly Substation", "voltage": "400000;275000;132000;33000", "operator": "SSEN Transmission", "owner": null }, "geometry": { "type": "Point", "coordinates": [ 250639.966265898343408, 844678.636030336492695 ] } },
{ "type": "Feature", "properties": { "osm_id": "118271051", "name": "Braehead Park Substation", "voltage": "132000;33000;11000", "operator": "SP Transmission", "owner": null }, "geometry": { "type": "Point", "coordinates": [ 251143.095525814016582, 667858.620046124560758 ] } },
{ "type": "Feature", "properties": { "osm_id": "118271051", "name": "Braehead Park Substation", "voltage": "132000;33000;11000", "operator": "SP Transmission", "owner": null }, "geometry": { "type": "Point", "coordinates": [ 251143.095525814016582, 667858.620046124560758 ] } },
{ "type": "Feature", "properties": { "osm_id": "86071326", "name": "Windyhill Substation", "voltage": "400000;275000;132000", "operator": "SP Energy Networks", "owner": null }, "geometry": { "type": "Point", "coordinates": [ 251597.194598712347215, 673331.150718153920025 ] } },
{ "type": "Feature", "properties": { "osm_id": "162124572", "name": "Drumchapel", "voltage": "275000", "operator": "SP Energy Networks", "owner": null }, "geometry": { "type": "Point", "coordinates": [ 253275.07563080789987, 671670.350128959049471 ] } },
{ "type": "Feature", "properties": { "osm_id": "118271051", "name": "Braehead Park Substation", "voltage": "132000;33000;11000", "operator": "SP Transmission", "owner": null }, "geometry": { "type": "Point", "coordinates": [ 251143.095525814016582, 667858.620046124560758 ] } },
{ "type": "Feature", "properties": { "osm_id": "1328249376", "name": "Govan", "voltage": "132000;33000", "operator": "SP Energy Networks", "owner": null }, "geometry": { "type": "Point", "coordinates": [ 255129.640692979475716, 664836.839459281065501 ] } },
{ "type": "Feature", "properties": { "osm_id": "677510482", "name": "New Cumnock Substation", "voltage": "275000;132000", "operator": "SP Energy Networks", "owner": null }, "geometry": { "type": "Point", "coordinates": [ 252022.260195548442425, 608090.572105839615688 ] } },
{ "type": "Feature", "properties": { "osm_id": "34913298", "name": "Barnstaple Substation", "voltage": "132000;33000", "operator": "National Grid Electricity Distribution", "owner": "National Grid Electricity Distribution (South West) Plc" }, "geometry": { "type": "Point", "coordinates": [ 256157.028885302424897, 131808.979156763554784 ] } },
{ "type": "Feature", "properties": { "osm_id": "162124572", "name": "Drumchapel", "voltage": "275000", "operator": "SP Energy Networks", "owner": null }, "geometry": { "type": "Point", "coordinates": [ 253275.07563080789987, 671670.350128959049471 ] } },
{ "type": "Feature", "properties": { "osm_id": "153218288", "name": "Partick Substation", "voltage": "132000", "operator": "SP Transmission", "owner": null }, "geometry": { "type": "Point", "coordinates": [ 255160.579780513624428, 666474.922690485836938 ] } },
{ "type": "Feature", "properties": { "osm_id": "153218292", "name": null, "voltage": "132000", "operator": "SP Energy Networks", "owner": null }, "geometry": { "type": "Point", "coordinates": [ 255182.648426746745827, 666464.442329509416595 ] } },
{ "type": "Feature", "properties": { "osm_id": "153218288", "name": "Partick Substation", "voltage": "132000", "operator": "SP Transmission", "owner": null }, "geometry": { "type": "Point", "coordinates": [ 255160.579780513624428, 666474.922690485836938 ] } },
{ "type": "Feature", "properties": { "osm_id": "153218292", "name": null, "voltage": "132000", "operator": "SP Energy Networks", "owner": null }, "geometry": { "type": "Point", "coordinates": [ 255182.648426746745827, 666464.442329509416595 ] } },
{ "type": "Feature", "properties": { "osm_id": "1328249376", "name": "Govan", "voltage": "132000;33000", "operator": "SP Energy Networks", "owner": null }, "geometry": { "type": "Point", "coordinates": [ 255129.640692979475716, 664836.839459281065501 ] } },
{ "type": "Feature", "properties": { "osm_id": "153218288", "name": "Partick Substation", "voltage": "132000", "operator": "SP Transmission", "owner": null }, "geometry": { "type": "Point", "coordinates": [ 255160.579780513624428, 666474.922690485836938 ] } },
{ "type": "Feature", "properties": { "osm_id": "153218292", "name": null, "voltage": "132000", "operator": "SP Energy Networks", "owner": null }, "geometry": { "type": "Point", "coordinates": [ 255182.648426746745827, 666464.442329509416595 ] } },
{ "type": "Feature", "properties": { "osm_id": "1463563663", "name": "Finnieston Substation", "voltage": "132000;33000", "operator": "SP Transmission", "owner": null }, "geometry": { "type": "Point", "coordinates": [ 257023.616390588984359, 665722.724543093820103 ] } },
{ "type": "Feature", "properties": { "osm_id": "130870161", "name": "Killin Substation", "voltage": "132000", "operator": "Scottish and Southern Electricity Networks", "owner": null }, "geometry": { "type": "Point", "coordinates": [ 256622.195902367209783, 734084.929600046016276 ] } },
{ "type": "Feature", "properties": { "osm_id": "689624522", "name": "Farigaig Substation", "voltage": "275000;132000", "operator": "SSEN Transmission", "owner": null }, "geometry": { "type": "Point", "coordinates": [ 257085.450183026929153, 827717.679658258450218 ] } },
{ "type": "Feature", "properties": { "osm_id": "689624522", "name": "Farigaig Substation", "voltage": "275000;132000", "operator": "SSEN Transmission", "owner": null }, "geometry": { "type": "Point", "coordinates": [ 257085.450183026929153, 827717.679658258450218 ] } },
{ "type": "Feature", "properties": { "osm_id": "102147592", "name": "Charlotte Street Substation", "voltage": "275000;33000", "operator": "SP Energy Networks", "owner": null }, "geometry": { "type": "Point", "coordinates": [ 259898.699961221340345, 664714.076130515197292 ] } },
{ "type": "Feature", "properties": { "osm_id": "119315557", "name": "Dalmarnock", "voltage": "275000;132000;33000", "operator": "SP Energy Networks", "owner": null }, "geometry": { "type": "Point", "coordinates": [ 262080.356130396190565, 662440.125323954271153 ] } },
{ "type": "Feature", "properties": { "osm_id": "119315557", "name": "Dalmarnock", "voltage": "275000;132000;33000", "operator": "SP Energy Networks", "owner": null }, "geometry": { "type": "Point", "coordinates": [ 262080.356130396190565, 662440.125323954271153 ] } },
{ "type": "Feature", "properties": { "osm_id": "119315557", "name": "Dalmarnock", "voltage": "275000;132000;33000", "operator": "SP Energy Networks", "owner": null }, "geometry": { "type": "Point", "coordinates": [ 262080.356130396190565, 662440.125323954271153 ] } },
{ "type": "Feature", "properties": { "osm_id": "305627323", "name": "Alness Substation", "voltage": "132000;33000", "operator": "SSEN Transmission", "owner": null }, "geometry": { "type": "Point", "coordinates": [ 264574.816306480031926, 870990.8273771883687 ] } },
{ "type": "Feature", "properties": { "osm_id": "630939126", "name": "Fyrish Substation", "voltage": "275000;132000", "operator": "SSEN Transmission", "owner": null }, "geometry": { "type": "Point", "coordinates": [ 263031.483485476230271, 869989.776594562106766 ] } },
{ "type": "Feature", "properties": { "osm_id": "820229174", "name": "Knocknagael Substation", "voltage": "275000;132000", "operator": "SSEN Transmission", "owner": null }, "geometry": { "type": "Point", "coordinates": [ 265241.063897590676788, 839074.527927256072871 ] } },
{ "type": "Feature", "properties": { "osm_id": "26938722", "name": "Abham Substation", "voltage": "400000;132000", "operator": null, "owner": null }, "geometry": { "type": "Point", "coordinates": [ 277301.797133642015979, 64966.030520136700943 ] } },
{ "type": "Feature", "properties": { "osm_id": "26938722", "name": "Abham Substation", "voltage": "400000;132000", "operator": null, "owner": null }, "geometry": { "type": "Point", "coordinates": [ 277301.797133642015979, 64966.030520136700943 ] } },
{ "type": "Feature", "properties": { "osm_id": "143383456", "name": "Coalburn Substation", "voltage": "400000;132000", "operator": "SP Transmission", "owner": null }, "geometry": { "type": "Point", "coordinates": [ 282486.186568051460199, 637330.57685977127403 ] } },
{ "type": "Feature", "properties": { "osm_id": "553490952", "name": "Rhigos Supergrid Substation", "voltage": "400000;132000", "operator": "National Grid PLC", "owner": null }, "geometry": { "type": "Point", "coordinates": [ 293213.917027471237816, 206485.578210897161625 ] } },
{ "type": "Feature", "properties": { "osm_id": "91096498", "name": "Boat of Garten Substation", "voltage": "132000", "operator": null, "owner": null }, "geometry": { "type": "Point", "coordinates": [ 295609.143428669660352, 819433.605234129470773 ] } },
{ "type": "Feature", "properties": { "osm_id": "280317944", "name": "Bodelwyddan Substation", "voltage": "400000;132000", "operator": "National Grid", "owner": null }, "geometry": { "type": "Point", "coordinates": [ 301739.838476160541177, 373566.88118696474703 ] } },
{ "type": "Feature", "properties": { "osm_id": "91096498", "name": "Boat of Garten Substation", "voltage": "132000", "operator": null, "owner": null }, "geometry": { "type": "Point", "coordinates": [ 295609.143428669660352, 819433.605234129470773 ] } },
{ "type": "Feature", "properties": { "osm_id": "222987687", "name": "Cardiff East Grid Substation", "voltage": "275000;132000;11000", "operator": "National Grid Electricity Distribution Plc", "owner": null }, "geometry": { "type": "Point", "coordinates": [ 320587.907198147964664, 177978.303240074834321 ] } },
{ "type": "Feature", "properties": { "osm_id": "222987687", "name": "Cardiff East Grid Substation", "voltage": "275000;132000;11000", "operator": "National Grid Electricity Distribution Plc", "owner": null }, "geometry": { "type": "Point", "coordinates": [ 320587.907198147964664, 177978.303240074834321 ] } },
{ "type": "Feature", "properties": { "osm_id": "89893627", "name": "Elgin Grid Supply Point", "voltage": "132000;33000", "operator": "SSEN Transmission", "owner": null }, "geometry": { "type": "Point", "coordinates": [ 321277.996206466108561, 864641.725943315192126 ] } },
{ "type": "Feature", "properties": { "osm_id": "1263085225", "name": null, "voltage": "132000", "operator": null, "owner": null }, "geometry": { "type": "Point", "coordinates": [ 320002.974113416450564, 864114.264472523820587 ] } },
{ "type": "Feature", "properties": { "osm_id": "222987687", "name": "Cardiff East Grid Substation", "voltage": "275000;132000;11000", "operator": "National Grid Electricity Distribution Plc", "owner": null }, "geometry": { "type": "Point", "coordinates": [ 320587.907198147964664, 177978.303240074834321 ] } },
{ "type": "Feature", "properties": { "osm_id": "42439512", "name": "Newport West Primary Substation", "voltage": "132000;11000", "operator": "National Grid Electricity Distribution Plc", "owner": "National Grid Electricity Distribution (South Wales) Plc" }, "geometry": { "type": "Point", "coordinates": [ 330456.410190818831325, 185826.301145152305253 ] } },
{ "type": "Feature", "properties": { "osm_id": "22973936", "name": null, "voltage": "132000;33000", "operator": null, "owner": null }, "geometry": { "type": "Point", "coordinates": [ 336066.972468517662492, 374755.485463253455237 ] } },
{ "type": "Feature", "properties": { "osm_id": "23164132", "name": "Capenhurst Substation", "voltage": "400000;275000;132000", "operator": "National Grid Electricity Transmission", "owner": null }, "geometry": { "type": "Point", "coordinates": [ 336915.523849893594161, 374918.59229106863495 ] } },
{ "type": "Feature", "properties": { "osm_id": "632680585", "name": "Glenagnes", "voltage": "132000", "operator": null, "owner": null }, "geometry": { "type": "Point", "coordinates": [ 338681.212939132179599, 730404.283273683860898 ] } },
{ "type": "Feature", "properties": { "osm_id": "632680585", "name": "Glenagnes", "voltage": "132000", "operator": null, "owner": null }, "geometry": { "type": "Point", "coordinates": [ 338681.212939132179599, 730404.283273683860898 ] } },
{ "type": "Feature", "properties": { "osm_id": "88816525", "name": "Milton of Craigie", "voltage": "132000;33000", "operator": null, "owner": null }, "geometry": { "type": "Point", "coordinates": [ 343128.245899311383255, 731839.242249697679654 ] } },
{ "type": "Feature", "properties": { "osm_id": "632680585", "name": "Glenagnes", "voltage": "132000", "operator": null, "owner": null }, "geometry": { "type": "Point", "coordinates": [ 338681.212939132179599, 730404.283273683860898 ] } },
{ "type": "Feature", "properties": { "osm_id": "632685253", "name": "Dudhope", "voltage": "132000", "operator": null, "owner": null }, "geometry": { "type": "Point", "coordinates": [ 339816.478972495882772, 730548.562730269157328 ] } },
{ "type": "Feature", "properties": { "osm_id": "166703766", "name": "Blackhillock Substation", "voltage": "400000;275000;132000", "operator": null, "owner": null }, "geometry": { "type": "Point", "coordinates": [ 343304.757129852136131, 848510.652236371999606 ] } },
{ "type": "Feature", "properties": { "osm_id": "123881831", "name": "Portishead Substation", "voltage": "132000", "operator": null, "owner": null }, "geometry": { "type": "Point", "coordinates": [ 348373.887958535633516, 176928.704679394315463 ] } },
{ "type": "Feature", "properties": { "osm_id": "274887677", "name": "Ince Substation", "voltage": "132000", "operator": null, "owner": null }, "geometry": { "type": "Point", "coordinates": [ 345992.825560239085462, 375957.960613276518416 ] } },
{ "type": "Feature", "properties": { "osm_id": "293583855", "name": null, "voltage": "33000", "operator": null, "owner": null }, "geometry": { "type": "Point", "coordinates": [ 345882.192189301189501, 375882.749273841327522 ] } },
{ "type": "Feature", "properties": { "osm_id": "367005272", "name": "Rainhill Substation", "voltage": "275000;132000", "operator": null, "owner": null }, "geometry": { "type": "Point", "coordinates": [ 351028.994209456723183, 391853.655409755418077 ] } },
{ "type": "Feature", "properties": { "osm_id": "292471784", "name": "Seabank Substation", "voltage": "400000;132000;33000", "operator": "National Grid Electricity Transmission", "owner": null }, "geometry": { "type": "Point", "coordinates": [ 353611.892423450597562, 182193.980995594814885 ] } },
{ "type": "Feature", "properties": { "osm_id": "1416074698", "name": null, "voltage": "400000", "operator": null, "owner": null }, "geometry": { "type": "Point", "coordinates": [ 353744.466113477654289, 182522.437489986943547 ] } },
{ "type": "Feature", "properties": { "osm_id": "217158660", "name": "Moore Substation", "voltage": "132000", "operator": "Scottish Power", "owner": null }, "geometry": { "type": "Point", "coordinates": [ 355787.481674090435263, 383227.520174007921014 ] } },
{ "type": "Feature", "properties": { "osm_id": "42563131", "name": null, "voltage": null, "operator": null, "owner": null }, "geometry": { "type": "Point", "coordinates": [ 360902.466188015590888, 172313.773655916622374 ] } },
{ "type": "Feature", "properties": { "osm_id": "940955392", "name": null, "voltage": null, "operator": null, "owner": null }, "geometry": { "type": "Point", "coordinates": [ 360688.529713948373683, 172448.000553142977878 ] } },
{ "type": "Feature", "properties": { "osm_id": "42563131", "name": null, "voltage": null, "operator": null, "owner": null }, "geometry": { "type": "Point", "coordinates": [ 360902.466188015590888, 172313.773655916622374 ] } },
{ "type": "Feature", "properties": { "osm_id": "940955392", "name": null, "voltage": null, "operator": null, "owner": null }, "geometry": { "type": "Point", "coordinates": [ 360688.529713948373683, 172448.000553142977878 ] } },
{ "type": "Feature", "properties": { "osm_id": "42563131", "name": null, "voltage": null, "operator": null, "owner": null }, "geometry": { "type": "Point", "coordinates": [ 360902.466188015590888, 172313.773655916622374 ] } },
{ "type": "Feature", "properties": { "osm_id": "940955392", "name": null, "voltage": null, "operator": null, "owner": null }, "geometry": { "type": "Point", "coordinates": [ 360688.529713948373683, 172448.000553142977878 ] } },
{ "type": "Feature", "properties": { "osm_id": "58117934", "name": "Bradley Stoke Substation", "voltage": "132000;33000", "operator": "National Grid Electricity Distribution Plc", "owner": "National Grid Electricity Distribution (South West) Plc" }, "geometry": { "type": "Point", "coordinates": [ 361262.881363047752529, 183316.141532931476831 ] } },
{ "type": "Feature", "properties": { "osm_id": "262523325", "name": "Crystal Rig Substation", "voltage": "400000;132000;33000", "operator": "SP Energy Networks", "owner": null }, "geometry": { "type": "Point", "coordinates": [ 366361.910303574986756, 669242.092673947801813 ] } },
{ "type": "Feature", "properties": { "osm_id": "103915331", "name": "Chipping Sodbury Substation", "voltage": "132000", "operator": null, "owner": null }, "geometry": { "type": "Point", "coordinates": [ 371505.948769697220996, 183841.377032327582128 ] } },
{ "type": "Feature", "properties": { "osm_id": "241491759", "name": "Fetteresso Substation", "voltage": "275000;132000", "operator": "SSEN Transmission", "owner": null }, "geometry": { "type": "Point", "coordinates": [ 378981.630530121037737, 785967.101305554737337 ] } },
{ "type": "Feature", "properties": { "osm_id": "552551706", "name": "Carrington 400kV GIS", "voltage": "400000", "operator": "NGET", "owner": null }, "geometry": { "type": "Point", "coordinates": [ 372998.114337017061189, 393313.693965276819654 ] } },
{ "type": "Feature", "properties": { "osm_id": "111550033", "name": "Torness Substation", "voltage": "400000", "operator": null, "owner": null }, "geometry": { "type": "Point", "coordinates": [ 374484.030974962690379, 674874.216668907552958 ] } },
{ "type": "Feature", "properties": { "osm_id": "118821349", "name": "Kintore Grid Supply Point", "voltage": "275000;132000", "operator": "SSEN Transmission", "owner": null }, "geometry": { "type": "Point", "coordinates": [ 377061.710955875867512, 814278.376779444864951 ] } },
{ "type": "Feature", "properties": { "osm_id": "1263000218", "name": "Kintore Grid Supply Point", "voltage": "132000;33000", "operator": "SSEN Transmission", "owner": null }, "geometry": { "type": "Point", "coordinates": [ 377158.262166797823738, 814331.75683404749725 ] } },
{ "type": "Feature", "properties": { "osm_id": "940757360", "name": "Port Ham Substation", "voltage": "132000", "operator": "National Grid Electricity Distribution", "owner": "National Grid Electricity Distribution (West Midlands) Plc" }, "geometry": { "type": "Point", "coordinates": [ 381768.814652636065148, 219264.542565781914163 ] } },
{ "type": "Feature", "properties": { "osm_id": "940757360", "name": "Port Ham Substation", "voltage": "132000", "operator": "National Grid Electricity Distribution", "owner": "National Grid Electricity Distribution (West Midlands) Plc" }, "geometry": { "type": "Point", "coordinates": [ 381768.814652636065148, 219264.542565781914163 ] } },
{ "type": "Feature", "properties": { "osm_id": "96067520", "name": "Bishops Wood Substation", "voltage": "275000;132000", "operator": "National Grid Electricity Transmission", "owner": null }, "geometry": { "type": "Point", "coordinates": [ 383579.46154739742633, 268280.713062253023963 ] } },
{ "type": "Feature", "properties": { "osm_id": "96067520", "name": "Bishops Wood Substation", "voltage": "275000;132000", "operator": "National Grid Electricity Transmission", "owner": null }, "geometry": { "type": "Point", "coordinates": [ 383579.46154739742633, 268280.713062253023963 ] } },
{ "type": "Feature", "properties": { "osm_id": "96067520", "name": "Bishops Wood Substation", "voltage": "275000;132000", "operator": "National Grid Electricity Transmission", "owner": null }, "geometry": { "type": "Point", "coordinates": [ 383579.46154739742633, 268280.713062253023963 ] } },
{ "type": "Feature", "properties": { "osm_id": "249373559", "name": "Burslem Substation", "voltage": "132000", "operator": null, "owner": null }, "geometry": { "type": "Point", "coordinates": [ 386546.655768938944675, 350401.108277714229189 ] } },
{ "type": "Feature", "properties": { "osm_id": "94482046", "name": null, "voltage": null, "operator": null, "owner": null }, "geometry": { "type": "Point", "coordinates": [ 388147.175072311132681, 353582.444772353861481 ] } },
{ "type": "Feature", "properties": { "osm_id": "94482048", "name": null, "voltage": null, "operator": null, "owner": null }, "geometry": { "type": "Point", "coordinates": [ 388168.324687548389193, 353548.25851542968303 ] } },
{ "type": "Feature", "properties": { "osm_id": "249373559", "name": "Burslem Substation", "voltage": "132000", "operator": null, "owner": null }, "geometry": { "type": "Point", "coordinates": [ 386546.655768938944675, 350401.108277714229189 ] } },
{ "type": "Feature", "properties": { "osm_id": "249373559", "name": "Burslem Substation", "voltage": "132000", "operator": null, "owner": null }, "geometry": { "type": "Point", "coordinates": [ 386546.655768938944675, 350401.108277714229189 ] } },
{ "type": "Feature", "properties": { "osm_id": "52979467", "name": "Dyce Grid Supply Point", "voltage": "132000;33000", "operator": "SSEN Transmission", "owner": null }, "geometry": { "type": "Point", "coordinates": [ 388627.117567774490453, 813908.277963885222562 ] } },
{ "type": "Feature", "properties": { "osm_id": "156783292", "name": "Cheltenham substation", "voltage": "132000;66000;11000", "operator": "National Grid Electricity Distribution", "owner": "National Grid Electricity Distribution (West Midlands) Plc" }, "geometry": { "type": "Point", "coordinates": [ 391805.725973662047181, 223341.004968405643012 ] } },
{ "type": "Feature", "properties": { "osm_id": "92221420", "name": "Bushbury 'D' Substation", "voltage": "275000;132000", "operator": "National Grid", "owner": null }, "geometry": { "type": "Point", "coordinates": [ 392344.856410512700677, 304294.51164566364605 ] } },
{ "type": "Feature", "properties": { "osm_id": "203880166", "name": "Willenhall Substation", "voltage": "132000;33000;11000", "operator": "National Grid Electricity Distribution", "owner": "National Grid Electricity Distribution (West Midlands) Plc" }, "geometry": { "type": "Point", "coordinates": [ 396027.128426208393648, 297631.372352570062503 ] } },
{ "type": "Feature", "properties": { "osm_id": "129407052", "name": "Redmoss Grid Supply Point", "voltage": "132000;33000", "operator": "Scottish and Southern Electricity Networks", "owner": null }, "geometry": { "type": "Point", "coordinates": [ 394548.518136891769245, 801947.458878442994319 ] } },
{ "type": "Feature", "properties": { "osm_id": "633696448", "name": "Clayhills Grid Supply Point", "voltage": "132000;33000", "operator": "Scottish and Southern Electricity Networks", "owner": null }, "geometry": { "type": "Point", "coordinates": [ 394126.54474101762753, 805473.729464269941673 ] } },
{ "type": "Feature", "properties": { "osm_id": "167621580", "name": "Oldbury A Transmission Compound (Oldbury Substation)", "voltage": "400000;275000;132000", "operator": "National Grid Electricity Transmission", "owner": null }, "geometry": { "type": "Point", "coordinates": [ 398537.522944865515456, 288972.135245006938931 ] } },
{ "type": "Feature", "properties": { "osm_id": "95159241", "name": null, "voltage": null, "operator": null, "owner": null }, "geometry": { "type": "Point", "coordinates": [ 397155.985726732586045, 399445.88286098750541 ] } },
{ "type": "Feature", "properties": { "osm_id": "9598269", "name": "Stalybridge Substation", "voltage": "400000;275000", "operator": "National Grid Electricity Transmission", "owner": "" }, "geometry": { "type": "Point", "coordinates": [ 397066.275546078046318, 399349.829618546878919 ] } },
{ "type": "Feature", "properties": { "osm_id": "95159241", "name": null, "voltage": null, "operator": null, "owner": null }, "geometry": { "type": "Point", "coordinates": [ 397155.985726732586045, 399445.88286098750541 ] } },
{ "type": "Feature", "properties": { "osm_id": "9598269", "name": "Stalybridge Substation", "voltage": "400000;275000", "operator": "National Grid Electricity Transmission", "owner": "" }, "geometry": { "type": "Point", "coordinates": [ 397066.275546078046318, 399349.829618546878919 ] } },
{ "type": "Feature", "properties": { "osm_id": "28194931", "name": "Kitwell Substation", "voltage": "275000;132000", "operator": "National Grid Electricity Transmission", "owner": null }, "geometry": { "type": "Point", "coordinates": [ 399181.691250853298698, 281456.258909133030102 ] } },
{ "type": "Feature", "properties": { "osm_id": "28194931", "name": "Kitwell Substation", "voltage": "275000;132000", "operator": "National Grid Electricity Transmission", "owner": null }, "geometry": { "type": "Point", "coordinates": [ 399181.691250853298698, 281456.258909133030102 ] } },
{ "type": "Feature", "properties": { "osm_id": "268640770", "name": "Wallsall Substation", "voltage": "132000;33000", "operator": null, "owner": null }, "geometry": { "type": "Point", "coordinates": [ 400043.02586078515742, 299995.179455150966533 ] } },
{ "type": "Feature", "properties": { "osm_id": "31545125", "name": "Bustleholme Substation", "voltage": "400000;275000;132000", "operator": "National Grid", "owner": null }, "geometry": { "type": "Point", "coordinates": [ 402702.285955800965894, 295027.467498623998836 ] } },
{ "type": "Feature", "properties": { "osm_id": "31545125", "name": "Bustleholme Substation", "voltage": "400000;275000;132000", "operator": "National Grid", "owner": null }, "geometry": { "type": "Point", "coordinates": [ 402702.285955800965894, 295027.467498623998836 ] } },
{ "type": "Feature", "properties": { "osm_id": "31545125", "name": "Bustleholme Substation", "voltage": "400000;275000;132000", "operator": "National Grid", "owner": null }, "geometry": { "type": "Point", "coordinates": [ 402702.285955800965894, 295027.467498623998836 ] } },
{ "type": "Feature", "properties": { "osm_id": "94543520", "name": "Perry Barr Substation", "voltage": "275000;132000;11000", "operator": null, "owner": null }, "geometry": { "type": "Point", "coordinates": [ 407149.044042897759937, 292135.212474914616905 ] } },
{ "type": "Feature", "properties": { "osm_id": "31545125", "name": "Bustleholme Substation", "voltage": "400000;275000;132000", "operator": "National Grid", "owner": null }, "geometry": { "type": "Point", "coordinates": [ 402702.285955800965894, 295027.467498623998836 ] } },
{ "type": "Feature", "properties": { "osm_id": "142841192", "name": "Bradford West Substation", "voltage": "400000;275000;132000", "operator": "National Grid", "owner": null }, "geometry": { "type": "Point", "coordinates": [ 408925.356679163814988, 434908.797825001296587 ] } },
{ "type": "Feature", "properties": { "osm_id": "23494515", "name": "Nechells East Transmission Substation", "voltage": "275000;132000", "operator": "National Grid Electricity Transmission", "owner": null }, "geometry": { "type": "Point", "coordinates": [ 410210.1440884086187, 289889.574463340104558 ] } },
{ "type": "Feature", "properties": { "osm_id": "142742169", "name": "Lichfield Substation", "voltage": "132000;11000", "operator": "National Grid Electricity Distribution Plc", "owner": "National Grid Electricity Distribution (West Midlands) Plc" }, "geometry": { "type": "Point", "coordinates": [ 412435.075742081622593, 311165.537172183801886 ] } },
{ "type": "Feature", "properties": { "osm_id": "164380199", "name": "Elland Substation", "voltage": "275000;132000", "operator": null, "owner": null }, "geometry": { "type": "Point", "coordinates": [ 411784.209716985176783, 422016.441354054491967 ] } },
{ "type": "Feature", "properties": { "osm_id": "121662685", "name": "Stella North Substation", "voltage": "132000", "operator": null, "owner": null }, "geometry": { "type": "Point", "coordinates": [ 417725.742767929681577, 564859.554666929529049 ] } },
{ "type": "Feature", "properties": { "osm_id": "58495649", "name": null, "voltage": null, "operator": null, "owner": null }, "geometry": { "type": "Point", "coordinates": [ 419859.106363145983778, 292357.809234616812319 ] } },
{ "type": "Feature", "properties": { "osm_id": "1002774659", "name": null, "voltage": null, "operator": null, "owner": null }, "geometry": { "type": "Point", "coordinates": [ 419852.690344173111953, 292250.637635253602639 ] } },
{ "type": "Feature", "properties": { "osm_id": "1002774660", "name": null, "voltage": null, "operator": null, "owner": null }, "geometry": { "type": "Point", "coordinates": [ 419949.924098558723927, 292259.785811050853226 ] } },
{ "type": "Feature", "properties": { "osm_id": "1002774661", "name": null, "voltage": null, "operator": null, "owner": null }, "geometry": { "type": "Point", "coordinates": [ 419789.503057282301597, 292190.401781249849591 ] } },
{ "type": "Feature", "properties": { "osm_id": "25492769", "name": "Kirkstall A", "voltage": "275000;132000", "operator": "National Grid Electricity Transmission", "owner": null }, "geometry": { "type": "Point", "coordinates": [ 426568.402052297547925, 434518.822745057288557 ] } },
{ "type": "Feature", "properties": { "osm_id": "92260628", "name": "Berkswell Substation", "voltage": "132000", "operator": "National Grid Electricity Distribution", "owner": "National Grid Electricity Distribution (East Midlands) Plc" }, "geometry": { "type": "Point", "coordinates": [ 426393.450924374454189, 276561.314794518460985 ] } },
{ "type": "Feature", "properties": { "osm_id": "92260633", "name": "Berkswell 275kV", "voltage": "275000;132000", "operator": "National Grid", "owner": null }, "geometry": { "type": "Point", "coordinates": [ 426260.866675737896003, 276508.07299033383606 ] } },
{ "type": "Feature", "properties": { "osm_id": "92260628", "name": "Berkswell Substation", "voltage": "132000", "operator": "National Grid Electricity Distribution", "owner": "National Grid Electricity Distribution (East Midlands) Plc" }, "geometry": { "type": "Point", "coordinates": [ 426393.450924374454189, 276561.314794518460985 ] } },
{ "type": "Feature", "properties": { "osm_id": "92260633", "name": "Berkswell 275kV", "voltage": "275000;132000", "operator": "National Grid", "owner": null }, "geometry": { "type": "Point", "coordinates": [ 426260.866675737896003, 276508.07299033383606 ] } },
{ "type": "Feature", "properties": { "osm_id": "96630594", "name": "Tynemouth Substation", "voltage": "275000", "operator": "National Grid", "owner": null }, "geometry": { "type": "Point", "coordinates": [ 432060.631679185782559, 570018.359459640341811 ] } },
{ "type": "Feature", "properties": { "osm_id": "208762837", "name": "Whitley Substation", "voltage": "132000;33000;11000", "operator": null, "owner": null }, "geometry": { "type": "Point", "coordinates": [ 435299.963131979864556, 277407.676910358888563 ] } },
{ "type": "Feature", "properties": { "osm_id": "25406607", "name": null, "voltage": null, "operator": null, "owner": null }, "geometry": { "type": "Point", "coordinates": [ 433294.92444124573376, 431322.296667199931107 ] } },
{ "type": "Feature", "properties": { "osm_id": "10925187", "name": "Skelton Grange", "voltage": "275000", "operator": "National Grid", "owner": "" }, "geometry": { "type": "Point", "coordinates": [ 433294.92444124573376, 431322.296667199931107 ] } },
{ "type": "Feature", "properties": { "osm_id": "181444081", "name": "Derby Substation", "voltage": "132000;33000;11000", "operator": "National Grid Electricity Distribution", "owner": "National Grid Electricity Distribution (East Midlands) Plc" }, "geometry": { "type": "Point", "coordinates": [ 435300.319902466784697, 336613.825788041576743 ] } },
{ "type": "Feature", "properties": { "osm_id": "96630594", "name": "Tynemouth Substation", "voltage": "275000", "operator": "National Grid", "owner": null }, "geometry": { "type": "Point", "coordinates": [ 432060.631679185782559, 570018.359459640341811 ] } },
{ "type": "Feature", "properties": { "osm_id": "96630594", "name": "Tynemouth Substation", "voltage": "275000", "operator": "National Grid", "owner": null }, "geometry": { "type": "Point", "coordinates": [ 432060.631679185782559, 570018.359459640341811 ] } },
{ "type": "Feature", "properties": { "osm_id": "25406607", "name": null, "voltage": null, "operator": null, "owner": null }, "geometry": { "type": "Point", "coordinates": [ 433294.92444124573376, 431322.296667199931107 ] } },
{ "type": "Feature", "properties": { "osm_id": "10925187", "name": "Skelton Grange", "voltage": "275000", "operator": "National Grid", "owner": "" }, "geometry": { "type": "Point", "coordinates": [ 433294.92444124573376, 431322.296667199931107 ] } },
{ "type": "Feature", "properties": { "osm_id": "43472283", "name": "Norton Substation", "voltage": "400000;132000", "operator": null, "owner": null }, "geometry": { "type": "Point", "coordinates": [ 441148.988031535875052, 522077.485184908378869 ] } },
{ "type": "Feature", "properties": { "osm_id": "123085620", "name": "Bowesfield", "voltage": "132000;33000", "operator": "Northern Powergrid", "owner": null }, "geometry": { "type": "Point", "coordinates": [ 444159.552621126116719, 517700.852613545837812 ] } },
{ "type": "Feature", "properties": { "osm_id": "101082325", "name": "West Melton Substation", "voltage": "132000", "operator": "Northern Powergrid", "owner": null }, "geometry": { "type": "Point", "coordinates": [ 441310.93687379185576, 400755.198973066871986 ] } },
{ "type": "Feature", "properties": { "osm_id": "211549457", "name": "West Melton Substation", "voltage": "275000", "operator": "National Grid Electricity Transmission", "owner": null }, "geometry": { "type": "Point", "coordinates": [ 441422.745753651426639, 400717.686261327762622 ] } },
{ "type": "Feature", "properties": { "osm_id": "1052075643", "name": "Bramham", "voltage": "132000;33000", "operator": "Northern Powergrid", "owner": null }, "geometry": { "type": "Point", "coordinates": [ 444286.074090946058277, 441957.171605112031102 ] } },
{ "type": "Feature", "properties": { "osm_id": "143076692", "name": "Langley Substation", "voltage": "132000;33000", "operator": null, "owner": null }, "geometry": { "type": "Point", "coordinates": [ 445185.432864106609486, 101371.926905766042182 ] } },
{ "type": "Feature", "properties": { "osm_id": "467813693", "name": null, "voltage": null, "operator": null, "owner": null }, "geometry": { "type": "Point", "coordinates": [ 447272.720236570574343, 102651.542260926216841 ] } },
{ "type": "Feature", "properties": { "osm_id": "467813696", "name": null, "voltage": null, "operator": null, "owner": null }, "geometry": { "type": "Point", "coordinates": [ 447337.498192789207678, 102567.700360445538536 ] } },
{ "type": "Feature", "properties": { "osm_id": "467813699", "name": null, "voltage": null, "operator": null, "owner": null }, "geometry": { "type": "Point", "coordinates": [ 447393.368140407837927, 102678.460597909986973 ] } },
{ "type": "Feature", "properties": { "osm_id": "9409219", "name": "Fawley Substation", "voltage": "400000", "operator": "National Grid", "owner": "" }, "geometry": { "type": "Point", "coordinates": [ 447390.260138990124688, 102682.699161111697322 ] } },
{ "type": "Feature", "properties": { "osm_id": "25406532", "name": "Ferrybridge B Substation", "voltage": "132000", "operator": null, "owner": null }, "geometry": { "type": "Point", "coordinates": [ 447728.683520544262137, 425316.097422277089208 ] } },
{ "type": "Feature", "properties": { "osm_id": "25406532", "name": "Ferrybridge B Substation", "voltage": "132000", "operator": null, "owner": null }, "geometry": { "type": "Point", "coordinates": [ 447728.683520544262137, 425316.097422277089208 ] } },
{ "type": "Feature", "properties": { "osm_id": "671616609", "name": "Ferrybridge A Substation", "voltage": "66000", "operator": null, "owner": null }, "geometry": { "type": "Point", "coordinates": [ 448155.557979739154689, 425027.568521553301252 ] } },
{ "type": "Feature", "properties": { "osm_id": "671616610", "name": null, "voltage": "275000", "operator": null, "owner": null }, "geometry": { "type": "Point", "coordinates": [ 448090.971009233267978, 425062.550825542653911 ] } },
{ "type": "Feature", "properties": { "osm_id": "116297668", "name": null, "voltage": null, "operator": "Western Power Distribution", "owner": null }, "geometry": { "type": "Point", "coordinates": [ 450409.614500033785589, 329798.078196821850725 ] } },
{ "type": "Feature", "properties": { "osm_id": "315965846", "name": null, "voltage": null, "operator": null, "owner": null }, "geometry": { "type": "Point", "coordinates": [ 450178.48138684820151, 329689.305560577078722 ] } },
{ "type": "Feature", "properties": { "osm_id": "116297668", "name": null, "voltage": null, "operator": "Western Power Distribution", "owner": null }, "geometry": { "type": "Point", "coordinates": [ 450409.614500033785589, 329798.078196821850725 ] } },
{ "type": "Feature", "properties": { "osm_id": "116297668", "name": null, "voltage": null, "operator": "Western Power Distribution", "owner": null }, "geometry": { "type": "Point", "coordinates": [ 450409.614500033785589, 329798.078196821850725 ] } },
{ "type": "Feature", "properties": { "osm_id": "116297668", "name": null, "voltage": null, "operator": "Western Power Distribution", "owner": null }, "geometry": { "type": "Point", "coordinates": [ 450409.614500033785589, 329798.078196821850725 ] } },
{ "type": "Feature", "properties": { "osm_id": "90534270", "name": "Enderby Substation", "voltage": "400000;132000", "operator": "National Grid Electricity Transmission", "owner": null }, "geometry": { "type": "Point", "coordinates": [ 453156.735409969463944, 300272.180551428813487 ] } },
{ "type": "Feature", "properties": { "osm_id": "32796576", "name": "Bramley Substation", "voltage": "400000;132000", "operator": "National Grid", "owner": null }, "geometry": { "type": "Point", "coordinates": [ 464375.548062455491163, 160092.931227565859444 ] } },
{ "type": "Feature", "properties": { "osm_id": "218946028", "name": "Nottingham North Substation", "voltage": "132000;33000;11000", "operator": null, "owner": null }, "geometry": { "type": "Point", "coordinates": [ 455599.456750058277976, 342671.086650252051186 ] } },
{ "type": "Feature", "properties": { "osm_id": "218946028", "name": "Nottingham North Substation", "voltage": "132000;33000;11000", "operator": null, "owner": null }, "geometry": { "type": "Point", "coordinates": [ 455599.456750058277976, 342671.086650252051186 ] } },
{ "type": "Feature", "properties": { "osm_id": "117106941", "name": "Leicester Substation", "voltage": "132000;33000;11000", "operator": null, "owner": null }, "geometry": { "type": "Point", "coordinates": [ 458232.077059586183168, 303096.252185250283219 ] } },
{ "type": "Feature", "properties": { "osm_id": "117106941", "name": "Leicester Substation", "voltage": "132000;33000;11000", "operator": null, "owner": null }, "geometry": { "type": "Point", "coordinates": [ 458232.077059586183168, 303096.252185250283219 ] } },
{ "type": "Feature", "properties": { "osm_id": "472164401", "name": "Stoke Bardolph Substation", "voltage": "400000;132000", "operator": "National Grid;Western Power Distribution", "owner": null }, "geometry": { "type": "Point", "coordinates": [ 463891.839285000809468, 340708.387044000322931 ] } },
{ "type": "Feature", "properties": { "osm_id": "90125444", "name": "Melrosegate", "voltage": "132000", "operator": null, "owner": null }, "geometry": { "type": "Point", "coordinates": [ 461857.504934791533742, 451874.025389610673301 ] } },
{ "type": "Feature", "properties": { "osm_id": "90125444", "name": "Melrosegate", "voltage": "132000", "operator": null, "owner": null }, "geometry": { "type": "Point", "coordinates": [ 461857.504934791533742, 451874.025389610673301 ] } },
{ "type": "Feature", "properties": { "osm_id": "90125443", "name": "Osbaldwick Grid Substation", "voltage": "400000;132000", "operator": null, "owner": null }, "geometry": { "type": "Point", "coordinates": [ 464202.80613327777246, 451626.324438315466978 ] } },
{ "type": "Feature", "properties": { "osm_id": "32796576", "name": "Bramley Substation", "voltage": "400000;132000", "operator": "National Grid", "owner": null }, "geometry": { "type": "Point", "coordinates": [ 464375.548062455491163, 160092.931227565859444 ] } },
{ "type": "Feature", "properties": { "osm_id": "160580052", "name": "Drax", "voltage": "400000", "operator": "National Grid", "owner": null }, "geometry": { "type": "Point", "coordinates": [ 466560.240177437546663, 427118.650873059523292 ] } },
{ "type": "Feature", "properties": { "osm_id": "201039923", "name": "Drax", "voltage": "132000", "operator": null, "owner": null }, "geometry": { "type": "Point", "coordinates": [ 466560.380253885872662, 426703.441654038033448 ] } },
{ "type": "Feature", "properties": { "osm_id": "20851038", "name": "Lovedean Substation", "voltage": "400000;132000", "operator": null, "owner": null }, "geometry": { "type": "Point", "coordinates": [ 467588.942178606754169, 113504.746665834391024 ] } },
{ "type": "Feature", "properties": { "osm_id": "32648083", "name": "Havant BSP", "voltage": "132000;33000", "operator": "Scottish and Southern Electricity Networks", "owner": null }, "geometry": { "type": "Point", "coordinates": [ 470639.716312287549954, 105724.656775932642631 ] } },
{ "type": "Feature", "properties": { "osm_id": "254062373", "name": "Northampton Substation", "voltage": "132000;33000;11000", "operator": "National Grid Electricity Distribution", "owner": "National Grid Electricity Distribution (East Midlands) Plc" }, "geometry": { "type": "Point", "coordinates": [ 476509.177153312426526, 259615.57485483615892 ] } },
{ "type": "Feature", "properties": { "osm_id": "1468976756", "name": "West Burton Substation", "voltage": "400000", "operator": "NGET", "owner": null }, "geometry": { "type": "Point", "coordinates": [ 479346.272140788438264, 385367.136833880329505 ] } },
{ "type": "Feature", "properties": { "osm_id": "316450893", "name": "Bradwell Abbey Substation", "voltage": "132000", "operator": "National Grid Electricity Distribution Plc", "owner": "National Grid Electricity Distribution (East Midlands) Plc" }, "geometry": { "type": "Point", "coordinates": [ 482640.890701798954979, 239697.80150613625301 ] } },
{ "type": "Feature", "properties": { "osm_id": "245384930", "name": "Hazelwood Substation", "voltage": "33000", "operator": null, "owner": null }, "geometry": { "type": "Point", "coordinates": [ 487487.858672515372746, 288265.309826411772519 ] } },
{ "type": "Feature", "properties": { "osm_id": "222769707", "name": null, "voltage": "132000", "operator": "NEDL", "owner": null }, "geometry": { "type": "Point", "coordinates": [ 503361.409278266306501, 486629.821099661407061 ] } },
{ "type": "Feature", "properties": { "osm_id": "33917128", "name": "Creyke Beck Substation", "voltage": "400000", "operator": "YEDL", "owner": null }, "geometry": { "type": "Point", "coordinates": [ 504469.692853351705708, 434969.866934338118881 ] } },
{ "type": "Feature", "properties": { "osm_id": "160326131", "name": null, "voltage": "275000;132000", "operator": null, "owner": null }, "geometry": { "type": "Point", "coordinates": [ 505364.563301039801445, 162093.142013478529407 ] } },
{ "type": "Feature", "properties": { "osm_id": "152899256", "name": "Saltend North Substation", "voltage": "275000;132000", "operator": null, "owner": null }, "geometry": { "type": "Point", "coordinates": [ 516275.204000152298249, 428729.468590886797756 ] } },
{ "type": "Feature", "properties": { "osm_id": "376687500", "name": "Saltend North Substation", "voltage": "132000;33000", "operator": "Northen Power Grid", "owner": null }, "geometry": { "type": "Point", "coordinates": [ 516295.390996384900063, 428819.75963132432662 ] } },
{ "type": "Feature", "properties": { "osm_id": "190511290", "name": "Bicker Fen Substation", "voltage": "400000;132000", "operator": "National Grid Electricity Transmission", "owner": null }, "geometry": { "type": "Point", "coordinates": [ 519686.399593213223852, 338588.403271442162804 ] } },
{ "type": "Feature", "properties": { "osm_id": "49601061", "name": "Willesden Substation", "voltage": "400000;275000;132000;22000", "operator": "National Grid", "owner": null }, "geometry": { "type": "Point", "coordinates": [ 520958.532967092236504, 183113.957326876290608 ] } },
{ "type": "Feature", "properties": { "osm_id": "250962681", "name": null, "voltage": "132000", "operator": null, "owner": null }, "geometry": { "type": "Point", "coordinates": [ 521000.256268450291827, 184362.420934071880765 ] } },
{ "type": "Feature", "properties": { "osm_id": "49601061", "name": "Willesden Substation", "voltage": "400000;275000;132000;22000", "operator": "National Grid", "owner": null }, "geometry": { "type": "Point", "coordinates": [ 520958.532967092236504, 183113.957326876290608 ] } },
{ "type": "Feature", "properties": { "osm_id": "250962681", "name": null, "voltage": "132000", "operator": null, "owner": null }, "geometry": { "type": "Point", "coordinates": [ 521000.256268450291827, 184362.420934071880765 ] } },
{ "type": "Feature", "properties": { "osm_id": "49601061", "name": "Willesden Substation", "voltage": "400000;275000;132000;22000", "operator": "National Grid", "owner": null }, "geometry": { "type": "Point", "coordinates": [ 520958.532967092236504, 183113.957326876290608 ] } },
{ "type": "Feature", "properties": { "osm_id": "49601061", "name": "Willesden Substation", "voltage": "400000;275000;132000;22000", "operator": "National Grid", "owner": null }, "geometry": { "type": "Point", "coordinates": [ 520958.532967092236504, 183113.957326876290608 ] } },
{ "type": "Feature", "properties": { "osm_id": "91082448", "name": "Bolney Substation", "voltage": "400000;132000", "operator": null, "owner": null }, "geometry": { "type": "Point", "coordinates": [ 523991.712837098166347, 121009.196808684588177 ] } },
{ "type": "Feature", "properties": { "osm_id": "31015820", "name": "St John's Wood substation", "voltage": "400000;275000;132000;66000", "operator": "National Grid", "owner": null }, "geometry": { "type": "Point", "coordinates": [ 527022.480073507060297, 182535.387856890971307 ] } },
{ "type": "Feature", "properties": { "osm_id": "23132983", "name": "Tottenham Substation", "voltage": "275000", "operator": "National Grid", "owner": null }, "geometry": { "type": "Point", "coordinates": [ 535277.900959630380385, 191269.036366830929182 ] } },
{ "type": "Feature", "properties": { "osm_id": "447301159", "name": "City Road Substation", "voltage": "400000;132000;33000;11000", "operator": "National Grid PLC", "owner": null }, "geometry": { "type": "Point", "coordinates": [ 532176.844904829282314, 182994.71927707339637 ] } },
{ "type": "Feature", "properties": { "osm_id": "447301159", "name": "City Road Substation", "voltage": "400000;132000;33000;11000", "operator": "National Grid PLC", "owner": null }, "geometry": { "type": "Point", "coordinates": [ 532176.844904829282314, 182994.71927707339637 ] } },
{ "type": "Feature", "properties": { "osm_id": "371757485", "name": "Hackney Substation", "voltage": "400000;275000;132000;66000", "operator": "National Grid", "owner": null }, "geometry": { "type": "Point", "coordinates": [ 535774.168428541277535, 186287.657980957184918 ] } },
{ "type": "Feature", "properties": { "osm_id": "371757485", "name": "Hackney Substation", "voltage": "400000;275000;132000;66000", "operator": "National Grid", "owner": null }, "geometry": { "type": "Point", "coordinates": [ 535774.168428541277535, 186287.657980957184918 ] } },
{ "type": "Feature", "properties": { "osm_id": "23228362", "name": "West Ham Substation", "voltage": "400000;132000", "operator": "National Grid; UK Power Networks", "owner": null }, "geometry": { "type": "Point", "coordinates": [ 538945.638101882766932, 181953.536289012874477 ] } },
{ "type": "Feature", "properties": { "osm_id": "99938839", "name": "Lewes Grid", "voltage": "132000", "operator": null, "owner": null }, "geometry": { "type": "Point", "coordinates": [ 543675.558702589012682, 111730.712616490374785 ] } },
{ "type": "Feature", "properties": { "osm_id": "128355821", "name": "Bishop's Stortford Substation", "voltage": "132000;33000", "operator": null, "owner": null }, "geometry": { "type": "Point", "coordinates": [ 547526.51321380387526, 222139.828477168048266 ] } },
{ "type": "Feature", "properties": { "osm_id": "131820507", "name": "Skegness Substation", "voltage": "132000;33000", "operator": "National Grid Electricity Distribution Plc", "owner": "National Grid Electricity Distribution (East Midlands) Plc" }, "geometry": { "type": "Point", "coordinates": [ 551320.743628594093025, 362767.958726771292277 ] } },
{ "type": "Feature", "properties": { "osm_id": "131820507", "name": "Skegness Substation", "voltage": "132000;33000", "operator": "National Grid Electricity Distribution Plc", "owner": "National Grid Electricity Distribution (East Midlands) Plc" }, "geometry": { "type": "Point", "coordinates": [ 551320.743628594093025, 362767.958726771292277 ] } },
{ "type": "Feature", "properties": { "osm_id": "669394026", "name": "Little Cheyne Court Substation", "voltage": "132000", "operator": null, "owner": null }, "geometry": { "type": "Point", "coordinates": [ 598293.704371927655302, 121969.605478718091035 ] } },
{ "type": "Feature", "properties": { "osm_id": "1386143667", "name": "Bramford Substation", "voltage": "400000;132000", "operator": "National Grid", "owner": null }, "geometry": { "type": "Point", "coordinates": [ 609898.841314599383622, 245855.241835263033863 ] } },
{ "type": "Feature", "properties": { "osm_id": "690336297", "name": "East Anglia ONE Substation", "voltage": "400000;220000", "operator": null, "owner": null }, "geometry": { "type": "Point", "coordinates": [ 609575.893122174427845, 246138.347390600014478 ] } },
{ "type": "Feature", "properties": { "osm_id": "1386143667", "name": "Bramford Substation", "voltage": "400000;132000", "operator": "National Grid", "owner": null }, "geometry": { "type": "Point", "coordinates": [ 609898.841314599383622, 245855.241835263033863 ] } },
{ "type": "Feature", "properties": { "osm_id": "32227788", "name": "Norwich Main Substation", "voltage": "400000;132000", "operator": "EDF Energy Networks Ltd.", "owner": null }, "geometry": { "type": "Point", "coordinates": [ 621832.360451568616554, 302387.592262426682282 ] } },
{ "type": "Feature", "properties": { "osm_id": "264650882", "name": null, "voltage": "132000", "operator": null, "owner": null }, "geometry": { "type": "Point", "coordinates": [ 622071.827877549221739, 302540.546095272584353 ] } },
{ "type": "Feature", "properties": { "osm_id": "264650844", "name": "Sizewell B Substation", "voltage": "400000;132000", "operator": null, "owner": null }, "geometry": { "type": "Point", "coordinates": [ 647152.353793493006378, 263588.705102558073122 ] } },
{ "type": "Feature", "properties": { "osm_id": "1313029456", "name": "Leiston Substation", "voltage": "132000", "operator": null, "owner": null }, "geometry": { "type": "Point", "coordinates": [ 646828.775874311570078, 262796.842374745523557 ] } },
{ "type": "Feature", "properties": { "osm_id": "1313029459", "name": "NG Eastern SGT", "voltage": "400000;132000", "operator": null, "owner": null }, "geometry": { "type": "Point", "coordinates": [ 646892.917303920141421, 262834.953168385487515 ] } },
{ "type": "Feature", "properties": { "osm_id": "635744120", "name": "Rampion Wind Farm Onshore Substation", "voltage": "400000;150000", "operator": null, "owner": null }, "geometry": { "type": "Point", "coordinates": [ 524516.841232225415297, 120992.449398515280336 ] } },
{ "type": "Feature", "properties": { "osm_id": "304620092", "name": "Hunterston East Substation", "voltage": "400000", "operator": null, "owner": null }, "geometry": { "type": "Point", "coordinates": [ 218754.487550700141583, 651180.624803493730724 ] } },
{ "type": "Feature", "properties": { "osm_id": "315932916", "name": "Hunterston North Substation", "voltage": "400000;220000", "operator": "Scottish Power", "owner": null }, "geometry": { "type": "Point", "coordinates": [ 218856.754743556375615, 651330.911202298593707 ] } },
{ "type": "Feature", "properties": { "osm_id": "677513264", "name": "Crossaig Substation", "voltage": "220000;132000", "operator": null, "owner": null }, "geometry": { "type": "Point", "coordinates": [ 182778.864019812055631, 650250.188563565490767 ] } },
{ "type": "Feature", "properties": { "osm_id": "532708488", "name": "Hornsea Offshore Wind Farm Substation", "voltage": "400000;220000", "operator": null, "owner": null }, "geometry": { "type": "Point", "coordinates": [ 515036.620428839349188, 419374.901860145619139 ] } },
{ "type": "Feature", "properties": { "osm_id": "1271295345", "name": "Sellindge Substation", "voltage": "400000;132000;25000", "operator": "National Grid plc", "owner": null }, "geometry": { "type": "Point", "coordinates": [ 608168.694557231501676, 138249.269060671329498 ] } },
{ "type": "Feature", "properties": { "osm_id": "260300448", "name": "Mark Hill Substation", "voltage": "275000;132000", "operator": "SP Transmission", "owner": null }, "geometry": { "type": "Point", "coordinates": [ 223784.684325704351068, 586080.280833531287499 ] } },
{ "type": "Feature", "properties": { "osm_id": "676775628", "name": "Kilgallioch Wind Farm Substation", "voltage": "275000;33000", "operator": null, "owner": null }, "geometry": { "type": "Point", "coordinates": [ 223543.902637894731015, 576254.173064515227452 ] } },
{ "type": "Feature", "properties": { "osm_id": "166703758", "name": "Busby Substation", "voltage": "275000", "operator": null, "owner": null }, "geometry": { "type": "Point", "coordinates": [ 258192.176625202002469, 655758.454617968876846 ] } },
{ "type": "Feature", "properties": { "osm_id": "228000854", "name": "Giffnock Substation", "voltage": "275000;33000", "operator": "SP Transmission", "owner": null }, "geometry": { "type": "Point", "coordinates": [ 255936.020521753525827, 658541.079966521705501 ] } },
{ "type": "Feature", "properties": { "osm_id": "166703758", "name": "Busby Substation", "voltage": "275000", "operator": null, "owner": null }, "geometry": { "type": "Point", "coordinates": [ 258192.176625202002469, 655758.454617968876846 ] } },
{ "type": "Feature", "properties": { "osm_id": "228000854", "name": "Giffnock Substation", "voltage": "275000;33000", "operator": "SP Transmission", "owner": null }, "geometry": { "type": "Point", "coordinates": [ 255936.020521753525827, 658541.079966521705501 ] } },
{ "type": "Feature", "properties": { "osm_id": "102147592", "name": "Charlotte Street Substation", "voltage": "275000;33000", "operator": "SP Energy Networks", "owner": null }, "geometry": { "type": "Point", "coordinates": [ 259898.699961221340345, 664714.076130515197292 ] } },
{ "type": "Feature", "properties": { "osm_id": "119315557", "name": "Dalmarnock", "voltage": "275000;132000;33000", "operator": "SP Energy Networks", "owner": null }, "geometry": { "type": "Point", "coordinates": [ 262080.356130396190565, 662440.125323954271153 ] } },
{ "type": "Feature", "properties": { "osm_id": "308653819", "name": "East Kilbride South Substation", "voltage": "275000", "operator": null, "owner": null }, "geometry": { "type": "Point", "coordinates": [ 264286.949005591799505, 651842.84439860668499 ] } },
{ "type": "Feature", "properties": { "osm_id": "308802191", "name": "Whitelee Wind Farm Substation", "voltage": "275000", "operator": null, "owner": null }, "geometry": { "type": "Point", "coordinates": [ 263623.197435882524587, 646814.295644515193999 ] } },
{ "type": "Feature", "properties": { "osm_id": "820229174", "name": "Knocknagael Substation", "voltage": "275000;132000", "operator": "SSEN Transmission", "owner": null }, "geometry": { "type": "Point", "coordinates": [ 265241.063897590676788, 839074.527927256072871 ] } },
{ "type": "Feature", "properties": { "osm_id": "308724683", "name": "Coatbridge Substation", "voltage": "275000", "operator": "SP Energy Networks", "owner": null }, "geometry": { "type": "Point", "coordinates": [ 274061.562336030357983, 663833.4143783506006 ] } },
{ "type": "Feature", "properties": { "osm_id": "284874050", "name": "Elvanfoot Substation", "voltage": "400000;275000;25000", "operator": null, "owner": null }, "geometry": { "type": "Point", "coordinates": [ 294283.211699495383073, 617200.989578927052207 ] } },
{ "type": "Feature", "properties": { "osm_id": "335589232", "name": "Clyde Wind Farm North Substation", "voltage": "275000", "operator": null, "owner": null }, "geometry": { "type": "Point", "coordinates": [ 298695.704118803143501, 620206.685482320957817 ] } },
{ "type": "Feature", "properties": { "osm_id": "284874050", "name": "Elvanfoot Substation", "voltage": "400000;275000;25000", "operator": null, "owner": null }, "geometry": { "type": "Point", "coordinates": [ 294283.211699495383073, 617200.989578927052207 ] } },
{ "type": "Feature", "properties": { "osm_id": "472289073", "name": "Clyde Wind Farm South Substation", "voltage": "275000", "operator": null, "owner": null }, "geometry": { "type": "Point", "coordinates": [ 298205.766325630189385, 613476.259296276490204 ] } },
{ "type": "Feature", "properties": { "osm_id": "32075668", "name": "Sighthilll Substation", "voltage": "275000;33000", "operator": "SP Transmission", "owner": null }, "geometry": { "type": "Point", "coordinates": [ 318548.747085325652733, 671366.58570387691725 ] } },
{ "type": "Feature", "properties": { "osm_id": "40685663", "name": "Whitehouse", "voltage": "275000;33000", "operator": "SP Transmission", "owner": null }, "geometry": { "type": "Point", "coordinates": [ 325020.091335111297667, 671557.697014798293822 ] } },
{ "type": "Feature", "properties": { "osm_id": "123129049", "name": "Dewar Place Grid", "voltage": "275000;33000", "operator": "SP Energy Networks", "owner": null }, "geometry": { "type": "Point", "coordinates": [ 324509.108196467976086, 673318.37996866076719 ] } },
{ "type": "Feature", "properties": { "osm_id": "318288185", "name": "Whitehouse Grid", "voltage": null, "operator": "SP Energy Networks", "owner": null }, "geometry": { "type": "Point", "coordinates": [ 325049.984361009672284, 671563.728479073266499 ] } },
{ "type": "Feature", "properties": { "osm_id": "40685663", "name": "Whitehouse", "voltage": "275000;33000", "operator": "SP Transmission", "owner": null }, "geometry": { "type": "Point", "coordinates": [ 325020.091335111297667, 671557.697014798293822 ] } },
{ "type": "Feature", "properties": { "osm_id": "318288185", "name": "Whitehouse Grid", "voltage": null, "operator": "SP Energy Networks", "owner": null }, "geometry": { "type": "Point", "coordinates": [ 325049.984361009672284, 671563.728479073266499 ] } },
{ "type": "Feature", "properties": { "osm_id": "32342648", "name": "Portobello Substation", "voltage": "275000;33000;25000", "operator": "SP Energy Networks", "owner": null }, "geometry": { "type": "Point", "coordinates": [ 329882.18343909928808, 673934.734265460050665 ] } },
{ "type": "Feature", "properties": { "osm_id": "105304263", "name": "Shrubhill", "voltage": "275000;33000", "operator": "SP Energy Networks", "owner": null }, "geometry": { "type": "Point", "coordinates": [ 326126.491557837114669, 675340.91670237435028 ] } },
{ "type": "Feature", "properties": { "osm_id": "27163121", "name": "Kaimes Substation", "voltage": "275000", "operator": null, "owner": null }, "geometry": { "type": "Point", "coordinates": [ 327205.208573839161545, 667101.124411963392049 ] } },
{ "type": "Feature", "properties": { "osm_id": "153884024", "name": "Birkenhead Substation", "voltage": "275000;132000", "operator": "SP Energy Networks", "owner": null }, "geometry": { "type": "Point", "coordinates": [ 329443.250278013641946, 385966.467569936125074 ] } },
{ "type": "Feature", "properties": { "osm_id": "160800689", "name": null, "voltage": "132000", "operator": null, "owner": null }, "geometry": { "type": "Point", "coordinates": [ 338480.825137128995266, 391722.546141011698637 ] } },
{ "type": "Feature", "properties": { "osm_id": "160800690", "name": null, "voltage": "275000", "operator": null, "owner": null }, "geometry": { "type": "Point", "coordinates": [ 338675.843026655085851, 391707.307390251255129 ] } },
{ "type": "Feature", "properties": { "osm_id": "160800690", "name": null, "voltage": "275000", "operator": null, "owner": null }, "geometry": { "type": "Point", "coordinates": [ 338675.843026655085851, 391707.307390251255129 ] } },
{ "type": "Feature", "properties": { "osm_id": "8824342", "name": "Lister Drive Substation", "voltage": "275000;132000", "operator": "SP Energy Networks", "owner": "" }, "geometry": { "type": "Point", "coordinates": [ 338899.837805010611191, 391689.814390679355711 ] } },
{ "type": "Feature", "properties": { "osm_id": "160800690", "name": null, "voltage": "275000", "operator": null, "owner": null }, "geometry": { "type": "Point", "coordinates": [ 338675.843026655085851, 391707.307390251255129 ] } },
{ "type": "Feature", "properties": { "osm_id": "8824342", "name": "Lister Drive Substation", "voltage": "275000;132000", "operator": "SP Energy Networks", "owner": "" }, "geometry": { "type": "Point", "coordinates": [ 338899.837805010611191, 391689.814390679355711 ] } },
{ "type": "Feature", "properties": { "osm_id": "30930911", "name": "Kirkby Substation", "voltage": "275000;132000", "operator": "National Grid Electricity Transmission", "owner": null }, "geometry": { "type": "Point", "coordinates": [ 343790.889138326630928, 397267.292455548711587 ] } },
{ "type": "Feature", "properties": { "osm_id": "30930911", "name": "Kirkby Substation", "voltage": "275000;132000", "operator": "National Grid Electricity Transmission", "owner": null }, "geometry": { "type": "Point", "coordinates": [ 343790.889138326630928, 397267.292455548711587 ] } },
{ "type": "Feature", "properties": { "osm_id": "115277975", "name": "Keith Substation", "voltage": "275000;132000;33000", "operator": null, "owner": null }, "geometry": { "type": "Point", "coordinates": [ 343924.241197134891991, 850409.036721691605635 ] } },
{ "type": "Feature", "properties": { "osm_id": "166703766", "name": "Blackhillock Substation", "voltage": "400000;275000;132000", "operator": null, "owner": null }, "geometry": { "type": "Point", "coordinates": [ 343304.757129852136131, 848510.652236371999606 ] } },
{ "type": "Feature", "properties": { "osm_id": "31545125", "name": "Bustleholme Substation", "voltage": "400000;275000;132000", "operator": "National Grid", "owner": null }, "geometry": { "type": "Point", "coordinates": [ 402702.285955800965894, 295027.467498623998836 ] } },
{ "type": "Feature", "properties": { "osm_id": "94543520", "name": "Perry Barr Substation", "voltage": "275000;132000;11000", "operator": null, "owner": null }, "geometry": { "type": "Point", "coordinates": [ 407149.044042897759937, 292135.212474914616905 ] } },
{ "type": "Feature", "properties": { "osm_id": "23494515", "name": "Nechells East Transmission Substation", "voltage": "275000;132000", "operator": "National Grid Electricity Transmission", "owner": null }, "geometry": { "type": "Point", "coordinates": [ 410210.1440884086187, 289889.574463340104558 ] } },
{ "type": "Feature", "properties": { "osm_id": "25406607", "name": null, "voltage": null, "operator": null, "owner": null }, "geometry": { "type": "Point", "coordinates": [ 433294.92444124573376, 431322.296667199931107 ] } },
{ "type": "Feature", "properties": { "osm_id": "25492769", "name": "Kirkstall A", "voltage": "275000;132000", "operator": "National Grid Electricity Transmission", "owner": null }, "geometry": { "type": "Point", "coordinates": [ 426568.402052297547925, 434518.822745057288557 ] } },
{ "type": "Feature", "properties": { "osm_id": "10925187", "name": "Skelton Grange", "voltage": "275000", "operator": "National Grid", "owner": "" }, "geometry": { "type": "Point", "coordinates": [ 433294.92444124573376, 431322.296667199931107 ] } },
{ "type": "Feature", "properties": { "osm_id": "147475796", "name": "Templeborough Substation", "voltage": "275000;33000", "operator": null, "owner": null }, "geometry": { "type": "Point", "coordinates": [ 440888.371902104525361, 390771.666374319873285 ] } },
{ "type": "Feature", "properties": { "osm_id": "109730296", "name": "Lackenby Substation", "voltage": "400000;275000", "operator": null, "owner": null }, "geometry": { "type": "Point", "coordinates": [ 456257.584012987790629, 519403.248673139256425 ] } },
{ "type": "Feature", "properties": { "osm_id": "227495569", "name": "Grangetown Substation", "voltage": "275000;66000", "operator": null, "owner": null }, "geometry": { "type": "Point", "coordinates": [ 455114.805473654996604, 520931.066053964663297 ] } },
{ "type": "Feature", "properties": { "osm_id": "23232738", "name": "Iver Substation", "voltage": "400000;275000;132000;66000", "operator": "National Grid Electricity Transmission", "owner": null }, "geometry": { "type": "Point", "coordinates": [ 504254.007488042872865, 183788.616450609755702 ] } },
{ "type": "Feature", "properties": { "osm_id": "23232742", "name": "Iver Substation", "voltage": "132000", "operator": null, "owner": null }, "geometry": { "type": "Point", "coordinates": [ 504308.667953037540428, 183601.992345378035679 ] } },
{ "type": "Feature", "properties": { "osm_id": "225759632", "name": "North Hyde Substation", "voltage": "275000;66000", "operator": "National Grid", "owner": null }, "geometry": { "type": "Point", "coordinates": [ 510386.191676048561931, 179072.570946450403426 ] } },
{ "type": "Feature", "properties": { "osm_id": "23248656", "name": "Laleham Substation", "voltage": "275000;132000", "operator": "National Grid Electricity Transmission", "owner": null }, "geometry": { "type": "Point", "coordinates": [ 506457.063410004309844, 170551.00485879619373 ] } },
{ "type": "Feature", "properties": { "osm_id": "39679810", "name": "Ealing Substation", "voltage": "275000;66000;22000;11000", "operator": "National Grid Electricity Transmission", "owner": null }, "geometry": { "type": "Point", "coordinates": [ 518374.936431692971382, 179478.678954723116476 ] } },
{ "type": "Feature", "properties": { "osm_id": "39679810", "name": "Ealing Substation", "voltage": "275000;66000;22000;11000", "operator": "National Grid Electricity Transmission", "owner": null }, "geometry": { "type": "Point", "coordinates": [ 518374.936431692971382, 179478.678954723116476 ] } },
{ "type": "Feature", "properties": { "osm_id": "49601061", "name": "Willesden Substation", "voltage": "400000;275000;132000;22000", "operator": "National Grid", "owner": null }, "geometry": { "type": "Point", "coordinates": [ 520958.532967092236504, 183113.957326876290608 ] } },
{ "type": "Feature", "properties": { "osm_id": "4797228", "name": "Mill Hill Substation", "voltage": "275000;132000", "operator": "National Grid", "owner": null }, "geometry": { "type": "Point", "coordinates": [ 524084.388112794491462, 192522.92574816767592 ] } },
{ "type": "Feature", "properties": { "osm_id": "23132983", "name": "Tottenham Substation", "voltage": "275000", "operator": "National Grid", "owner": null }, "geometry": { "type": "Point", "coordinates": [ 535277.900959630380385, 191269.036366830929182 ] } },
{ "type": "Feature", "properties": { "osm_id": "31015820", "name": "St John's Wood substation", "voltage": "400000;275000;132000;66000", "operator": "National Grid", "owner": null }, "geometry": { "type": "Point", "coordinates": [ 527022.480073507060297, 182535.387856890971307 ] } },
{ "type": "Feature", "properties": { "osm_id": "227589012", "name": "Highbury Substation", "voltage": "400000;132000", "operator": "National Grid Electricity Transmission", "owner": null }, "geometry": { "type": "Point", "coordinates": [ 530865.509022744605318, 186421.110993048874661 ] } },
{ "type": "Feature", "properties": { "osm_id": "23299362", "name": "Beddington Substation", "voltage": "400000;275000;132000", "operator": null, "owner": null }, "geometry": { "type": "Point", "coordinates": [ 530429.152781771845184, 165462.378035101864953 ] } },
{ "type": "Feature", "properties": { "osm_id": "23299362", "name": "Beddington Substation", "voltage": "400000;275000;132000", "operator": null, "owner": null }, "geometry": { "type": "Point", "coordinates": [ 530429.152781771845184, 165462.378035101864953 ] } },
{ "type": "Feature", "properties": { "osm_id": "23299657", "name": "Rowdown Substation", "voltage": "400000", "operator": "National Grid", "owner": null }, "geometry": { "type": "Point", "coordinates": [ 539103.62712254060898, 163309.720719637989532 ] } },
{ "type": "Feature", "properties": { "osm_id": "32604320", "name": "Hurst Substation", "voltage": "400000;275000;132000", "operator": "National Grid Electricity Transmission", "owner": null }, "geometry": { "type": "Point", "coordinates": [ 549892.122579501476139, 172620.766462522558868 ] } },
{ "type": "Feature", "properties": { "osm_id": "495624573", "name": "Spittal Substation", "voltage": "275000;132000", "operator": null, "owner": null }, "geometry": { "type": "Point", "coordinates": [ 315448.430371497350279, 955435.264953278005123 ] } },
{ "type": "Feature", "properties": { "osm_id": "166703766", "name": "Blackhillock Substation", "voltage": "400000;275000;132000", "operator": null, "owner": null }, "geometry": { "type": "Point", "coordinates": [ 343304.757129852136131, 848510.652236371999606 ] } },
{ "type": "Feature", "properties": { "osm_id": "690326580", "name": "Beatrice Wind Farm Substation", "voltage": "400000;220000", "operator": null, "owner": null }, "geometry": { "type": "Point", "coordinates": [ 342891.317198146542069, 848605.359704116126522 ] } },
{ "type": "Feature", "properties": { "osm_id": "98899051", "name": "Pentir Substation", "voltage": "400000;132000", "operator": "National Grid", "owner": null }, "geometry": { "type": "Point", "coordinates": [ 255892.760541273630224, 367772.757860950776376 ] } },
{ "type": "Feature", "properties": { "osm_id": "1274396508", "name": "Connahs Quay GIS Substation", "voltage": "400000", "operator": "National Grid Electricity Transmission", "owner": null }, "geometry": { "type": "Point", "coordinates": [ 328387.790590825781692, 370837.294079715094995 ] } },
{ "type": "Feature", "properties": { "osm_id": "166703766", "name": "Blackhillock Substation", "voltage": "400000;275000;132000", "operator": null, "owner": null }, "geometry": { "type": "Point", "coordinates": [ 343304.757129852136131, 848510.652236371999606 ] } },
{ "type": "Feature", "properties": { "osm_id": "111550033", "name": "Torness Substation", "voltage": "400000", "operator": null, "owner": null }, "geometry": { "type": "Point", "coordinates": [ 374484.030974962690379, 674874.216668907552958 ] } },
{ "type": "Feature", "properties": { "osm_id": "111550033", "name": "Torness Substation", "voltage": "400000", "operator": null, "owner": null }, "geometry": { "type": "Point", "coordinates": [ 374484.030974962690379, 674874.216668907552958 ] } },
{ "type": "Feature", "properties": { "osm_id": "467813693", "name": null, "voltage": null, "operator": null, "owner": null }, "geometry": { "type": "Point", "coordinates": [ 447272.720236570574343, 102651.542260926216841 ] } },
{ "type": "Feature", "properties": { "osm_id": "467813696", "name": null, "voltage": null, "operator": null, "owner": null }, "geometry": { "type": "Point", "coordinates": [ 447337.498192789207678, 102567.700360445538536 ] } },
{ "type": "Feature", "properties": { "osm_id": "467813699", "name": null, "voltage": null, "operator": null, "owner": null }, "geometry": { "type": "Point", "coordinates": [ 447393.368140407837927, 102678.460597909986973 ] } },
{ "type": "Feature", "properties": { "osm_id": "9409219", "name": "Fawley Substation", "voltage": "400000", "operator": "National Grid", "owner": "" }, "geometry": { "type": "Point", "coordinates": [ 447390.260138990124688, 102682.699161111697322 ] } },
{ "type": "Feature", "properties": { "osm_id": "636630371", "name": "Chilling Lane Substation", "voltage": "400000", "operator": "National Grid", "owner": null }, "geometry": { "type": "Point", "coordinates": [ 450441.096275288262405, 104253.762542483542347 ] } },
{ "type": "Feature", "properties": { "osm_id": "109730296", "name": "Lackenby Substation", "voltage": "400000;275000", "operator": null, "owner": null }, "geometry": { "type": "Point", "coordinates": [ 456257.584012987790629, 519403.248673139256425 ] } },
{ "type": "Feature", "properties": { "osm_id": "33917128", "name": "Creyke Beck Substation", "voltage": "400000", "operator": "YEDL", "owner": null }, "geometry": { "type": "Point", "coordinates": [ 504469.692853351705708, 434969.866934338118881 ] } },
{ "type": "Feature", "properties": { "osm_id": "33917128", "name": "Creyke Beck Substation", "voltage": "400000", "operator": "YEDL", "owner": null }, "geometry": { "type": "Point", "coordinates": [ 504469.692853351705708, 434969.866934338118881 ] } },
{ "type": "Feature", "properties": { "osm_id": "4746208", "name": "Elstree Substation", "voltage": "400000;275000;132000", "operator": "National Grid Electricity Transmission", "owner": null }, "geometry": { "type": "Point", "coordinates": [ 514706.340339832822792, 197053.61278962349752 ] } },
{ "type": "Feature", "properties": { "osm_id": "31015820", "name": "St John's Wood substation", "voltage": "400000;275000;132000;66000", "operator": "National Grid", "owner": null }, "geometry": { "type": "Point", "coordinates": [ 527022.480073507060297, 182535.387856890971307 ] } },
{ "type": "Feature", "properties": { "osm_id": "1150420463", "name": "St Marylebone Substation", "voltage": "132000", "operator": "National Grid Electricity Transmission", "owner": null }, "geometry": { "type": "Point", "coordinates": [ 526794.021260720794089, 182312.386532243806869 ] } },
{ "type": "Feature", "properties": { "osm_id": "190511290", "name": "Bicker Fen Substation", "voltage": "400000;132000", "operator": "National Grid Electricity Transmission", "owner": null }, "geometry": { "type": "Point", "coordinates": [ 519686.399593213223852, 338588.403271442162804 ] } },
{ "type": "Feature", "properties": { "osm_id": "190511290", "name": "Bicker Fen Substation", "voltage": "400000;132000", "operator": "National Grid Electricity Transmission", "owner": null }, "geometry": { "type": "Point", "coordinates": [ 519686.399593213223852, 338588.403271442162804 ] } },
{ "type": "Feature", "properties": { "osm_id": "895564309", "name": "Triton Knoll Wind Farm Substation", "voltage": "400000;220000", "operator": null, "owner": null }, "geometry": { "type": "Point", "coordinates": [ 519269.160099185421132, 340078.68233699753182 ] } },
{ "type": "Feature", "properties": { "osm_id": "190511290", "name": "Bicker Fen Substation", "voltage": "400000;132000", "operator": "National Grid Electricity Transmission", "owner": null }, "geometry": { "type": "Point", "coordinates": [ 519686.399593213223852, 338588.403271442162804 ] } },
{ "type": "Feature", "properties": { "osm_id": "895564309", "name": "Triton Knoll Wind Farm Substation", "voltage": "400000;220000", "operator": null, "owner": null }, "geometry": { "type": "Point", "coordinates": [ 519269.160099185421132, 340078.68233699753182 ] } },
{ "type": "Feature", "properties": { "osm_id": "49601061", "name": "Willesden Substation", "voltage": "400000;275000;132000;22000", "operator": "National Grid", "owner": null }, "geometry": { "type": "Point", "coordinates": [ 520958.532967092236504, 183113.957326876290608 ] } },
{ "type": "Feature", "properties": { "osm_id": "31015820", "name": "St John's Wood substation", "voltage": "400000;275000;132000;66000", "operator": "National Grid", "owner": null }, "geometry": { "type": "Point", "coordinates": [ 527022.480073507060297, 182535.387856890971307 ] } },
{ "type": "Feature", "properties": { "osm_id": "1150420463", "name": "St Marylebone Substation", "voltage": "132000", "operator": "National Grid Electricity Transmission", "owner": null }, "geometry": { "type": "Point", "coordinates": [ 526794.021260720794089, 182312.386532243806869 ] } },
{ "type": "Feature", "properties": { "osm_id": "23299459", "name": "Wimbledon Substation", "voltage": "275000", "operator": "National Grid", "owner": null }, "geometry": { "type": "Point", "coordinates": [ 526042.048218426294625, 171757.094470171956345 ] } },
{ "type": "Feature", "properties": { "osm_id": "1120475588", "name": "Wimbledon Substation", "voltage": "400000", "operator": "National Grid", "owner": null }, "geometry": { "type": "Point", "coordinates": [ 525979.976463974453509, 171915.103383032430429 ] } },
{ "type": "Feature", "properties": { "osm_id": "227589012", "name": "Highbury Substation", "voltage": "400000;132000", "operator": "National Grid Electricity Transmission", "owner": null }, "geometry": { "type": "Point", "coordinates": [ 530865.509022744605318, 186421.110993048874661 ] } },
{ "type": "Feature", "properties": { "osm_id": "371757485", "name": "Hackney Substation", "voltage": "400000;275000;132000;66000", "operator": "National Grid", "owner": null }, "geometry": { "type": "Point", "coordinates": [ 535774.168428541277535, 186287.657980957184918 ] } },
{ "type": "Feature", "properties": { "osm_id": "447301159", "name": "City Road Substation", "voltage": "400000;132000;33000;11000", "operator": "National Grid PLC", "owner": null }, "geometry": { "type": "Point", "coordinates": [ 532176.844904829282314, 182994.71927707339637 ] } },
{ "type": "Feature", "properties": { "osm_id": "23299362", "name": "Beddington Substation", "voltage": "400000;275000;132000", "operator": null, "owner": null }, "geometry": { "type": "Point", "coordinates": [ 530429.152781771845184, 165462.378035101864953 ] } },
{ "type": "Feature", "properties": { "osm_id": "23299362", "name": "Beddington Substation", "voltage": "400000;275000;132000", "operator": null, "owner": null }, "geometry": { "type": "Point", "coordinates": [ 530429.152781771845184, 165462.378035101864953 ] } },
{ "type": "Feature", "properties": { "osm_id": "447301159", "name": "City Road Substation", "voltage": "400000;132000;33000;11000", "operator": "National Grid PLC", "owner": null }, "geometry": { "type": "Point", "coordinates": [ 532176.844904829282314, 182994.71927707339637 ] } },
{ "type": "Feature", "properties": { "osm_id": "32604320", "name": "Hurst Substation", "voltage": "400000;275000;132000", "operator": "National Grid Electricity Transmission", "owner": null }, "geometry": { "type": "Point", "coordinates": [ 549892.122579501476139, 172620.766462522558868 ] } },
{ "type": "Feature", "properties": { "osm_id": "38532487", "name": "Eltham Substation", "voltage": "132000", "operator": "National Grid", "owner": null }, "geometry": { "type": "Point", "coordinates": [ 544584.066628388594836, 175470.661541073641274 ] } },
{ "type": "Feature", "properties": { "osm_id": "448005308", "name": null, "voltage": "132000", "operator": null, "owner": null }, "geometry": { "type": "Point", "coordinates": [ 535623.070263401139528, 178144.287029590806924 ] } },
{ "type": "Feature", "properties": { "osm_id": "23228362", "name": "West Ham Substation", "voltage": "400000;132000", "operator": "National Grid; UK Power Networks", "owner": null }, "geometry": { "type": "Point", "coordinates": [ 538945.638101882766932, 181953.536289012874477 ] } },
{ "type": "Feature", "properties": { "osm_id": "371757485", "name": "Hackney Substation", "voltage": "400000;275000;132000;66000", "operator": "National Grid", "owner": null }, "geometry": { "type": "Point", "coordinates": [ 535774.168428541277535, 186287.657980957184918 ] } },
{ "type": "Feature", "properties": { "osm_id": "23299657", "name": "Rowdown Substation", "voltage": "400000", "operator": "National Grid", "owner": null }, "geometry": { "type": "Point", "coordinates": [ 539103.62712254060898, 163309.720719637989532 ] } },
{ "type": "Feature", "properties": { "osm_id": "23299657", "name": "Rowdown Substation", "voltage": "400000", "operator": "National Grid", "owner": null }, "geometry": { "type": "Point", "coordinates": [ 539103.62712254060898, 163309.720719637989532 ] } },
{ "type": "Feature", "properties": { "osm_id": "23228362", "name": "West Ham Substation", "voltage": "400000;132000", "operator": "National Grid; UK Power Networks", "owner": null }, "geometry": { "type": "Point", "coordinates": [ 538945.638101882766932, 181953.536289012874477 ] } }
]
}
